ets Jul 29 2019 12:21:46

rst:0x1 (POWERON_RESET),boot:0x13 (SPI_FAST_FLASH_BOOT)
configsip: 0, SPIWP:0xee
clk_drv:0x00,q_drv:0x00,d_drv:0x00,cs0_drv:0x00,hd_drv:0x00,wp_drv:0x00
mode:DIO, clock div:1
load:0x3fff0030,len:4888
load:0x40078000,len:16516
load:0x40080400,len:4
load:0x40080404,len:3476
entry 0x400805b4
==================================
POTHOLE DETECTION SYSTEM STARTED
CALIBRATING FOR 5 SECONDS...
Keep vehicle stationary or
drive on smooth road.
==================================
Calibrating... 16054.83
Calibrating... 605.12
Calibrating... 426.05
Calibrating... 385.66
Calibrating... 474.87
Calibrating... 67.65
Calibrating... 970.13
Calibrating... 747.18
Calibrating... 136.41
Calibrating... 464.02
Calibrating... 177.09
Calibrating... 763.42
Calibrating... 533.68
Calibrating... 131.21
Calibrating... 499.01
Calibrating... 286.55
Calibrating... 547.80
Calibrating... 509.31
Calibrating... 459.39
Calibrating... 255.69
Calibrating... 555.57
Calibrating... 591.70
Calibrating... 437.96
Calibrating... 621.20
Calibrating... 942.62
Calibrating... 290.21
Calibrating... 736.15
Calibrating... 369.58
Calibrating... 333.80
Calibrating... 597.34
Calibrating... 324.81
Calibrating... 1049.11
Calibrating... 364.88
Calibrating... 319.67
Calibrating... 632.73
Calibrating... 355.28
Calibrating... 668.32
Calibrating... 353.18
Calibrating... 346.80
Calibrating... 611.86
Calibrating... 363.56
Calibrating... 1039.30
Calibrating... 1035.95
Calibrating... 479.48
Calibrating... 526.44
Calibrating... 78.08
Calibrating... 580.28
Calibrating... 821.03
Calibrating... 791.76
Calibrating... 452.99
Calibrating... 698.47
Calibrating... 238.50
Calibrating... 690.61
Calibrating... 533.40
Calibrating... 264.36
Calibrating... 355.75
Calibrating... 782.54
Calibrating... 829.15
Calibrating... 691.50
Calibrating... 271.85
Calibrating... 393.16
Calibrating... 193.58
Calibrating... 390.30
Calibrating... 653.27
Calibrating... 593.27
Calibrating... 907.73
Calibrating... 680.65
Calibrating... 240.13
Calibrating... 306.36
Calibrating... 512.14
Calibrating... 575.19
Calibrating... 722.35
Calibrating... 650.03
Calibrating... 681.42
Calibrating... 802.18
Calibrating... 360.64
Calibrating... 790.19
Calibrating... 654.31
Calibrating... 644.51
Calibrating... 769.64
Calibrating... 749.02
Calibrating... 740.37
Calibrating... 276.58
Calibrating... 731.57
Calibrating... 520.60
Calibrating... 829.93
Calibrating... 684.57
Calibrating... 659.87
Calibrating... 501.10
Calibrating... 610.25
Calibrating... 711.56
Calibrating... 178.62
Calibrating... 642.71
Calibrating... 308.54
Calibrating... 546.44
Calibrating... 731.16
Calibrating... 254.81
Calibrating... 1087.48

==================================
CALIBRATION COMPLETE
Baseline: 702.13
POTHOLE THRESHOLD: 7702.13
==================================
5568,18.486957,73.818065,4.02,484.85,NORMAL
5671,18.486957,73.818065,4.02,95.11,NORMAL
5774,18.486957,73.818065,4.02,0.00,NORMAL
5877,18.486957,73.818065,4.02,10.78,NORMAL
5980,18.486957,73.818065,3.89,210.02,NORMAL
6082,18.486957,73.818065,3.89,74.29,NORMAL
6184,18.486957,73.818065,3.89,0.00,NORMAL
6285,18.486957,73.818065,3.89,0.00,NORMAL
6386,18.486957,73.818065,3.89,227.02,NORMAL
6489,18.486948,73.818062,3.89,75.45,NORMAL
6592,18.486948,73.818062,3.89,134.79,NORMAL
6695,18.486948,73.818062,3.89,0.00,NORMAL
6798,18.486948,73.818062,3.89,84.54,NORMAL
6901,18.486948,73.818062,3.89,200.37,NORMAL
7004,18.486948,73.818062,3.93,473.36,NORMAL
7105,18.486948,73.818062,3.93,229.66,NORMAL
7207,18.486948,73.818062,3.93,0.00,NORMAL
7308,18.486948,73.818062,3.93,164.73,NORMAL
7410,18.486948,73.818062,3.93,45.41,NORMAL
7513,18.486940,73.818062,3.93,62.11,NORMAL
7616,18.486940,73.818062,3.93,99.63,NORMAL
7719,18.486940,73.818062,3.93,92.00,NORMAL
7822,18.486940,73.818062,3.93,221.77,NORMAL
7925,18.486940,73.818062,3.69,26.47,NORMAL
8028,18.486940,73.818062,3.69,0.00,NORMAL
8129,18.486940,73.818062,3.69,0.00,NORMAL
8230,18.486940,73.818062,3.69,241.60,NORMAL
8331,18.486940,73.818062,3.69,335.19,NORMAL
8433,18.486940,73.818062,3.69,0.00,NORMAL
8536,18.486933,73.818060,3.69,0.00,NORMAL
8639,18.486933,73.818060,3.69,0.00,NORMAL
8742,18.486933,73.818060,3.69,0.00,NORMAL
8845,18.486933,73.818060,3.69,560.84,NORMAL
8948,18.486933,73.818060,3.19,822.42,NORMAL
9050,18.486933,73.818060,3.19,60.86,NORMAL
9152,18.486933,73.818060,3.19,594.64,NORMAL
9253,18.486933,73.818060,3.19,75.15,NORMAL
9354,18.486933,73.818060,3.19,940.51,NORMAL
9457,18.486932,73.818058,3.19,179.84,NORMAL
9560,18.486932,73.818058,3.19,0.00,NORMAL
9663,18.486932,73.818058,3.19,191.16,NORMAL
9766,18.486932,73.818058,3.19,0.00,NORMAL
9869,18.486932,73.818058,3.19,231.03,NORMAL
9972,18.486932,73.818058,2.91,0.00,NORMAL
10074,18.486932,73.818058,2.91,372.91,NORMAL
10175,18.486932,73.818058,2.91,942.49,NORMAL
10276,18.486932,73.818058,2.91,1822.81,NORMAL
10377,18.486932,73.818058,2.91,1086.89,NORMAL
10479,18.486932,73.818058,2.91,1579.74,NORMAL
10582,18.486927,73.818058,2.91,5345.78,NORMAL
10685,18.486927,73.818058,2.91,0.00,NORMAL
10788,18.486927,73.818058,2.91,0.00,NORMAL
10891,18.486927,73.818058,2.91,0.00,NORMAL
10994,18.486927,73.818058,1.91,0.00,NORMAL
11097,18.486927,73.818058,1.91,0.00,NORMAL
11198,18.486927,73.818058,1.91,569.24,NORMAL
11299,18.486927,73.818058,1.91,0.00,NORMAL
11400,18.486927,73.818058,1.91,231.95,NORMAL
11502,18.486927,73.818058,1.91,0.00,NORMAL
11606,18.486922,73.818030,1.91,0.00,NORMAL
11709,18.486922,73.818030,1.91,530.20,NORMAL
11812,18.486922,73.818030,1.91,0.00,NORMAL
11915,18.486922,73.818030,1.91,575.97,NORMAL
12018,18.486922,73.818030,0.89,793.37,NORMAL
12120,18.486922,73.818030,0.89,886.63,NORMAL
12222,18.486922,73.818030,0.89,836.45,NORMAL
12323,18.486922,73.818030,0.89,1223.18,NORMAL
12424,18.486922,73.818030,0.89,432.87,NORMAL
12528,18.486922,73.818028,0.89,994.91,NORMAL
12631,18.486922,73.818028,0.89,0.00,NORMAL
12734,18.486922,73.818028,0.89,1339.42,NORMAL
12837,18.486922,73.818028,0.89,3465.75,NORMAL
12940,18.486922,73.818028,0.81,2169.82,NORMAL
13043,18.486922,73.818028,0.81,0.00,NORMAL
13144,18.486922,73.818028,0.81,2266.09,NORMAL
13245,18.486922,73.818028,0.81,3720.37,NORMAL
13346,18.486922,73.818028,0.81,1027.72,NORMAL
13448,18.486925,73.818020,0.81,2333.31,NORMAL
13552,18.486925,73.818020,0.81,4420.25,NORMAL
13655,18.486925,73.818020,0.81,3853.76,NORMAL
13758,18.486925,73.818020,0.81,2379.06,NORMAL
13861,18.486925,73.818020,0.81,187.59,NORMAL
13964,18.486925,73.818020,2.89,2389.75,NORMAL
14066,18.486925,73.818020,2.89,3107.78,NORMAL
14167,18.486925,73.818020,2.89,1544.72,NORMAL
14268,18.486925,73.818020,2.89,1108.56,NORMAL
14369,18.486925,73.818020,2.89,2778.86,NORMAL
14472,18.486928,73.818010,2.89,2367.70,NORMAL
14575,18.486928,73.818010,2.89,0.00,NORMAL
14678,18.486928,73.818010,2.89,1636.16,NORMAL
14781,18.486928,73.818010,2.89,1691.77,NORMAL
14884,18.486928,73.818010,2.89,0.00,NORMAL
14987,18.486928,73.818010,4.07,3336.49,NORMAL
15089,18.486928,73.818010,4.07,654.05,NORMAL
15190,18.486928,73.818010,4.07,4689.40,NORMAL
15291,18.486928,73.818010,4.07,123.74,NORMAL
15392,18.486928,73.818010,4.07,3695.99,NORMAL
15496,18.486932,73.818002,4.07,2498.05,NORMAL
15599,18.486932,73.818002,4.07,4552.59,NORMAL
15702,18.486932,73.818002,4.07,6010.82,NORMAL
15805,18.486932,73.818002,4.07,2502.79,NORMAL
15908,18.486932,73.818002,4.07,58.22,NORMAL
16011,18.486932,73.818002,1.85,1434.82,NORMAL
16112,18.486932,73.818002,1.85,3532.86,NORMAL
16213,18.486932,73.818002,1.85,5281.63,NORMAL
16314,18.486932,73.818002,1.85,4519.05,NORMAL
16416,18.486932,73.818002,1.85,530.19,NORMAL
16519,18.486942,73.817992,1.85,2833.63,NORMAL
16622,18.486942,73.817992,1.85,4237.10,NORMAL
16725,18.486942,73.817992,1.85,5980.01,NORMAL
16828,18.486942,73.817992,1.85,6648.16,NORMAL
16931,18.486942,73.817992,3.06,6019.94,NORMAL

==============================
POTHOLE DETECTED,Count:1,Lat:18.486942,Lon:73.817992,Speed:3.06,Delta:7423.63
==============================
17044,18.486942,73.817992,3.06,7423.63,POTHOLE
17146,18.486942,73.817992,3.06,4744.66,NORMAL
17247,18.486942,73.817992,3.06,4523.97,NORMAL
17348,18.486942,73.817992,3.06,2182.09,NORMAL
17450,18.486942,73.817992,3.06,6082.67,NORMAL
17553,18.486980,73.817970,3.06,7710.30,NORMAL
17656,18.486980,73.817970,3.06,559.29,NORMAL
17759,18.486980,73.817970,3.06,6592.56,NORMAL
17862,18.486980,73.817970,3.06,4051.39,NORMAL
17965,18.486980,73.817970,4.20,3609.34,NORMAL
18068,18.486980,73.817970,4.20,5460.43,NORMAL
18169,18.486980,73.817970,4.20,1236.27,NORMAL
18270,18.486980,73.817970,4.20,5332.73,NORMAL
18371,18.486980,73.817970,4.20,2383.55,NORMAL
18473,18.486978,73.817948,4.20,3118.44,NORMAL
18577,18.486978,73.817948,4.20,3493.44,NORMAL
18680,18.486978,73.817948,4.20,3118.57,NORMAL
18783,18.486978,73.817948,4.20,3169.34,NORMAL
18886,18.486978,73.817948,4.20,0.00,NORMAL
18989,18.486978,73.817948,7.78,1693.75,NORMAL
19091,18.486978,73.817948,7.78,4600.92,NORMAL
19192,18.486978,73.817948,7.78,0.00,NORMAL

==============================
POTHOLE DETECTED,Count:2,Lat:18.486978,Lon:73.817948,Speed:7.78,Delta:9030.07
==============================
19303,18.486978,73.817948,7.78,9030.07,POTHOLE
19405,18.486978,73.817948,7.78,3831.18,NORMAL
19509,18.486995,73.817933,7.78,4437.90,NORMAL
19612,18.486995,73.817933,7.78,2602.41,NORMAL
19715,18.486995,73.817933,7.78,5145.45,NORMAL
19818,18.486995,73.817933,7.78,857.32,NORMAL
19921,18.486995,73.817933,8.72,0.00,NORMAL
20024,18.486995,73.817933,8.72,779.62,NORMAL
20125,18.486995,73.817933,8.72,4327.38,NORMAL
20226,18.486995,73.817933,8.72,2143.42,NORMAL
20327,18.486995,73.817933,8.72,1605.04,NORMAL
20428,18.486995,73.817933,8.72,2895.34,NORMAL
20532,18.487000,73.817910,8.72,5445.21,NORMAL
20635,18.487000,73.817910,8.72,162.84,NORMAL
20738,18.487000,73.817910,8.72,2926.10,NORMAL
20841,18.487000,73.817910,8.72,756.38,NORMAL
20944,18.487000,73.817910,10.98,6514.03,NORMAL

==============================
POTHOLE DETECTED,Count:3,Lat:18.487000,Lon:73.817910,Speed:10.98,Delta:7861.53
==============================
21057,18.487000,73.817910,10.98,7861.53,POTHOLE
21159,18.487000,73.817910,10.98,6652.90,NORMAL
21260,18.487000,73.817910,10.98,1981.37,NORMAL
21361,18.487000,73.817910,10.98,4246.45,NORMAL
21464,18.487002,73.817878,10.98,637.74,NORMAL
21567,18.487002,73.817878,10.98,7429.53,NORMAL
21670,18.487002,73.817878,10.98,1177.21,NORMAL
21773,18.487002,73.817878,10.98,3042.83,NORMAL
21876,18.487002,73.817878,10.98,2070.41,NORMAL
21979,18.487002,73.817878,13.00,2592.80,NORMAL
22081,18.487002,73.817878,13.00,2060.04,NORMAL
22182,18.487002,73.817878,13.00,1046.04,NORMAL
22283,18.487002,73.817878,13.00,0.00,NORMAL
22384,18.487002,73.817878,13.00,1703.02,NORMAL
22487,18.487008,73.817847,13.00,276.13,NORMAL
22590,18.487008,73.817847,13.00,738.56,NORMAL
22693,18.487008,73.817847,13.00,4365.20,NORMAL
22796,18.487008,73.817847,13.00,3094.92,NORMAL
22899,18.487008,73.817847,13.00,2098.31,NORMAL
23002,18.487008,73.817847,13.17,2418.12,NORMAL
23104,18.487008,73.817847,13.17,1883.98,NORMAL
23205,18.487008,73.817847,13.17,3032.37,NORMAL
23306,18.487008,73.817847,13.17,2715.67,NORMAL
23407,18.487008,73.817847,13.17,1329.66,NORMAL

==============================
POTHOLE DETECTED,Count:4,Lat:18.487007,Lon:73.817808,Speed:13.17,Delta:8472.53
==============================
23520,18.487007,73.817808,13.17,8472.53,POTHOLE
23624,18.487007,73.817808,13.17,4549.03,NORMAL
23727,18.487007,73.817808,13.17,975.74,NORMAL
23830,18.487007,73.817808,13.17,1970.06,NORMAL
23933,18.487007,73.817808,13.17,5446.22,NORMAL
24036,18.487007,73.817808,15.83,5168.41,NORMAL
24137,18.487007,73.817808,15.83,341.25,NORMAL
24239,18.487007,73.817808,15.83,4427.03,NORMAL
24340,18.487007,73.817808,15.83,1610.34,NORMAL
24442,18.487007,73.817808,15.83,1179.78,NORMAL
24545,18.487003,73.817767,15.83,1912.61,NORMAL
24648,18.487003,73.817767,15.83,5755.47,NORMAL
24751,18.487003,73.817767,15.83,2437.78,NORMAL
24854,18.487003,73.817767,15.83,2538.88,NORMAL
24957,18.487003,73.817767,15.78,5313.66,NORMAL
25060,18.487003,73.817767,15.78,3612.99,NORMAL
25161,18.487003,73.817767,15.78,2263.63,NORMAL
25262,18.487003,73.817767,15.78,1389.92,NORMAL
25363,18.487003,73.817767,15.78,3634.00,NORMAL
25465,18.487000,73.817728,15.78,1385.32,NORMAL
25569,18.487000,73.817728,15.78,3892.02,NORMAL
25672,18.487000,73.817728,15.78,396.76,NORMAL

==============================
POTHOLE DETECTED,Count:5,Lat:18.487000,Lon:73.817728,Speed:15.78,Delta:8257.75
==============================
25785,18.487000,73.817728,15.78,8257.75,POTHOLE
25889,18.487000,73.817728,15.78,9392.40,NORMAL
25992,18.487000,73.817728,13.89,10639.78,NORMAL
26094,18.487000,73.817728,13.89,8343.59,NORMAL
26195,18.487000,73.817728,13.89,4736.17,NORMAL
26296,18.487000,73.817728,13.89,3384.67,NORMAL
26397,18.487000,73.817728,13.89,4274.11,NORMAL
26500,18.486993,73.817687,13.89,8421.25,NORMAL
26603,18.486993,73.817687,13.89,7524.47,NORMAL
26706,18.486993,73.817687,13.89,4073.07,NORMAL
26809,18.486993,73.817687,13.89,3078.84,NORMAL
26912,18.486993,73.817687,13.89,5837.32,NORMAL
27015,18.486993,73.817687,16.50,1980.46,NORMAL
27117,18.486993,73.817687,16.50,9663.43,NORMAL
27218,18.486993,73.817687,16.50,3772.96,NORMAL
27319,18.486993,73.817687,16.50,561.47,NORMAL
27420,18.486993,73.817687,16.50,3447.63,NORMAL
27524,18.486983,73.817655,16.50,2295.49,NORMAL
27627,18.486983,73.817655,16.50,6935.23,NORMAL
27730,18.486983,73.817655,16.50,2275.05,NORMAL
27833,18.486983,73.817655,16.50,0.00,NORMAL
27936,18.486983,73.817655,16.50,4055.58,NORMAL
28039,18.486983,73.817655,13.20,1321.96,NORMAL
28140,18.486983,73.817655,13.20,1577.33,NORMAL
28241,18.486983,73.817655,13.20,2484.55,NORMAL
28342,18.486983,73.817655,13.20,2762.26,NORMAL
28444,18.486983,73.817655,13.20,0.00,NORMAL
28547,18.486973,73.817618,13.20,6099.59,NORMAL
28650,18.486973,73.817618,13.20,4222.89,NORMAL
28753,18.486973,73.817618,13.20,2580.26,NORMAL
28856,18.486973,73.817618,13.20,3138.58,NORMAL
28959,18.486973,73.817618,15.59,5575.12,NORMAL
29062,18.486973,73.817618,15.59,2598.76,NORMAL
29163,18.486973,73.817618,15.59,2295.26,NORMAL
29264,18.486973,73.817618,15.59,2306.73,NORMAL
29365,18.486973,73.817618,15.59,714.04,NORMAL
29467,18.486973,73.817618,15.59,842.86,NORMAL
29570,18.486980,73.817577,15.59,320.09,NORMAL
29673,18.486980,73.817577,15.59,4232.07,NORMAL
29776,18.486980,73.817577,15.59,5699.46,NORMAL
29879,18.486980,73.817577,15.59,3724.65,NORMAL
29982,18.486980,73.817577,18.43,3702.68,NORMAL
30085,18.486980,73.817577,18.43,718.01,NORMAL
30186,18.486980,73.817577,18.43,4667.94,NORMAL
30287,18.486980,73.817577,18.43,2019.21,NORMAL
30388,18.486980,73.817577,18.43,576.62,NORMAL
30490,18.486980,73.817577,18.43,3626.88,NORMAL
30593,18.486982,73.817555,18.43,745.68,NORMAL
30696,18.486982,73.817555,18.43,5685.71,NORMAL
30799,18.486982,73.817555,18.43,5699.27,NORMAL
30902,18.486982,73.817555,18.43,5071.55,NORMAL
31005,18.486982,73.817555,14.98,2760.48,NORMAL
31108,18.486982,73.817555,14.98,2956.68,NORMAL
31209,18.486982,73.817555,14.98,5020.10,NORMAL
31310,18.486982,73.817555,14.98,4214.03,NORMAL
31412,18.486982,73.817555,14.98,2024.55,NORMAL
31515,18.486973,73.817513,14.98,1473.84,NORMAL
31618,18.486973,73.817513,14.98,3173.48,NORMAL
31721,18.486973,73.817513,14.98,6247.61,NORMAL
31824,18.486973,73.817513,14.98,5509.07,NORMAL
31927,18.486973,73.817513,17.71,122.84,NORMAL
32030,18.486973,73.817513,17.71,2376.46,NORMAL
32131,18.486973,73.817513,17.71,457.82,NORMAL
32232,18.486973,73.817513,17.71,939.46,NORMAL
32333,18.486973,73.817513,17.71,0.00,NORMAL
32435,18.486973,73.817513,17.71,3285.49,NORMAL
32538,18.486968,73.817477,17.71,5701.97,NORMAL
32641,18.486968,73.817477,17.71,3911.32,NORMAL
32744,18.486968,73.817477,17.71,1879.05,NORMAL
32847,18.486968,73.817477,17.71,4391.20,NORMAL
32950,18.486968,73.817477,13.72,5232.08,NORMAL
33053,18.486968,73.817477,13.72,6807.50,NORMAL
33154,18.486968,73.817477,13.72,3335.71,NORMAL
33255,18.486968,73.817477,13.72,6257.55,NORMAL
33356,18.486968,73.817477,13.72,568.59,NORMAL
33459,18.486960,73.817438,13.72,1575.36,NORMAL
33562,18.486960,73.817438,13.72,3022.18,NORMAL
33665,18.486960,73.817438,13.72,2831.06,NORMAL
33768,18.486960,73.817438,13.72,4987.92,NORMAL
33871,18.486960,73.817438,13.72,5379.72,NORMAL
33974,18.486960,73.817438,17.63,2797.83,NORMAL
34076,18.486960,73.817438,17.63,621.99,NORMAL
34177,18.486960,73.817438,17.63,5170.52,NORMAL
34278,18.486960,73.817438,17.63,3016.23,NORMAL
34379,18.486960,73.817438,17.63,2887.13,NORMAL
34482,18.486952,73.817387,17.63,1777.39,NORMAL
34585,18.486952,73.817387,17.63,5446.16,NORMAL
34688,18.486952,73.817387,17.63,0.00,NORMAL
34791,18.486952,73.817387,17.63,3020.86,NORMAL
34894,18.486952,73.817387,17.63,3212.25,NORMAL
34997,18.486952,73.817387,18.22,4610.13,NORMAL
35099,18.486952,73.817387,18.22,4099.56,NORMAL
35200,18.486952,73.817387,18.22,1284.66,NORMAL

==============================
POTHOLE DETECTED,Count:6,Lat:18.486952,Lon:73.817387,Speed:18.22,Delta:7251.72
==============================
35311,18.486952,73.817387,18.22,7251.72,POTHOLE
35413,18.486952,73.817387,18.22,5191.45,NORMAL
35517,18.486945,73.817337,18.22,1261.76,NORMAL
35620,18.486945,73.817337,18.22,2349.89,NORMAL
35723,18.486945,73.817337,18.22,582.03,NORMAL
35826,18.486945,73.817337,18.22,1917.71,NORMAL
35929,18.486945,73.817337,18.22,1946.16,NORMAL
36032,18.486945,73.817337,17.58,1314.94,NORMAL
36133,18.486945,73.817337,17.58,6304.86,NORMAL
36235,18.486945,73.817337,17.58,3135.56,NORMAL
36336,18.486945,73.817337,17.58,903.12,NORMAL
36438,18.486945,73.817337,17.58,2292.27,NORMAL
36541,18.486935,73.817280,17.58,2528.78,NORMAL
36644,18.486935,73.817280,17.58,2810.39,NORMAL
36747,18.486935,73.817280,17.58,3099.75,NORMAL
36850,18.486935,73.817280,17.58,812.75,NORMAL
36953,18.486935,73.817280,20.04,2287.82,NORMAL
37056,18.486935,73.817280,20.04,5005.47,NORMAL
37157,18.486935,73.817280,20.04,986.81,NORMAL

==============================
POTHOLE DETECTED,Count:7,Lat:18.486935,Lon:73.817280,Speed:20.04,Delta:8940.70
==============================
37268,18.486935,73.817280,20.04,8940.70,POTHOLE
37370,18.486935,73.817280,20.04,4128.11,NORMAL
37472,18.486925,73.817237,20.04,3775.96,NORMAL
37576,18.486925,73.817237,20.04,5436.98,NORMAL
37679,18.486925,73.817237,20.04,7210.09,NORMAL
37782,18.486925,73.817237,20.04,8086.61,NORMAL
37885,18.486925,73.817237,20.04,6486.73,NORMAL
37988,18.486925,73.817237,16.72,5385.38,NORMAL
38090,18.486925,73.817237,16.72,4302.14,NORMAL
38192,18.486925,73.817237,16.72,3697.72,NORMAL
38293,18.486925,73.817237,16.72,5498.03,NORMAL
38394,18.486925,73.817237,16.72,5334.66,NORMAL
38497,18.486913,73.817195,16.72,8094.73,NORMAL
38600,18.486913,73.817195,16.72,6248.01,NORMAL
38703,18.486913,73.817195,16.72,6494.26,NORMAL
38806,18.486913,73.817195,16.72,3795.08,NORMAL
38909,18.486913,73.817195,16.72,4512.46,NORMAL
39012,18.486913,73.817195,17.45,5939.83,NORMAL
39114,18.486913,73.817195,17.45,2466.01,NORMAL
39215,18.486913,73.817195,17.45,1893.34,NORMAL
39316,18.486913,73.817195,17.45,5648.73,NORMAL
39417,18.486913,73.817195,17.45,2068.99,NORMAL
39521,18.486903,73.817153,17.45,3405.09,NORMAL

==============================
POTHOLE DETECTED,Count:8,Lat:18.486903,Lon:73.817153,Speed:17.45,Delta:7318.50
==============================
39634,18.486903,73.817153,17.45,7318.50,POTHOLE
39738,18.486903,73.817153,17.45,1329.15,NORMAL
39841,18.486903,73.817153,17.45,1991.37,NORMAL
39944,18.486903,73.817153,17.80,6504.18,NORMAL
40047,18.486903,73.817153,17.80,4830.46,NORMAL
40148,18.486903,73.817153,17.80,1206.05,NORMAL
40249,18.486903,73.817153,17.80,2346.93,NORMAL
40350,18.486903,73.817153,17.80,4371.61,NORMAL
40452,18.486903,73.817153,17.80,3517.81,NORMAL
40555,18.486895,73.817110,17.80,1011.26,NORMAL
40658,18.486895,73.817110,17.80,315.29,NORMAL
40761,18.486895,73.817110,17.80,2536.53,NORMAL
40864,18.486895,73.817110,17.80,44.44,NORMAL
40967,18.486895,73.817110,17.35,2015.84,NORMAL
41070,18.486895,73.817110,17.35,4810.75,NORMAL
41171,18.486895,73.817110,17.35,85.33,NORMAL
41272,18.486895,73.817110,17.35,1783.01,NORMAL
41373,18.486895,73.817110,17.35,495.80,NORMAL
41474,18.486895,73.817110,17.35,3390.00,NORMAL
41578,18.486888,73.817060,17.35,714.17,NORMAL
41681,18.486888,73.817060,17.35,4499.25,NORMAL
41784,18.486888,73.817060,17.35,1307.56,NORMAL
41887,18.486888,73.817060,17.35,3920.78,NORMAL

==============================
POTHOLE DETECTED,Count:9,Lat:18.486888,Lon:73.817060,Speed:17.35,Delta:8241.90
==============================
42000,18.486888,73.817060,17.35,8241.90,POTHOLE
42104,18.486888,73.817060,20.39,2617.54,NORMAL
42205,18.486888,73.817060,20.39,5940.36,NORMAL
42306,18.486888,73.817060,20.39,7322.65,NORMAL
42407,18.486888,73.817060,20.39,1218.91,NORMAL
42509,18.486888,73.817060,20.39,4816.37,NORMAL
42612,18.486883,73.817015,20.39,1953.27,NORMAL
42715,18.486883,73.817015,20.39,2096.98,NORMAL
42818,18.486883,73.817015,20.39,1271.81,NORMAL
42921,18.486883,73.817015,20.39,2245.50,NORMAL
43024,18.486883,73.817015,19.19,5618.05,NORMAL
43127,18.486883,73.817015,19.19,1736.68,NORMAL
43228,18.486883,73.817015,19.19,6001.00,NORMAL
43329,18.486883,73.817015,19.19,1185.72,NORMAL
43431,18.486883,73.817015,19.19,751.63,NORMAL
43534,18.486877,73.816978,19.19,3019.69,NORMAL
43637,18.486877,73.816978,19.19,490.49,NORMAL
43740,18.486877,73.816978,19.19,5190.54,NORMAL
43843,18.486877,73.816978,19.19,1973.87,NORMAL
43946,18.486877,73.816978,17.63,2654.47,NORMAL
44049,18.486877,73.816978,17.63,1232.35,NORMAL
44150,18.486877,73.816978,17.63,6530.29,NORMAL
44251,18.486877,73.816978,17.63,3170.80,NORMAL
44352,18.486877,73.816978,17.63,4056.36,NORMAL
44454,18.486877,73.816978,17.63,1801.33,NORMAL
44557,18.486895,73.816913,17.63,2521.50,NORMAL
44660,18.486895,73.816913,17.63,800.78,NORMAL
44763,18.486895,73.816913,17.63,1301.79,NORMAL
44866,18.486895,73.816913,17.63,6486.99,NORMAL
44969,18.486895,73.816913,17.58,1284.58,NORMAL
45072,18.486895,73.816913,17.58,1335.68,NORMAL
45173,18.486895,73.816913,17.58,327.06,NORMAL
45274,18.486895,73.816913,17.58,1300.56,NORMAL
45375,18.486895,73.816913,17.58,1925.97,NORMAL
45478,18.486903,73.816870,17.58,1404.70,NORMAL
45581,18.486903,73.816870,17.58,1637.24,NORMAL
45684,18.486903,73.816870,17.58,1886.67,NORMAL
45787,18.486903,73.816870,17.58,3579.70,NORMAL
45890,18.486903,73.816870,17.58,1811.00,NORMAL
45993,18.486903,73.816870,16.59,5211.18,NORMAL
46095,18.486903,73.816870,16.59,1888.51,NORMAL
46196,18.486903,73.816870,16.59,5425.15,NORMAL

==============================
POTHOLE DETECTED,Count:10,Lat:18.486903,Lon:73.816870,Speed:16.59,Delta:11015.48
==============================
46307,18.486903,73.816870,16.59,11015.48,POTHOLE
46409,18.486903,73.816870,16.59,11319.74,NORMAL
46512,18.486902,73.816812,16.59,6097.40,NORMAL
46615,18.486902,73.816812,16.59,2730.58,NORMAL
46718,18.486902,73.816812,16.59,7357.15,NORMAL
46821,18.486902,73.816812,16.59,4020.62,NORMAL
46924,18.486902,73.816812,16.59,6963.14,NORMAL
47027,18.486902,73.816812,21.63,7120.36,NORMAL
47128,18.486902,73.816812,21.63,5060.20,NORMAL
47230,18.486902,73.816812,21.63,7830.12,NORMAL
47331,18.486902,73.816812,21.63,3828.80,NORMAL
47433,18.486902,73.816812,21.63,7134.15,NORMAL
47536,18.486892,73.816750,21.63,4570.42,NORMAL
47639,18.486892,73.816750,21.63,3997.22,NORMAL
47742,18.486892,73.816750,21.63,4833.31,NORMAL
47845,18.486892,73.816750,21.63,3398.72,NORMAL
47948,18.486892,73.816750,25.22,2675.83,NORMAL
48051,18.486892,73.816750,25.22,5041.63,NORMAL
48152,18.486892,73.816750,25.22,4827.51,NORMAL
48253,18.486892,73.816750,25.22,4587.00,NORMAL

==============================
POTHOLE DETECTED,Count:11,Lat:18.486892,Lon:73.816750,Speed:25.22,Delta:7069.42
==============================
48364,18.486892,73.816750,25.22,7069.42,POTHOLE
48468,18.486872,73.816675,25.22,5357.92,NORMAL
48571,18.486872,73.816675,25.22,3040.51,NORMAL
48674,18.486872,73.816675,25.22,615.86,NORMAL
48777,18.486872,73.816675,25.22,1380.18,NORMAL
48880,18.486872,73.816675,25.22,5270.40,NORMAL
48983,18.486872,73.816675,24.67,31.63,NORMAL
49085,18.486872,73.816675,24.67,1294.25,NORMAL
49186,18.486872,73.816675,24.67,4268.27,NORMAL
49287,18.486872,73.816675,24.67,4958.18,NORMAL
49388,18.486872,73.816675,24.67,8164.78,NORMAL
49490,18.486888,73.816570,24.67,1882.75,NORMAL
49594,18.486888,73.816570,24.67,1193.36,NORMAL
49697,18.486888,73.816570,24.67,3415.83,NORMAL
49800,18.486888,73.816570,24.67,3190.99,NORMAL
49903,18.486888,73.816570,24.67,4617.83,NORMAL
50006,18.486888,73.816570,25.06,3816.57,NORMAL
50108,18.486888,73.816570,25.06,1769.65,NORMAL
50210,18.486888,73.816570,25.06,2189.10,NORMAL
50311,18.486888,73.816570,25.06,4550.03,NORMAL
50413,18.486888,73.816570,25.06,6584.92,NORMAL
50516,18.486878,73.816505,25.06,3215.67,NORMAL
50619,18.486878,73.816505,25.06,5701.38,NORMAL
50722,18.486878,73.816505,25.06,2434.36,NORMAL
50825,18.486878,73.816505,25.06,2813.44,NORMAL
50928,18.486878,73.816505,24.59,11.73,NORMAL
51030,18.486878,73.816505,24.59,2150.19,NORMAL
51132,18.486878,73.816505,24.59,5783.51,NORMAL

==============================
POTHOLE DETECTED,Count:12,Lat:18.486878,Lon:73.816505,Speed:24.59,Delta:7641.15
==============================
51243,18.486878,73.816505,24.59,7641.15,POTHOLE
51345,18.486878,73.816505,24.59,12306.10,NORMAL
51448,18.486870,73.816447,24.59,5096.78,NORMAL
51551,18.486870,73.816447,24.59,8863.53,NORMAL
51654,18.486870,73.816447,24.59,8979.36,NORMAL
51757,18.486870,73.816447,24.59,4340.74,NORMAL
51860,18.486870,73.816447,24.59,4331.12,NORMAL
51963,18.486870,73.816447,21.74,8961.27,NORMAL
52065,18.486870,73.816447,21.74,8457.72,NORMAL
52166,18.486870,73.816447,21.74,3215.98,NORMAL
52267,18.486870,73.816447,21.74,7107.44,NORMAL
52368,18.486870,73.816447,21.74,9750.55,NORMAL
52470,18.486848,73.816362,21.74,7917.13,NORMAL
52574,18.486848,73.816362,21.74,7455.91,NORMAL
52677,18.486848,73.816362,21.74,3434.54,NORMAL
52780,18.486848,73.816362,21.74,2605.90,NORMAL
52883,18.486848,73.816362,21.74,4174.38,NORMAL
52986,18.486848,73.816362,17.82,1661.40,NORMAL
53088,18.486848,73.816362,17.82,3894.69,NORMAL
53189,18.486848,73.816362,17.82,3823.66,NORMAL
53290,18.486848,73.816362,17.82,4595.51,NORMAL
53391,18.486848,73.816362,17.82,2276.24,NORMAL
53494,18.486837,73.816302,17.82,4838.39,NORMAL
53597,18.486837,73.816302,17.82,0.00,NORMAL
53700,18.486837,73.816302,17.82,1062.46,NORMAL
53803,18.486837,73.816302,17.82,935.86,NORMAL
53906,18.486837,73.816302,17.82,688.47,NORMAL
54009,18.486837,73.816302,23.04,6435.15,NORMAL
54110,18.486837,73.816302,23.04,400.87,NORMAL
54212,18.486837,73.816302,23.04,2527.98,NORMAL
54313,18.486837,73.816302,23.04,311.23,NORMAL
54415,18.486837,73.816302,23.04,440.93,NORMAL
54518,18.486833,73.816247,23.04,705.76,NORMAL
54621,18.486833,73.816247,23.04,629.90,NORMAL
54724,18.486833,73.816247,23.04,118.49,NORMAL
54827,18.486833,73.816247,23.04,1636.29,NORMAL
54930,18.486833,73.816247,21.21,3686.47,NORMAL
55033,18.486833,73.816247,21.21,438.76,NORMAL
55134,18.486833,73.816247,21.21,3054.72,NORMAL
55235,18.486833,73.816247,21.21,2639.99,NORMAL
55336,18.486833,73.816247,21.21,3098.77,NORMAL
55438,18.486833,73.816247,21.21,1304.95,NORMAL
55541,18.486828,73.816195,21.21,2048.09,NORMAL
55644,18.486828,73.816195,21.21,5126.97,NORMAL

==============================
POTHOLE DETECTED,Count:13,Lat:18.486828,Lon:73.816195,Speed:21.21,Delta:7501.78
==============================
55757,18.486828,73.816195,21.21,7501.78,POTHOLE
55861,18.486828,73.816195,21.21,1020.12,NORMAL
55964,18.486828,73.816195,19.54,4753.37,NORMAL
56066,18.486828,73.816195,19.54,1965.33,NORMAL
56168,18.486828,73.816195,19.54,2249.60,NORMAL
56269,18.486828,73.816195,19.54,7239.55,NORMAL
56370,18.486828,73.816195,19.54,8800.69,NORMAL
56473,18.486818,73.816142,19.54,7611.54,NORMAL
56576,18.486818,73.816142,19.54,5216.41,NORMAL
56679,18.486818,73.816142,19.54,5893.88,NORMAL
56782,18.486818,73.816142,19.54,9692.13,NORMAL
56885,18.486818,73.816142,19.54,5883.06,NORMAL
56988,18.486818,73.816142,20.54,3416.40,NORMAL
57090,18.486818,73.816142,20.54,2859.01,NORMAL
57191,18.486818,73.816142,20.54,2570.85,NORMAL
57292,18.486818,73.816142,20.54,4695.68,NORMAL
57393,18.486818,73.816142,20.54,864.09,NORMAL
57497,18.486807,73.816077,20.54,1695.58,NORMAL
57600,18.486807,73.816077,20.54,0.00,NORMAL
57703,18.486807,73.816077,20.54,4489.07,NORMAL
57806,18.486807,73.816077,20.54,601.80,NORMAL
57909,18.486807,73.816077,20.54,2104.52,NORMAL
58012,18.486807,73.816077,25.13,3063.06,NORMAL
58113,18.486807,73.816077,25.13,5961.65,NORMAL
58215,18.486807,73.816077,25.13,3760.28,NORMAL
58316,18.486807,73.816077,25.13,2282.33,NORMAL
58418,18.486807,73.816077,25.13,5008.38,NORMAL
58521,18.486793,73.816005,25.13,5613.21,NORMAL
58624,18.486793,73.816005,25.13,1464.65,NORMAL
58727,18.486793,73.816005,25.13,2898.95,NORMAL

==============================
POTHOLE DETECTED,Count:14,Lat:18.486793,Lon:73.816005,Speed:25.13,Delta:7068.34
==============================
58840,18.486793,73.816005,25.13,7068.34,POTHOLE
58944,18.486793,73.816005,26.89,9528.45,NORMAL
59047,18.486793,73.816005,26.89,10107.55,NORMAL
59148,18.486793,73.816005,26.89,9821.39,NORMAL
59249,18.486793,73.816005,26.89,1485.26,NORMAL
59350,18.486793,73.816005,26.89,5862.42,NORMAL
59452,18.486777,73.815932,26.89,2369.26,NORMAL
59556,18.486777,73.815932,26.89,4847.58,NORMAL
59659,18.486777,73.815932,26.89,4172.94,NORMAL
59762,18.486777,73.815932,26.89,6638.40,NORMAL
59865,18.486777,73.815932,26.89,8527.41,NORMAL
59968,18.486777,73.815932,27.54,3839.48,NORMAL
60070,18.486777,73.815932,27.54,270.01,NORMAL
60172,18.486777,73.815932,27.54,8462.32,NORMAL
60273,18.486777,73.815932,27.54,7982.30,NORMAL
60374,18.486777,73.815932,27.54,473.22,NORMAL
60477,18.486763,73.815868,27.54,5321.00,NORMAL

==============================
POTHOLE DETECTED,Count:15,Lat:18.486763,Lon:73.815868,Speed:27.54,Delta:9993.55
==============================
60590,18.486763,73.815868,27.54,9993.55,POTHOLE
60694,18.486763,73.815868,27.54,7903.35,NORMAL
60797,18.486763,73.815868,27.54,5426.00,NORMAL
60900,18.486763,73.815868,27.54,3787.53,NORMAL
61003,18.486763,73.815868,23.72,7141.87,NORMAL
61104,18.486763,73.815868,23.72,4341.10,NORMAL
61206,18.486763,73.815868,23.72,6013.16,NORMAL
61307,18.486763,73.815868,23.72,10114.44,NORMAL
61408,18.486763,73.815868,23.72,11279.27,NORMAL
61511,18.486752,73.815812,23.72,3091.40,NORMAL
61614,18.486752,73.815812,23.72,1900.05,NORMAL
61717,18.486752,73.815812,23.72,5328.50,NORMAL
61820,18.486752,73.815812,23.72,11763.66,NORMAL
61923,18.486752,73.815812,23.72,3613.59,NORMAL
62026,18.486752,73.815812,21.30,2622.00,NORMAL
62127,18.486752,73.815812,21.30,4461.07,NORMAL
62229,18.486752,73.815812,21.30,4938.65,NORMAL
62330,18.486752,73.815812,21.30,1017.37,NORMAL
62432,18.486752,73.815812,21.30,4242.39,NORMAL
62535,18.486743,73.815762,21.30,2451.55,NORMAL
62638,18.486743,73.815762,21.30,4832.56,NORMAL
62741,18.486743,73.815762,21.30,3123.05,NORMAL
62844,18.486743,73.815762,21.30,4866.01,NORMAL
62947,18.486743,73.815762,18.48,0.00,NORMAL
63050,18.486743,73.815762,18.48,4249.90,NORMAL
63151,18.486743,73.815762,18.48,4097.06,NORMAL
63252,18.486743,73.815762,18.48,2463.94,NORMAL
63353,18.486743,73.815762,18.48,1229.67,NORMAL
63454,18.486743,73.815762,18.48,739.47,NORMAL
63556,18.486743,73.815762,18.48,2988.96,NORMAL
63659,18.486742,73.815718,18.48,4334.48,NORMAL
63762,18.486742,73.815718,18.48,4282.42,NORMAL
63865,18.486742,73.815718,18.48,3064.65,NORMAL
63968,18.486742,73.815718,18.48,1539.59,NORMAL
64071,18.486742,73.815718,17.74,657.87,NORMAL
64174,18.486742,73.815718,17.74,4531.78,NORMAL
64275,18.486742,73.815718,17.74,5095.31,NORMAL
64376,18.486742,73.815718,17.74,1869.57,NORMAL
64479,18.486738,73.815678,17.74,3316.78,NORMAL
64582,18.486738,73.815678,17.74,5884.62,NORMAL
64685,18.486738,73.815678,17.74,4354.48,NORMAL
64788,18.486738,73.815678,17.74,3898.83,NORMAL
64891,18.486738,73.815678,17.74,3288.40,NORMAL
64994,18.486738,73.815678,15.19,2418.38,NORMAL
65096,18.486738,73.815678,15.19,146.11,NORMAL
65197,18.486738,73.815678,15.19,5305.94,NORMAL
65298,18.486738,73.815678,15.19,1747.16,NORMAL
65399,18.486738,73.815678,15.19,2527.49,NORMAL
65503,18.486737,73.815627,15.19,5302.64,NORMAL
65606,18.486737,73.815627,15.19,1347.85,NORMAL
65709,18.486737,73.815627,15.19,5594.68,NORMAL
65812,18.486737,73.815627,15.19,326.32,NORMAL
65915,18.486737,73.815627,15.19,4177.74,NORMAL
66018,18.486737,73.815627,20.15,3954.95,NORMAL

==============================
POTHOLE DETECTED,Count:16,Lat:18.486737,Lon:73.815627,Speed:20.15,Delta:7713.48
==============================
66130,18.486737,73.815627,20.15,7713.48,POTHOLE
66231,18.486737,73.815627,20.15,3298.58,NORMAL
66332,18.486737,73.815627,20.15,5040.87,NORMAL
66434,18.486737,73.815627,20.15,3841.15,NORMAL
66537,18.486745,73.815575,20.15,5119.03,NORMAL
66640,18.486745,73.815575,20.15,1763.22,NORMAL
66743,18.486745,73.815575,20.15,2234.49,NORMAL
66846,18.486745,73.815575,20.15,599.96,NORMAL
66949,18.486745,73.815575,21.13,3702.68,NORMAL
67052,18.486745,73.815575,21.13,0.00,NORMAL
67153,18.486745,73.815575,21.13,2171.73,NORMAL
67254,18.486745,73.815575,21.13,4846.13,NORMAL
67355,18.486745,73.815575,21.13,2947.50,NORMAL
67457,18.486745,73.815575,21.13,3286.15,NORMAL
67560,18.486768,73.815513,21.13,210.48,NORMAL
67663,18.486768,73.815513,21.13,1129.73,NORMAL
67766,18.486768,73.815513,21.13,2517.81,NORMAL
67869,18.486768,73.815513,21.13,1128.68,NORMAL
67972,18.486768,73.815513,21.65,2008.55,NORMAL
68075,18.486768,73.815513,21.65,249.07,NORMAL
68176,18.486768,73.815513,21.65,293.02,NORMAL
68277,18.486768,73.815513,21.65,780.46,NORMAL
68378,18.486768,73.815513,21.65,54.72,NORMAL
68481,18.486790,73.815460,21.65,6548.12,NORMAL
68584,18.486790,73.815460,21.65,5357.75,NORMAL
68687,18.486790,73.815460,21.65,1054.06,NORMAL
68790,18.486790,73.815460,21.65,2828.50,NORMAL
68893,18.486790,73.815460,21.65,2476.73,NORMAL
68996,18.486790,73.815460,19.45,2358.23,NORMAL
69098,18.486790,73.815460,19.45,4208.28,NORMAL
69199,18.486790,73.815460,19.45,6981.62,NORMAL
69300,18.486790,73.815460,19.45,1690.15,NORMAL
69401,18.486790,73.815460,19.45,847.48,NORMAL
69503,18.486813,73.815403,19.45,6570.88,NORMAL
69607,18.486813,73.815403,19.45,5882.04,NORMAL

==============================
POTHOLE DETECTED,Count:17,Lat:18.486813,Lon:73.815403,Speed:19.45,Delta:13054.95
==============================
69720,18.486813,73.815403,19.45,13054.95,POTHOLE
69824,18.486813,73.815403,19.45,11307.39,NORMAL
69927,18.486813,73.815403,19.45,5546.03,NORMAL
70030,18.486813,73.815403,19.78,1242.53,NORMAL
70132,18.486813,73.815403,19.78,5622.89,NORMAL
70234,18.486813,73.815403,19.78,236.20,NORMAL
70335,18.486813,73.815403,19.78,7500.06,NORMAL
70436,18.486813,73.815403,19.78,2621.55,NORMAL
70540,18.486850,73.815352,19.78,9666.94,NORMAL
70643,18.486850,73.815352,19.78,1443.03,NORMAL
70746,18.486850,73.815352,19.78,8102.69,NORMAL
70849,18.486850,73.815352,19.78,844.54,NORMAL
70952,18.486850,73.815352,19.78,7040.33,NORMAL
71055,18.486850,73.815352,20.30,5309.87,NORMAL
71156,18.486850,73.815352,20.30,1550.37,NORMAL
71258,18.486850,73.815352,20.30,2279.33,NORMAL
71359,18.486850,73.815352,20.30,4715.91,NORMAL
71461,18.486850,73.815352,20.30,1600.56,NORMAL
71565,18.486882,73.815312,20.30,5725.85,NORMAL
71668,18.486882,73.815312,20.30,5031.46,NORMAL
71771,18.486882,73.815312,20.30,3821.70,NORMAL
71874,18.486882,73.815312,20.30,2636.67,NORMAL
71977,18.486882,73.815312,19.98,882.49,NORMAL
72079,18.486882,73.815312,19.98,1100.84,NORMAL
72181,18.486882,73.815312,19.98,5188.82,NORMAL
72282,18.486882,73.815312,19.98,3273.89,NORMAL
72383,18.486882,73.815312,19.98,5262.68,NORMAL
72486,18.486922,73.815268,19.98,2659.30,NORMAL
72589,18.486922,73.815268,19.98,5035.37,NORMAL
72692,18.486922,73.815268,19.98,4860.94,NORMAL
72795,18.486922,73.815268,19.98,6833.32,NORMAL
72898,18.486922,73.815268,19.98,83.52,NORMAL
73001,18.486922,73.815268,23.71,5925.31,NORMAL

==============================
POTHOLE DETECTED,Count:18,Lat:18.486922,Lon:73.815268,Speed:23.71,Delta:9675.83
==============================
73114,18.486922,73.815268,23.71,9675.83,POTHOLE
73215,18.486922,73.815268,23.71,4863.61,NORMAL
73316,18.486922,73.815268,23.71,5488.76,NORMAL
73418,18.486922,73.815268,23.71,5946.92,NORMAL
73521,18.486963,73.815232,23.71,6332.31,NORMAL
73624,18.486963,73.815232,23.71,4658.79,NORMAL
73727,18.486963,73.815232,23.71,1807.80,NORMAL
73830,18.486963,73.815232,23.71,5281.96,NORMAL
73933,18.486963,73.815232,20.24,9773.02,NORMAL
74036,18.486963,73.815232,20.24,10861.39,NORMAL
74137,18.486963,73.815232,20.24,10309.75,NORMAL
74238,18.486963,73.815232,20.24,3663.15,NORMAL
74339,18.486963,73.815232,20.24,3555.73,NORMAL
74441,18.486963,73.815232,20.24,3400.57,NORMAL
74545,18.487008,73.815203,20.24,3468.96,NORMAL
74648,18.487008,73.815203,20.24,2646.02,NORMAL
74751,18.487008,73.815203,20.24,2379.12,NORMAL

==============================
POTHOLE DETECTED,Count:19,Lat:18.487008,Lon:73.815203,Speed:20.24,Delta:10778.20
==============================
74864,18.487008,73.815203,20.24,10778.20,POTHOLE
74968,18.487008,73.815203,19.45,11087.98,NORMAL
75070,18.487008,73.815203,19.45,2757.43,NORMAL
75172,18.487008,73.815203,19.45,9689.53,NORMAL
75273,18.487008,73.815203,19.45,8649.42,NORMAL
75374,18.487008,73.815203,19.45,6020.30,NORMAL
75476,18.487008,73.815203,19.45,6817.54,NORMAL
75579,18.487053,73.815195,19.45,3704.56,NORMAL
75682,18.487053,73.815195,19.45,3317.09,NORMAL
75785,18.487053,73.815195,19.45,3376.57,NORMAL
75888,18.487053,73.815195,19.45,7567.29,NORMAL
75991,18.487053,73.815195,20.19,2720.17,NORMAL
76094,18.487053,73.815195,20.19,7758.78,NORMAL
76195,18.487053,73.815195,20.19,7925.36,NORMAL
76296,18.487053,73.815195,20.19,7705.89,NORMAL
76397,18.487053,73.815195,20.19,5431.18,NORMAL

==============================
POTHOLE DETECTED,Count:20,Lat:18.487053,Lon:73.815195,Speed:20.19,Delta:7220.48
==============================
76510,18.487053,73.815195,20.19,7220.48,POTHOLE
76613,18.487097,73.815172,20.19,6850.21,NORMAL
76716,18.487097,73.815172,20.19,1791.14,NORMAL
76819,18.487097,73.815172,20.19,3300.26,NORMAL
76922,18.487097,73.815172,20.19,6939.39,NORMAL
77025,18.487097,73.815172,20.71,2245.12,NORMAL
77127,18.487097,73.815172,20.71,986.02,NORMAL
77229,18.487097,73.815172,20.71,2645.79,NORMAL
77330,18.487097,73.815172,20.71,6535.82,NORMAL
77431,18.487097,73.815172,20.71,1707.70,NORMAL
77534,18.487135,73.815132,20.71,5298.48,NORMAL
77637,18.487135,73.815132,20.71,9469.46,NORMAL
77740,18.487135,73.815132,20.71,4512.55,NORMAL
77843,18.487135,73.815132,20.71,14332.94,NORMAL
77946,18.487135,73.815132,20.71,4573.79,NORMAL
78049,18.487135,73.815132,25.22,5534.39,NORMAL
78150,18.487135,73.815132,25.22,5804.54,NORMAL
78252,18.487135,73.815132,25.22,6726.28,NORMAL
78353,18.487135,73.815132,25.22,443.80,NORMAL
78455,18.487135,73.815132,25.22,4709.31,NORMAL
78558,18.487192,73.815108,25.22,4072.86,NORMAL
78661,18.487192,73.815108,25.22,183.19,NORMAL
78764,18.487192,73.815108,25.22,3059.31,NORMAL
78867,18.487192,73.815108,25.22,3543.63,NORMAL
78970,18.487192,73.815108,22.78,1482.68,NORMAL

==============================
POTHOLE DETECTED,Count:21,Lat:18.487192,Lon:73.815108,Speed:22.78,Delta:9170.90
==============================
79083,18.487192,73.815108,22.78,9170.90,POTHOLE
79185,18.487192,73.815108,22.78,8373.53,NORMAL
79286,18.487192,73.815108,22.78,1780.19,NORMAL
79387,18.487192,73.815108,22.78,8201.17,NORMAL
79490,18.487247,73.815078,22.78,2631.64,NORMAL
79593,18.487247,73.815078,22.78,3668.59,NORMAL
79696,18.487247,73.815078,22.78,4005.17,NORMAL
79799,18.487247,73.815078,22.78,1544.19,NORMAL
79902,18.487247,73.815078,22.78,1128.65,NORMAL
80005,18.487247,73.815078,24.48,3319.98,NORMAL
80107,18.487247,73.815078,24.48,3675.06,NORMAL
80208,18.487247,73.815078,24.48,786.39,NORMAL
80309,18.487247,73.815078,24.48,4807.45,NORMAL
80410,18.487247,73.815078,24.48,2759.96,NORMAL
80513,18.487312,73.815045,24.48,4905.01,NORMAL
80616,18.487312,73.815045,24.48,572.13,NORMAL
80719,18.487312,73.815045,24.48,1885.35,NORMAL
80822,18.487312,73.815045,24.48,234.98,NORMAL
80925,18.487312,73.815045,24.48,955.65,NORMAL
81028,18.487312,73.815045,24.80,4268.05,NORMAL

==============================
POTHOLE DETECTED,Count:22,Lat:18.487312,Lon:73.815045,Speed:24.80,Delta:9255.08
==============================
81140,18.487312,73.815045,24.80,9255.08,POTHOLE
81241,18.487312,73.815045,24.80,3901.58,NORMAL
81342,18.487312,73.815045,24.80,4596.83,NORMAL
81444,18.487312,73.815045,24.80,2210.55,NORMAL
81547,18.487375,73.815013,24.80,7730.08,NORMAL
81650,18.487375,73.815013,24.80,10563.35,NORMAL
81753,18.487375,73.815013,24.80,10662.63,NORMAL
81856,18.487375,73.815013,24.80,3097.55,NORMAL
81959,18.487375,73.815013,26.09,3212.03,NORMAL
82062,18.487375,73.815013,26.09,4310.14,NORMAL
82163,18.487375,73.815013,26.09,7808.58,NORMAL
82264,18.487375,73.815013,26.09,9542.35,NORMAL
82365,18.487375,73.815013,26.09,2429.20,NORMAL
82467,18.487435,73.814985,26.09,2531.73,NORMAL
82571,18.487435,73.814985,26.09,7724.24,NORMAL
82674,18.487435,73.814985,26.09,4927.22,NORMAL
82777,18.487435,73.814985,26.09,1279.50,NORMAL
82880,18.487435,73.814985,26.09,3878.32,NORMAL

==============================
POTHOLE DETECTED,Count:23,Lat:18.487435,Lon:73.814985,Speed:25.13,Delta:7827.78
==============================
82993,18.487435,73.814985,25.13,7827.78,POTHOLE
83096,18.487435,73.814985,25.13,5626.95,NORMAL
83198,18.487435,73.814985,25.13,11022.25,NORMAL
83299,18.487435,73.814985,25.13,936.37,NORMAL
83400,18.487435,73.814985,25.13,2953.58,NORMAL
83503,18.487470,73.814953,25.13,1199.25,NORMAL
83606,18.487470,73.814953,25.13,4945.01,NORMAL
83709,18.487470,73.814953,25.13,4940.32,NORMAL
83812,18.487470,73.814953,25.13,2293.35,NORMAL
83915,18.487470,73.814953,25.13,2189.98,NORMAL
84018,18.487470,73.814953,17.48,6506.83,NORMAL
84120,18.487470,73.814953,17.48,7661.31,NORMAL
84221,18.487470,73.814953,17.48,10556.36,NORMAL
84322,18.487470,73.814953,17.48,7192.81,NORMAL
84423,18.487470,73.814953,17.48,2776.08,NORMAL
84527,18.487508,73.814920,17.48,3816.10,NORMAL
84630,18.487508,73.814920,17.48,5566.27,NORMAL
84733,18.487508,73.814920,17.48,2335.85,NORMAL
84836,18.487508,73.814920,17.48,4199.21,NORMAL
84939,18.487508,73.814920,17.48,2453.93,NORMAL
85042,18.487508,73.814920,15.93,2203.41,NORMAL
85143,18.487508,73.814920,15.93,3496.11,NORMAL
85244,18.487508,73.814920,15.93,1154.75,NORMAL

==============================
POTHOLE DETECTED,Count:24,Lat:18.487508,Lon:73.814920,Speed:15.93,Delta:7940.10
==============================
85355,18.487508,73.814920,15.93,7940.10,POTHOLE
85458,18.487508,73.814920,15.93,2416.33,NORMAL
85561,18.487550,73.814900,15.93,1236.85,NORMAL
85664,18.487550,73.814900,15.93,1976.88,NORMAL
85767,18.487550,73.814900,15.93,3422.54,NORMAL
85870,18.487550,73.814900,15.93,1951.62,NORMAL
85973,18.487550,73.814900,17.32,2208.91,NORMAL
86075,18.487550,73.814900,17.32,3518.19,NORMAL
86177,18.487550,73.814900,17.32,3665.64,NORMAL
86278,18.487550,73.814900,17.32,1180.23,NORMAL
86379,18.487550,73.814900,17.32,2735.02,NORMAL
86482,18.487598,73.814865,17.32,771.11,NORMAL
86585,18.487598,73.814865,17.32,3359.98,NORMAL
86688,18.487598,73.814865,17.32,631.20,NORMAL
86791,18.487598,73.814865,17.32,2138.20,NORMAL
86894,18.487598,73.814865,17.32,2590.15,NORMAL
86997,18.487598,73.814865,19.13,2601.75,NORMAL
87099,18.487598,73.814865,19.13,1595.35,NORMAL
87200,18.487598,73.814865,19.13,2474.99,NORMAL
87301,18.487598,73.814865,19.13,2422.71,NORMAL
87402,18.487598,73.814865,19.13,1015.73,NORMAL
87506,18.487637,73.814835,19.13,1547.74,NORMAL
87609,18.487637,73.814835,19.13,4288.05,NORMAL
87712,18.487637,73.814835,19.13,5801.00,NORMAL
87815,18.487637,73.814835,19.13,5193.62,NORMAL
87918,18.487637,73.814835,19.13,3900.95,NORMAL

==============================
POTHOLE DETECTED,Count:25,Lat:18.487637,Lon:73.814835,Speed:19.28,Delta:7686.97
==============================
88031,18.487637,73.814835,19.28,7686.97,POTHOLE
88133,18.487637,73.814835,19.28,8633.31,NORMAL
88235,18.487637,73.814835,19.28,7570.33,NORMAL
88336,18.487637,73.814835,19.28,1687.73,NORMAL
88438,18.487637,73.814835,19.28,2778.39,NORMAL
88541,18.487682,73.814807,19.28,6381.73,NORMAL
88644,18.487682,73.814807,19.28,827.20,NORMAL
88747,18.487682,73.814807,19.28,1626.97,NORMAL
88850,18.487682,73.814807,19.28,2916.18,NORMAL
88953,18.487682,73.814807,20.76,3259.09,NORMAL
89056,18.487682,73.814807,20.76,5852.76,NORMAL
89157,18.487682,73.814807,20.76,4196.11,NORMAL
89258,18.487682,73.814807,20.76,4400.33,NORMAL
89359,18.487682,73.814807,20.76,4317.75,NORMAL
89461,18.487682,73.814807,20.76,2683.07,NORMAL
89565,18.487725,73.814768,20.76,5223.46,NORMAL
89668,18.487725,73.814768,20.76,4766.47,NORMAL
89771,18.487725,73.814768,20.76,1829.04,NORMAL
89874,18.487725,73.814768,20.76,4585.77,NORMAL

==============================
POTHOLE DETECTED,Count:26,Lat:18.487725,Lon:73.814768,Speed:22.02,Delta:7589.84
==============================
89987,18.487725,73.814768,22.02,7589.84,POTHOLE
90091,18.487725,73.814768,22.02,8243.97,NORMAL
90192,18.487725,73.814768,22.02,10737.18,NORMAL
90293,18.487725,73.814768,22.02,5762.72,NORMAL
90394,18.487725,73.814768,22.02,5513.39,NORMAL
90497,18.487765,73.814727,22.02,5259.74,NORMAL
90600,18.487765,73.814727,22.02,747.18,NORMAL
90703,18.487765,73.814727,22.02,590.91,NORMAL
90806,18.487765,73.814727,22.02,2983.14,NORMAL
90909,18.487765,73.814727,22.02,4328.37,NORMAL
91012,18.487765,73.814727,22.65,2471.75,NORMAL
91114,18.487765,73.814727,22.65,250.11,NORMAL
91215,18.487765,73.814727,22.65,8014.69,NORMAL
91316,18.487765,73.814727,22.65,2008.07,NORMAL
91417,18.487765,73.814727,22.65,7045.24,NORMAL
91521,18.487812,73.814685,22.65,1989.25,NORMAL
91624,18.487812,73.814685,22.65,941.20,NORMAL
91727,18.487812,73.814685,22.65,2661.88,NORMAL
91830,18.487812,73.814685,22.65,5111.58,NORMAL
91933,18.487812,73.814685,22.65,2069.09,NORMAL
92036,18.487812,73.814685,22.98,2191.36,NORMAL

==============================
POTHOLE DETECTED,Count:27,Lat:18.487812,Lon:73.814685,Speed:22.98,Delta:7014.05
==============================
92148,18.487812,73.814685,22.98,7014.05,POTHOLE
92249,18.487812,73.814685,22.98,5335.62,NORMAL
92350,18.487812,73.814685,22.98,6490.55,NORMAL
92451,18.487812,73.814685,22.98,2240.57,NORMAL
92554,18.487875,73.814638,22.98,4690.97,NORMAL
92657,18.487875,73.814638,22.98,1870.84,NORMAL
92760,18.487875,73.814638,22.98,3493.32,NORMAL
92863,18.487875,73.814638,22.98,4660.77,NORMAL
92966,18.487875,73.814638,22.98,8027.39,NORMAL
93069,18.487875,73.814638,22.78,5712.18,NORMAL
93171,18.487875,73.814638,22.78,1566.01,NORMAL
93272,18.487875,73.814638,22.78,4170.71,NORMAL
93373,18.487875,73.814638,22.78,1900.02,NORMAL
93474,18.487875,73.814638,22.78,5619.73,NORMAL
93578,18.487955,73.814612,22.78,5998.02,NORMAL
93681,18.487955,73.814612,22.78,2045.52,NORMAL
93784,18.487955,73.814612,22.78,1874.94,NORMAL
93887,18.487955,73.814612,22.78,4115.28,NORMAL
93990,18.487955,73.814612,22.78,4218.35,NORMAL
94093,18.487955,73.814612,23.91,4343.53,NORMAL
94195,18.487955,73.814612,23.91,3579.50,NORMAL
94296,18.487955,73.814612,23.91,1910.19,NORMAL
94397,18.487955,73.814612,23.91,3484.71,NORMAL
94499,18.487955,73.814612,23.91,1272.08,NORMAL

==============================
POTHOLE DETECTED,Count:28,Lat:18.488020,Lon:73.814585,Speed:23.91,Delta:9685.92
==============================
94612,18.488020,73.814585,23.91,9685.92,POTHOLE
94716,18.488020,73.814585,23.91,8288.63,NORMAL
94819,18.488020,73.814585,23.91,5717.96,NORMAL
94922,18.488020,73.814585,23.91,4428.77,NORMAL
95025,18.488020,73.814585,23.82,2419.95,NORMAL
95128,18.488020,73.814585,23.82,640.14,NORMAL
95229,18.488020,73.814585,23.82,910.82,NORMAL
95330,18.488020,73.814585,23.82,1209.72,NORMAL
95432,18.488020,73.814585,23.82,2147.41,NORMAL
95535,18.488070,73.814555,23.82,2532.59,NORMAL
95638,18.488070,73.814555,23.82,2062.24,NORMAL
95741,18.488070,73.814555,23.82,3796.14,NORMAL
95844,18.488070,73.814555,23.82,666.76,NORMAL
95947,18.488070,73.814555,23.82,630.26,NORMAL
96050,18.488070,73.814555,21.34,3085.36,NORMAL
96151,18.488070,73.814555,21.34,2632.43,NORMAL
96252,18.488070,73.814555,21.34,569.42,NORMAL
96353,18.488070,73.814555,21.34,2027.22,NORMAL
96456,18.488118,73.814535,21.34,963.43,NORMAL
96559,18.488118,73.814535,21.34,2886.64,NORMAL
96662,18.488118,73.814535,21.34,5076.78,NORMAL
96765,18.488118,73.814535,21.34,1003.20,NORMAL
96868,18.488118,73.814535,21.34,1397.44,NORMAL
96971,18.488118,73.814535,18.78,3312.32,NORMAL
97073,18.488118,73.814535,18.78,3464.68,NORMAL
97175,18.488118,73.814535,18.78,1258.12,NORMAL
97276,18.488118,73.814535,18.78,1088.37,NORMAL
97377,18.488118,73.814535,18.78,2231.75,NORMAL
97480,18.488157,73.814523,18.78,4339.82,NORMAL
97583,18.488157,73.814523,18.78,0.00,NORMAL
97686,18.488157,73.814523,18.78,4046.36,NORMAL
97789,18.488157,73.814523,18.78,1304.05,NORMAL
97892,18.488157,73.814523,18.78,5246.60,NORMAL
97995,18.488157,73.814523,12.74,2876.38,NORMAL
98097,18.488157,73.814523,12.74,5333.72,NORMAL
98199,18.488157,73.814523,12.74,3957.50,NORMAL
98300,18.488157,73.814523,12.74,3682.20,NORMAL
98401,18.488157,73.814523,12.74,1700.30,NORMAL

==============================
POTHOLE DETECTED,Count:29,Lat:18.488182,Lon:73.814510,Speed:12.74,Delta:7897.87
==============================
98514,18.488182,73.814510,12.74,7897.87,POTHOLE
98618,18.488182,73.814510,12.74,4417.36,NORMAL
98721,18.488182,73.814510,12.74,2947.19,NORMAL
98824,18.488182,73.814510,12.74,3796.94,NORMAL
98927,18.488182,73.814510,12.74,3662.33,NORMAL
99030,18.488182,73.814510,9.39,3421.35,NORMAL
99132,18.488182,73.814510,9.39,5758.47,NORMAL
99233,18.488182,73.814510,9.39,5083.92,NORMAL
99334,18.488182,73.814510,9.39,4809.94,NORMAL
99436,18.488182,73.814510,9.39,6175.54,NORMAL
99539,18.488207,73.814502,9.39,6918.11,NORMAL
99642,18.488207,73.814502,9.39,5487.63,NORMAL
99745,18.488207,73.814502,9.39,3228.70,NORMAL
99848,18.488207,73.814502,9.39,1899.25,NORMAL
99951,18.488207,73.814502,9.39,6980.58,NORMAL
100054,18.488207,73.814502,10.56,227.43,NORMAL
100155,18.488207,73.814502,10.56,1018.08,NORMAL
100256,18.488207,73.814502,10.56,5543.20,NORMAL
100357,18.488207,73.814502,10.56,2244.79,NORMAL
100459,18.488207,73.814502,10.56,1551.57,NORMAL
100562,18.488232,73.814487,10.56,3277.95,NORMAL
100665,18.488232,73.814487,10.56,2228.41,NORMAL
100768,18.488232,73.814487,10.56,2643.84,NORMAL
100871,18.488232,73.814487,10.56,2034.38,NORMAL
100974,18.488232,73.814487,11.26,4910.59,NORMAL
101077,18.488232,73.814487,11.26,867.34,NORMAL
101178,18.488232,73.814487,11.26,477.66,NORMAL
101279,18.488232,73.814487,11.26,5383.81,NORMAL
101380,18.488232,73.814487,11.26,5722.73,NORMAL

==============================
POTHOLE DETECTED,Count:30,Lat:18.488270,Lon:73.814475,Speed:11.26,Delta:11614.28
==============================
101493,18.488270,73.814475,11.26,11614.28,POTHOLE
101597,18.488270,73.814475,11.26,264.44,NORMAL
101700,18.488270,73.814475,11.26,4556.56,NORMAL
101803,18.488270,73.814475,11.26,1038.48,NORMAL
101906,18.488270,73.814475,11.26,3282.50,NORMAL
102009,18.488270,73.814475,16.54,518.69,NORMAL
102111,18.488270,73.814475,16.54,1926.22,NORMAL
102212,18.488270,73.814475,16.54,395.63,NORMAL
102313,18.488270,73.814475,16.54,0.00,NORMAL
102414,18.488270,73.814475,16.54,3736.24,NORMAL
102518,18.488315,73.814458,16.54,2997.91,NORMAL
102621,18.488315,73.814458,16.54,2704.76,NORMAL
102724,18.488315,73.814458,16.54,99.49,NORMAL
102827,18.488315,73.814458,16.54,1995.97,NORMAL
102930,18.488315,73.814458,16.54,1301.45,NORMAL
103033,18.488315,73.814458,18.78,2101.58,NORMAL
103135,18.488315,73.814458,18.78,572.96,NORMAL
103236,18.488315,73.814458,18.78,2233.15,NORMAL
103337,18.488315,73.814458,18.78,2388.60,NORMAL
103439,18.488315,73.814458,18.78,2248.58,NORMAL
103542,18.488367,73.814440,18.78,570.27,NORMAL
103645,18.488367,73.814440,18.78,1734.87,NORMAL
103748,18.488367,73.814440,18.78,4835.13,NORMAL
103851,18.488367,73.814440,18.78,1907.11,NORMAL
103954,18.488367,73.814440,18.78,4679.09,NORMAL
104057,18.488367,73.814440,20.37,4525.43,NORMAL
104158,18.488367,73.814440,20.37,1481.35,NORMAL
104259,18.488367,73.814440,20.37,3739.53,NORMAL
104360,18.488367,73.814440,20.37,1658.57,NORMAL
104462,18.488367,73.814440,20.37,3138.06,NORMAL
104566,18.488418,73.814425,20.37,525.84,NORMAL
104669,18.488418,73.814425,20.37,1972.77,NORMAL
104772,18.488418,73.814425,20.37,287.42,NORMAL
104875,18.488418,73.814425,20.37,4488.04,NORMAL
104978,18.488418,73.814425,21.02,4689.11,NORMAL
105081,18.488418,73.814425,21.02,3053.34,NORMAL
105182,18.488418,73.814425,21.02,3280.99,NORMAL
105283,18.488418,73.814425,21.02,3376.47,NORMAL
105384,18.488418,73.814425,21.02,0.00,NORMAL
105487,18.488470,73.814412,21.02,2422.50,NORMAL
105590,18.488470,73.814412,21.02,2686.03,NORMAL
105693,18.488470,73.814412,21.02,2455.93,NORMAL
105796,18.488470,73.814412,21.02,2872.01,NORMAL
105899,18.488470,73.814412,21.02,0.00,NORMAL
106002,18.488470,73.814412,20.39,175.15,NORMAL
106104,18.488470,73.814412,20.39,1635.39,NORMAL
106205,18.488470,73.814412,20.39,2555.81,NORMAL
106306,18.488470,73.814412,20.39,2625.80,NORMAL
106407,18.488470,73.814412,20.39,2811.45,NORMAL
106510,18.488520,73.814400,20.39,1788.79,NORMAL
106613,18.488520,73.814400,20.39,3243.18,NORMAL
106716,18.488520,73.814400,20.39,4508.52,NORMAL
106819,18.488520,73.814400,20.39,1604.74,NORMAL
106922,18.488520,73.814400,20.39,900.47,NORMAL
107025,18.488520,73.814400,19.74,2183.34,NORMAL

==============================
POTHOLE DETECTED,Count:31,Lat:18.488520,Lon:73.814400,Speed:19.74,Delta:8175.60
==============================
107137,18.488520,73.814400,19.74,8175.60,POTHOLE
107239,18.488520,73.814400,19.74,6783.36,NORMAL
107340,18.488520,73.814400,19.74,4362.78,NORMAL
107442,18.488520,73.814400,19.74,3667.75,NORMAL
107545,18.488570,73.814388,19.74,376.93,NORMAL
107648,18.488570,73.814388,19.74,2298.96,NORMAL
107751,18.488570,73.814388,19.74,1528.22,NORMAL
107854,18.488570,73.814388,19.74,1198.02,NORMAL
107957,18.488570,73.814388,20.06,2365.68,NORMAL
108060,18.488570,73.814388,20.06,3034.98,NORMAL
108161,18.488570,73.814388,20.06,1558.09,NORMAL
108262,18.488570,73.814388,20.06,1574.81,NORMAL
108363,18.488570,73.814388,20.06,2152.61,NORMAL
108465,18.488623,73.814382,20.06,465.55,NORMAL
108569,18.488623,73.814382,20.06,2942.14,NORMAL
108672,18.488623,73.814382,20.06,1627.59,NORMAL
108775,18.488623,73.814382,20.06,2286.58,NORMAL
108878,18.488623,73.814382,20.06,6155.81,NORMAL
108981,18.488623,73.814382,20.95,4915.45,NORMAL
109084,18.488623,73.814382,20.95,1674.80,NORMAL
109185,18.488623,73.814382,20.95,374.30,NORMAL
109286,18.488623,73.814382,20.95,768.14,NORMAL
109387,18.488623,73.814382,20.95,2721.15,NORMAL
109490,18.488673,73.814373,20.95,2530.91,NORMAL
109593,18.488673,73.814373,20.95,1465.87,NORMAL
109696,18.488673,73.814373,20.95,2112.13,NORMAL
109799,18.488673,73.814373,20.95,4508.18,NORMAL
109902,18.488673,73.814373,20.95,1614.61,NORMAL
110005,18.488673,73.814373,19.50,553.18,NORMAL
110107,18.488673,73.814373,19.50,2552.58,NORMAL
110208,18.488673,73.814373,19.50,4815.11,NORMAL
110309,18.488673,73.814373,19.50,2231.13,NORMAL
110410,18.488673,73.814373,19.50,2710.06,NORMAL
110513,18.488723,73.814367,19.50,4888.81,NORMAL
110616,18.488723,73.814367,19.50,3966.98,NORMAL
110719,18.488723,73.814367,19.50,1454.77,NORMAL
110822,18.488723,73.814367,19.50,895.35,NORMAL
110925,18.488723,73.814367,19.50,1013.16,NORMAL
111028,18.488723,73.814367,19.13,2744.44,NORMAL
111130,18.488723,73.814367,19.13,5868.49,NORMAL
111231,18.488723,73.814367,19.13,3209.74,NORMAL
111332,18.488723,73.814367,19.13,3737.04,NORMAL
111434,18.488723,73.814367,19.13,5187.00,NORMAL
111537,18.488772,73.814365,19.13,4856.52,NORMAL

==============================
POTHOLE DETECTED,Count:32,Lat:18.488772,Lon:73.814365,Speed:19.13,Delta:7674.57
==============================
111650,18.488772,73.814365,19.13,7674.57,POTHOLE
111754,18.488772,73.814365,19.13,3707.79,NORMAL
111857,18.488772,73.814365,19.13,1516.17,NORMAL
111960,18.488772,73.814365,15.91,2433.54,NORMAL
112063,18.488772,73.814365,15.91,2758.85,NORMAL
112164,18.488772,73.814365,15.91,5146.41,NORMAL
112265,18.488772,73.814365,15.91,2029.39,NORMAL
112366,18.488772,73.814365,15.91,4317.03,NORMAL
112468,18.488812,73.814370,15.91,4654.42,NORMAL
112572,18.488812,73.814370,15.91,3450.01,NORMAL
112675,18.488812,73.814370,15.91,2010.47,NORMAL
112778,18.488812,73.814370,15.91,3443.33,NORMAL
112881,18.488812,73.814370,15.91,4091.67,NORMAL
112984,18.488812,73.814370,12.98,793.29,NORMAL
113086,18.488812,73.814370,12.98,84.35,NORMAL
113188,18.488812,73.814370,12.98,3359.07,NORMAL
113289,18.488812,73.814370,12.98,2416.89,NORMAL
113390,18.488812,73.814370,12.98,3975.73,NORMAL
113493,18.488847,73.814370,12.98,2843.18,NORMAL
113596,18.488847,73.814370,12.98,2757.29,NORMAL
113699,18.488847,73.814370,12.98,675.68,NORMAL
113802,18.488847,73.814370,12.98,28.25,NORMAL
113905,18.488847,73.814370,12.98,1079.93,NORMAL
114008,18.488847,73.814370,13.22,2514.97,NORMAL
114110,18.488847,73.814370,13.22,3240.55,NORMAL
114211,18.488847,73.814370,13.22,4403.86,NORMAL
114312,18.488847,73.814370,13.22,2561.58,NORMAL
114413,18.488847,73.814370,13.22,3130.18,NORMAL
114517,18.488878,73.814367,13.22,1783.85,NORMAL
114620,18.488878,73.814367,13.22,5153.24,NORMAL
114723,18.488878,73.814367,13.22,813.75,NORMAL
114826,18.488878,73.814367,13.22,1044.77,NORMAL

==============================
POTHOLE DETECTED,Count:33,Lat:18.488878,Lon:73.814367,Speed:13.22,Delta:8571.26
==============================
114939,18.488878,73.814367,13.22,8571.26,POTHOLE
115043,18.488878,73.814367,12.67,3651.54,NORMAL
115144,18.488878,73.814367,12.67,4593.61,NORMAL
115246,18.488878,73.814367,12.67,6321.31,NORMAL
115347,18.488878,73.814367,12.67,6011.02,NORMAL
115449,18.488878,73.814367,12.67,4684.52,NORMAL
115552,18.488902,73.814360,12.67,7087.43,NORMAL
115655,18.488902,73.814360,12.67,8090.42,NORMAL
115758,18.488902,73.814360,12.67,5092.74,NORMAL
115861,18.488902,73.814360,12.67,2035.98,NORMAL
115964,18.488902,73.814360,8.46,7244.90,NORMAL
116067,18.488902,73.814360,8.46,5444.95,NORMAL
116168,18.488902,73.814360,8.46,3235.21,NORMAL
116269,18.488902,73.814360,8.46,3282.23,NORMAL
116370,18.488902,73.814360,8.46,8090.33,NORMAL
116472,18.488925,73.814357,8.46,6895.60,NORMAL
116576,18.488925,73.814357,8.46,2386.70,NORMAL

==============================
POTHOLE DETECTED,Count:34,Lat:18.488925,Lon:73.814357,Speed:8.46,Delta:9214.74
==============================
116689,18.488925,73.814357,8.46,9214.74,POTHOLE
116793,18.488925,73.814357,8.46,5230.66,NORMAL
116896,18.488925,73.814357,8.46,2877.90,NORMAL
116999,18.488925,73.814357,8.74,4225.01,NORMAL
117101,18.488925,73.814357,8.74,2342.47,NORMAL
117202,18.488925,73.814357,8.74,8251.77,NORMAL
117303,18.488925,73.814357,8.74,5218.84,NORMAL
117404,18.488925,73.814357,8.74,2120.33,NORMAL
117507,18.488947,73.814357,8.74,6717.75,NORMAL
117610,18.488947,73.814357,8.74,1984.76,NORMAL
117713,18.488947,73.814357,8.74,4215.57,NORMAL
117816,18.488947,73.814357,8.74,4759.33,NORMAL
117919,18.488947,73.814357,8.74,3556.97,NORMAL
118022,18.488947,73.814357,7.45,6116.00,NORMAL
118124,18.488947,73.814357,7.45,4958.25,NORMAL
118225,18.488947,73.814357,7.45,6799.78,NORMAL

==============================
POTHOLE DETECTED,Count:35,Lat:18.488947,Lon:73.814357,Speed:7.45,Delta:9320.33
==============================
118336,18.488947,73.814357,7.45,9320.33,POTHOLE
118439,18.488947,73.814357,7.45,3528.96,NORMAL
118542,18.488965,73.814358,7.45,4381.00,NORMAL
118645,18.488965,73.814358,7.45,3236.14,NORMAL
118748,18.488965,73.814358,7.45,3306.95,NORMAL
118851,18.488965,73.814358,7.45,3590.99,NORMAL
118954,18.488965,73.814358,7.45,2316.94,NORMAL
119057,18.488965,73.814358,4.15,2240.61,NORMAL
119159,18.488965,73.814358,4.15,6853.16,NORMAL
119260,18.488965,73.814358,4.15,3767.36,NORMAL
119361,18.488965,73.814358,4.15,3976.11,NORMAL
119463,18.488988,73.814365,4.15,8203.72,NORMAL
119567,18.488988,73.814365,4.15,7990.61,NORMAL
119670,18.488988,73.814365,4.15,2571.80,NORMAL
119773,18.488988,73.814365,4.15,3820.81,NORMAL
119876,18.488988,73.814365,4.15,4820.91,NORMAL
119979,18.488988,73.814365,4.15,4562.62,NORMAL
120082,18.488988,73.814365,9.76,4477.22,NORMAL
120183,18.488988,73.814365,9.76,3934.82,NORMAL
120284,18.488988,73.814365,9.76,5212.63,NORMAL
120385,18.488988,73.814365,9.76,6232.90,NORMAL
120486,18.488988,73.814365,9.76,5207.02,NORMAL
120590,18.489032,73.814375,9.76,3713.79,NORMAL
120693,18.489032,73.814375,9.76,6294.27,NORMAL

==============================
POTHOLE DETECTED,Count:36,Lat:18.489032,Lon:73.814375,Speed:9.76,Delta:8989.23
==============================
120806,18.489032,73.814375,9.76,8989.23,POTHOLE
120910,18.489032,73.814375,9.76,6257.61,NORMAL
121013,18.489032,73.814375,9.76,6896.54,NORMAL
121116,18.489032,73.814375,10.61,3006.06,NORMAL
121218,18.489032,73.814375,10.61,1823.93,NORMAL
121319,18.489032,73.814375,10.61,3306.90,NORMAL
121420,18.489032,73.814375,10.61,1973.20,NORMAL
121524,18.489073,73.814405,10.61,3385.63,NORMAL
121627,18.489073,73.814405,10.61,1205.82,NORMAL
121730,18.489073,73.814405,10.61,6229.78,NORMAL
121833,18.489073,73.814405,10.61,897.53,NORMAL
121936,18.489073,73.814405,10.61,1924.79,NORMAL
122039,18.489073,73.814405,17.59,1760.39,NORMAL
122141,18.489073,73.814405,17.59,5269.55,NORMAL
122242,18.489073,73.814405,17.59,3202.59,NORMAL

==============================
POTHOLE DETECTED,Count:37,Lat:18.489073,Lon:73.814405,Speed:17.59,Delta:7574.87
==============================
122353,18.489073,73.814405,17.59,7574.87,POTHOLE
122455,18.489073,73.814405,17.59,12511.42,NORMAL
122559,18.489110,73.814427,17.59,1074.86,NORMAL
122662,18.489110,73.814427,17.59,586.24,NORMAL
122765,18.489110,73.814427,17.59,1041.71,NORMAL
122868,18.489110,73.814427,17.59,214.08,NORMAL
122971,18.489110,73.814427,17.59,7957.99,NORMAL
123074,18.489110,73.814427,13.56,2455.98,NORMAL
123176,18.489110,73.814427,13.56,2937.89,NORMAL
123277,18.489110,73.814427,13.56,2686.64,NORMAL
123378,18.489110,73.814427,13.56,3136.29,NORMAL
123481,18.489145,73.814440,13.56,1978.07,NORMAL
123584,18.489145,73.814440,13.56,5217.24,NORMAL
123687,18.489145,73.814440,13.56,10027.48,NORMAL
123790,18.489145,73.814440,13.56,8033.89,NORMAL

==============================
POTHOLE DETECTED,Count:38,Lat:18.489145,Lon:73.814440,Speed:13.56,Delta:7091.15
==============================
123903,18.489145,73.814440,13.56,7091.15,POTHOLE
124007,18.489145,73.814440,11.95,0.00,NORMAL
124109,18.489145,73.814440,11.95,6419.18,NORMAL
124210,18.489145,73.814440,11.95,3400.05,NORMAL
124311,18.489145,73.814440,11.95,2682.98,NORMAL
124413,18.489145,73.814440,11.95,3187.30,NORMAL
124516,18.489167,73.814448,11.95,534.39,NORMAL
124619,18.489167,73.814448,11.95,5543.12,NORMAL
124722,18.489167,73.814448,11.95,4169.61,NORMAL
124825,18.489167,73.814448,11.95,3183.47,NORMAL
124928,18.489167,73.814448,11.95,867.52,NORMAL
125031,18.489167,73.814448,8.30,5424.35,NORMAL
125133,18.489167,73.814448,8.30,7595.42,NORMAL
125234,18.489167,73.814448,8.30,4109.21,NORMAL
125335,18.489167,73.814448,8.30,65.93,NORMAL
125437,18.489167,73.814448,8.30,4198.38,NORMAL

==============================
POTHOLE DETECTED,Count:39,Lat:18.489200,Lon:73.814468,Speed:8.30,Delta:9209.06
==============================
125550,18.489200,73.814468,8.30,9209.06,POTHOLE
125654,18.489200,73.814468,8.30,8526.23,NORMAL
125757,18.489200,73.814468,8.30,9464.50,NORMAL
125860,18.489200,73.814468,8.30,1982.50,NORMAL
125963,18.489200,73.814468,11.61,9859.87,NORMAL
126066,18.489200,73.814468,11.61,4024.13,NORMAL
126167,18.489200,73.814468,11.61,8547.64,NORMAL
126268,18.489200,73.814468,11.61,2428.69,NORMAL
126369,18.489200,73.814468,11.61,1647.55,NORMAL
126472,18.489230,73.814480,11.61,643.09,NORMAL
126575,18.489230,73.814480,11.61,2059.53,NORMAL
126678,18.489230,73.814480,11.61,3310.27,NORMAL
126781,18.489230,73.814480,11.61,2913.29,NORMAL
126884,18.489230,73.814480,11.61,5262.95,NORMAL
126987,18.489230,73.814480,11.78,8245.07,NORMAL
127089,18.489230,73.814480,11.78,3563.45,NORMAL
127191,18.489230,73.814480,11.78,40.24,NORMAL
127292,18.489230,73.814480,11.78,4819.71,NORMAL
127393,18.489230,73.814480,11.78,3684.17,NORMAL
127497,18.489255,73.814495,11.78,2962.96,NORMAL
127600,18.489255,73.814495,11.78,3048.73,NORMAL
127703,18.489255,73.814495,11.78,1459.39,NORMAL
127806,18.489255,73.814495,11.78,2233.76,NORMAL
127909,18.489255,73.814495,11.78,3662.91,NORMAL
128012,18.489255,73.814495,10.32,857.23,NORMAL
128114,18.489255,73.814495,10.32,1578.17,NORMAL
128215,18.489255,73.814495,10.32,2870.92,NORMAL
128316,18.489255,73.814495,10.32,3711.58,NORMAL
128418,18.489255,73.814495,10.32,3312.82,NORMAL
128521,18.489275,73.814505,10.32,5165.54,NORMAL
128624,18.489275,73.814505,10.32,4249.73,NORMAL
128727,18.489275,73.814505,10.32,4837.50,NORMAL
128830,18.489275,73.814505,10.32,2492.36,NORMAL
128933,18.489275,73.814505,10.32,5679.90,NORMAL
129036,18.489275,73.814505,8.57,5809.89,NORMAL
129137,18.489275,73.814505,8.57,5849.83,NORMAL
129239,18.489275,73.814505,8.57,409.15,NORMAL
129340,18.489275,73.814505,8.57,1442.67,NORMAL
129441,18.489275,73.814505,8.57,2490.94,NORMAL
129545,18.489295,73.814508,8.57,2287.23,NORMAL

==============================
POTHOLE DETECTED,Count:40,Lat:18.489295,Lon:73.814508,Speed:8.57,Delta:8124.84
==============================
129658,18.489295,73.814508,8.57,8124.84,POTHOLE
129762,18.489295,73.814508,8.57,4136.14,NORMAL
129865,18.489295,73.814508,8.57,6420.22,NORMAL
129968,18.489295,73.814508,8.57,10002.29,NORMAL
130071,18.489295,73.814508,7.41,3396.84,NORMAL
130172,18.489295,73.814508,7.41,3754.77,NORMAL
130274,18.489295,73.814508,7.41,3757.13,NORMAL
130375,18.489295,73.814508,7.41,3630.84,NORMAL
130478,18.489313,73.814517,7.41,4799.55,NORMAL
130581,18.489313,73.814517,7.41,4949.86,NORMAL
130684,18.489313,73.814517,7.41,3567.72,NORMAL
130787,18.489313,73.814517,7.41,3860.00,NORMAL
130890,18.489313,73.814517,7.41,5576.76,NORMAL
130993,18.489313,73.814517,8.67,3772.07,NORMAL
131095,18.489313,73.814517,8.67,5939.37,NORMAL
131197,18.489313,73.814517,8.67,5051.95,NORMAL
131298,18.489313,73.814517,8.67,5334.21,NORMAL
131399,18.489313,73.814517,8.67,4683.18,NORMAL
131503,18.489343,73.814540,8.67,6966.43,NORMAL

==============================
POTHOLE DETECTED,Count:41,Lat:18.489343,Lon:73.814540,Speed:8.67,Delta:8913.88
==============================
131616,18.489343,73.814540,8.67,8913.88,POTHOLE
131720,18.489343,73.814540,8.67,7913.41,NORMAL
131823,18.489343,73.814540,8.67,7211.47,NORMAL
131926,18.489343,73.814540,8.67,6105.29,NORMAL
132029,18.489343,73.814540,13.24,6269.65,NORMAL
132131,18.489343,73.814540,13.24,5553.45,NORMAL
132232,18.489343,73.814540,13.24,5451.47,NORMAL
132333,18.489343,73.814540,13.24,4976.09,NORMAL
132436,18.489368,73.814548,13.24,4025.30,NORMAL
132539,18.489368,73.814548,13.24,5254.93,NORMAL
132642,18.489368,73.814548,13.24,1708.89,NORMAL
132745,18.489368,73.814548,13.24,2138.21,NORMAL
132848,18.489368,73.814548,13.24,7270.31,NORMAL
132951,18.489368,73.814548,12.76,5676.36,NORMAL
133054,18.489368,73.814548,12.76,4362.53,NORMAL
133155,18.489368,73.814548,12.76,3939.88,NORMAL
133256,18.489368,73.814548,12.76,1684.65,NORMAL
133357,18.489368,73.814548,12.76,2259.26,NORMAL
133460,18.489392,73.814567,12.76,5476.04,NORMAL
133563,18.489392,73.814567,12.76,3748.59,NORMAL
133666,18.489392,73.814567,12.76,5433.74,NORMAL
133769,18.489392,73.814567,12.76,4101.07,NORMAL

==============================
POTHOLE DETECTED,Count:42,Lat:18.489392,Lon:73.814567,Speed:12.76,Delta:7140.79
==============================
133882,18.489392,73.814567,12.76,7140.79,POTHOLE
133986,18.489392,73.814567,12.37,2775.17,NORMAL
134088,18.489392,73.814567,12.37,5712.23,NORMAL
134189,18.489392,73.814567,12.37,2389.71,NORMAL
134290,18.489392,73.814567,12.37,9518.66,NORMAL
134392,18.489392,73.814567,12.37,1834.17,NORMAL
134495,18.489422,73.814588,12.37,4238.07,NORMAL
134598,18.489422,73.814588,12.37,3963.22,NORMAL
134701,18.489422,73.814588,12.37,2282.69,NORMAL
134804,18.489422,73.814588,12.37,2129.76,NORMAL
134907,18.489422,73.814588,12.37,2266.49,NORMAL
135010,18.489422,73.814588,14.35,2559.31,NORMAL
135111,18.489422,73.814588,14.35,7066.67,NORMAL
135213,18.489422,73.814588,14.35,10301.70,NORMAL
135314,18.489422,73.814588,14.35,11030.14,NORMAL
135416,18.489422,73.814588,14.35,4623.39,NORMAL
135519,18.489457,73.814617,14.35,4894.01,NORMAL

==============================
POTHOLE DETECTED,Count:43,Lat:18.489457,Lon:73.814617,Speed:14.35,Delta:9350.59
==============================
135632,18.489457,73.814617,14.35,9350.59,POTHOLE
135736,18.489457,73.814617,14.35,5020.96,NORMAL
135839,18.489457,73.814617,14.35,5884.72,NORMAL
135942,18.489457,73.814617,16.50,2582.51,NORMAL
136045,18.489457,73.814617,16.50,788.86,NORMAL
136146,18.489457,73.814617,16.50,709.92,NORMAL
136247,18.489457,73.814617,16.50,1402.84,NORMAL
136348,18.489457,73.814617,16.50,2363.81,NORMAL
136451,18.489498,73.814643,16.50,2724.67,NORMAL
136554,18.489498,73.814643,16.50,3548.49,NORMAL
136657,18.489498,73.814643,16.50,1443.27,NORMAL
136760,18.489498,73.814643,16.50,7672.22,NORMAL
136863,18.489498,73.814643,16.50,7253.29,NORMAL
136966,18.489498,73.814643,18.82,1873.83,NORMAL
137068,18.489498,73.814643,18.82,2761.57,NORMAL
137170,18.489498,73.814643,18.82,855.30,NORMAL
137271,18.489498,73.814643,18.82,4359.21,NORMAL
137372,18.489498,73.814643,18.82,5659.79,NORMAL
137475,18.489542,73.814665,18.82,2539.92,NORMAL
137578,18.489542,73.814665,18.82,4651.58,NORMAL
137681,18.489542,73.814665,18.82,4130.10,NORMAL
137784,18.489542,73.814665,18.82,3030.19,NORMAL
137887,18.489542,73.814665,18.82,1951.97,NORMAL
137990,18.489542,73.814665,19.43,1314.14,NORMAL
138092,18.489542,73.814665,19.43,559.04,NORMAL
138193,18.489542,73.814665,19.43,3288.71,NORMAL
138294,18.489542,73.814665,19.43,760.61,NORMAL
138396,18.489542,73.814665,19.43,1990.42,NORMAL
138499,18.489580,73.814683,19.43,5360.70,NORMAL
138602,18.489580,73.814683,19.43,1653.88,NORMAL
138705,18.489580,73.814683,19.43,1936.32,NORMAL
138808,18.489580,73.814683,19.43,3860.77,NORMAL

==============================
POTHOLE DETECTED,Count:44,Lat:18.489580,Lon:73.814683,Speed:17.41,Delta:8298.38
==============================
138921,18.489580,73.814683,17.41,8298.38,POTHOLE
139025,18.489580,73.814683,17.41,7112.28,NORMAL
139126,18.489580,73.814683,17.41,5874.67,NORMAL
139227,18.489580,73.814683,17.41,2565.63,NORMAL
139328,18.489580,73.814683,17.41,13162.81,NORMAL
139430,18.489583,73.814705,17.41,8485.15,NORMAL
139534,18.489583,73.814705,17.41,6655.21,NORMAL
139637,18.489583,73.814705,17.41,6238.40,NORMAL
139740,18.489583,73.814705,17.41,6585.12,NORMAL
139843,18.489583,73.814705,17.41,362.26,NORMAL
139946,18.489583,73.814705,15.56,4824.81,NORMAL
140049,18.489583,73.814705,15.56,793.21,NORMAL
140150,18.489583,73.814705,15.56,6496.41,NORMAL
140251,18.489583,73.814705,15.56,2003.49,NORMAL
140352,18.489583,73.814705,15.56,2808.08,NORMAL
140454,18.489625,73.814738,15.56,4487.39,NORMAL

==============================
POTHOLE DETECTED,Count:45,Lat:18.489625,Lon:73.814738,Speed:15.56,Delta:7710.57
==============================
140568,18.489625,73.814738,15.56,7710.57,POTHOLE
140672,18.489625,73.814738,15.56,9436.22,NORMAL
140775,18.489625,73.814738,15.56,13436.41,NORMAL
140878,18.489625,73.814738,15.56,5072.08,NORMAL
140981,18.489625,73.814738,20.78,11823.68,NORMAL
141083,18.489625,73.814738,20.78,8129.90,NORMAL
141185,18.489625,73.814738,20.78,8509.75,NORMAL
141286,18.489625,73.814738,20.78,5367.93,NORMAL
141387,18.489625,73.814738,20.78,5700.01,NORMAL
141490,18.489667,73.814783,20.78,10958.94,NORMAL
141593,18.489667,73.814783,20.78,1374.93,NORMAL
141696,18.489667,73.814783,20.78,13567.58,NORMAL
141799,18.489667,73.814783,20.78,4517.12,NORMAL
141902,18.489667,73.814783,20.78,4943.54,NORMAL
142005,18.489667,73.814783,25.82,7100.20,NORMAL

==============================
POTHOLE DETECTED,Count:46,Lat:18.489667,Lon:73.814783,Speed:25.82,Delta:7389.83
==============================
142117,18.489667,73.814783,25.82,7389.83,POTHOLE
142219,18.489667,73.814783,25.82,4672.10,NORMAL
142320,18.489667,73.814783,25.82,3631.38,NORMAL
142422,18.489667,73.814783,25.82,5173.41,NORMAL
142526,18.489710,73.814813,25.82,5026.78,NORMAL
142629,18.489710,73.814813,25.82,5507.98,NORMAL
142732,18.489710,73.814813,25.82,4607.30,NORMAL
142835,18.489710,73.814813,25.82,5757.02,NORMAL
142938,18.489710,73.814813,23.19,960.14,NORMAL
143041,18.489710,73.814813,23.19,1191.07,NORMAL
143142,18.489710,73.814813,23.19,1404.00,NORMAL
143243,18.489710,73.814813,23.19,6209.34,NORMAL
143344,18.489710,73.814813,23.19,12503.51,NORMAL
143447,18.489737,73.814823,23.19,5806.70,NORMAL
143550,18.489737,73.814823,23.19,3197.33,NORMAL
143653,18.489737,73.814823,23.19,3813.23,NORMAL
143756,18.489737,73.814823,23.19,4285.89,NORMAL
143859,18.489737,73.814823,23.19,200.86,NORMAL
143962,18.489737,73.814823,13.83,3421.01,NORMAL
144064,18.489737,73.814823,13.83,1800.56,NORMAL
144166,18.489737,73.814823,13.83,3137.45,NORMAL
144267,18.489737,73.814823,13.83,5980.04,NORMAL

==============================
POTHOLE DETECTED,Count:47,Lat:18.489737,Lon:73.814823,Speed:13.83,Delta:7443.53
==============================
144379,18.489737,73.814823,13.83,7443.53,POTHOLE
144482,18.489812,73.814875,13.83,9920.06,NORMAL
144585,18.489812,73.814875,13.83,7757.90,NORMAL
144688,18.489812,73.814875,13.83,2686.95,NORMAL
144791,18.489812,73.814875,13.83,6377.90,NORMAL
144894,18.489812,73.814875,13.83,5865.40,NORMAL
144997,18.489812,73.814875,15.74,2874.79,NORMAL
145099,18.489812,73.814875,15.74,3913.71,NORMAL
145200,18.489812,73.814875,15.74,3780.53,NORMAL
145301,18.489812,73.814875,15.74,3629.73,NORMAL
145403,18.489812,73.814875,15.74,1080.22,NORMAL
145506,18.489845,73.814883,15.74,1480.11,NORMAL
145609,18.489845,73.814883,15.74,8768.69,NORMAL
145712,18.489845,73.814883,15.74,4693.38,NORMAL
145815,18.489845,73.814883,15.74,1073.97,NORMAL
145918,18.489845,73.814883,15.74,6061.02,NORMAL

==============================
POTHOLE DETECTED,Count:48,Lat:18.489845,Lon:73.814883,Speed:13.33,Delta:8473.72
==============================
146031,18.489845,73.814883,13.33,8473.72,POTHOLE
146133,18.489845,73.814883,13.33,4340.68,NORMAL
146234,18.489845,73.814883,13.33,8108.16,NORMAL
146335,18.489845,73.814883,13.33,14323.07,NORMAL
146437,18.489845,73.814883,13.33,8345.99,NORMAL
146540,18.489940,73.814945,13.33,18538.64,NORMAL
146643,18.489940,73.814945,13.33,15725.91,NORMAL
146746,18.489940,73.814945,13.33,178.76,NORMAL
146849,18.489940,73.814945,13.33,10709.50,NORMAL
146952,18.489940,73.814945,16.30,2650.27,NORMAL
147055,18.489940,73.814945,16.30,4732.32,NORMAL
147156,18.489940,73.814945,16.30,2847.61,NORMAL
147257,18.489940,73.814945,16.30,2144.26,NORMAL
147358,18.489940,73.814945,16.30,5845.88,NORMAL
147461,18.490010,73.814980,16.30,3051.20,NORMAL
147564,18.490010,73.814980,16.30,6543.73,NORMAL

==============================
POTHOLE DETECTED,Count:49,Lat:18.490010,Lon:73.814980,Speed:16.30,Delta:11182.80
==============================
147677,18.490010,73.814980,16.30,11182.80,POTHOLE
147781,18.490010,73.814980,16.30,3047.45,NORMAL
147884,18.490010,73.814980,16.30,8839.37,NORMAL
147987,18.490010,73.814980,22.84,7989.73,NORMAL
148089,18.490010,73.814980,22.84,6482.40,NORMAL
148191,18.490010,73.814980,22.84,4733.24,NORMAL
148292,18.490010,73.814980,22.84,6873.54,NORMAL
148393,18.490010,73.814980,22.84,5652.01,NORMAL
148497,18.490090,73.815035,22.84,3336.13,NORMAL
148600,18.490090,73.815035,22.84,3013.39,NORMAL
148703,18.490090,73.815035,22.84,9378.01,NORMAL
148806,18.490090,73.815035,22.84,3081.87,NORMAL
148909,18.490090,73.815035,22.84,8053.82,NORMAL
149012,18.490090,73.815035,23.39,6948.03,NORMAL
149114,18.490090,73.815035,23.39,1150.94,NORMAL
149215,18.490090,73.815035,23.39,3800.13,NORMAL
149316,18.490090,73.815035,23.39,2834.71,NORMAL

==============================
POTHOLE DETECTED,Count:50,Lat:18.490090,Lon:73.815035,Speed:23.39,Delta:8072.02
==============================
149428,18.490090,73.815035,23.39,8072.02,POTHOLE
149532,18.490160,73.815065,23.39,8242.78,NORMAL
149635,18.490160,73.815065,23.39,2029.95,NORMAL
149738,18.490160,73.815065,23.39,2195.85,NORMAL
149841,18.490160,73.815065,23.39,4241.40,NORMAL
149944,18.490160,73.815065,23.39,3176.65,NORMAL
150047,18.490160,73.815065,24.71,1686.05,NORMAL
150148,18.490160,73.815065,24.71,16760.89,NORMAL
150250,18.490160,73.815065,24.71,6447.80,NORMAL
150351,18.490160,73.815065,24.71,10511.25,NORMAL
150453,18.490160,73.815065,24.71,3570.28,NORMAL
150556,18.490300,73.815107,24.71,4671.64,NORMAL
150659,18.490300,73.815107,24.71,2339.60,NORMAL
150762,18.490300,73.815107,24.71,7882.50,NORMAL
150865,18.490300,73.815107,24.71,5755.32,NORMAL
150968,18.490300,73.815107,24.71,3313.06,NORMAL
151071,18.490300,73.815107,23.41,3974.33,NORMAL
151172,18.490300,73.815107,23.41,2740.25,NORMAL
151273,18.490300,73.815107,23.41,4276.88,NORMAL
151374,18.490300,73.815107,23.41,5825.83,NORMAL
151477,18.490432,73.815130,23.41,1728.70,NORMAL
151580,18.490432,73.815130,23.41,2853.40,NORMAL
151683,18.490432,73.815130,23.41,6256.50,NORMAL
151786,18.490432,73.815130,23.41,5504.43,NORMAL
151889,18.490432,73.815130,23.41,1824.36,NORMAL
151992,18.490432,73.815130,24.58,6031.99,NORMAL
152095,18.490432,73.815130,24.58,3887.23,NORMAL

==============================
POTHOLE DETECTED,Count:51,Lat:18.490432,Lon:73.815130,Speed:24.58,Delta:9147.29
==============================
152206,18.490432,73.815130,24.58,9147.29,POTHOLE
152308,18.490432,73.815130,24.58,3263.50,NORMAL
152410,18.490432,73.815130,24.58,761.42,NORMAL
152513,18.490485,73.815128,24.58,8636.17,NORMAL
152616,18.490485,73.815128,24.58,6925.94,NORMAL
152719,18.490485,73.815128,24.58,5621.66,NORMAL
152822,18.490485,73.815128,24.58,2155.64,NORMAL
152925,18.490485,73.815128,24.58,3239.70,NORMAL
153028,18.490485,73.815128,25.17,7966.31,NORMAL
153129,18.490485,73.815128,25.17,4512.75,NORMAL
153231,18.490485,73.815128,25.17,7258.77,NORMAL
153332,18.490485,73.815128,25.17,7102.65,NORMAL
153434,18.490485,73.815128,25.17,9491.72,NORMAL
153537,18.490540,73.815125,25.17,8186.75,NORMAL
153640,18.490540,73.815125,25.17,3784.51,NORMAL
153743,18.490540,73.815125,25.17,4249.80,NORMAL
153846,18.490540,73.815125,25.17,6445.46,NORMAL

==============================
POTHOLE DETECTED,Count:52,Lat:18.490540,Lon:73.815125,Speed:25.17,Delta:7908.93
==============================
153959,18.490540,73.815125,25.17,7908.93,POTHOLE
154063,18.490540,73.815125,25.89,10884.64,NORMAL
154164,18.490540,73.815125,25.89,10651.51,NORMAL
154266,18.490540,73.815125,25.89,11077.44,NORMAL
154367,18.490540,73.815125,25.89,5205.17,NORMAL
154470,18.490610,73.815132,25.89,4010.55,NORMAL
154573,18.490610,73.815132,25.89,1562.76,NORMAL
154676,18.490610,73.815132,25.89,3882.06,NORMAL
154779,18.490610,73.815132,25.89,8129.08,NORMAL
154882,18.490610,73.815132,25.89,5709.35,NORMAL
154985,18.490610,73.815132,25.61,3382.85,NORMAL
155087,18.490610,73.815132,25.61,7208.99,NORMAL
155189,18.490610,73.815132,25.61,3702.09,NORMAL
155290,18.490610,73.815132,25.61,2418.96,NORMAL
155391,18.490610,73.815132,25.61,5160.30,NORMAL
155494,18.490682,73.815128,25.61,3814.24,NORMAL
155597,18.490682,73.815128,25.61,4763.17,NORMAL
155700,18.490682,73.815128,25.61,6534.48,NORMAL

==============================
POTHOLE DETECTED,Count:53,Lat:18.490682,Lon:73.815128,Speed:25.61,Delta:7155.18
==============================
155813,18.490682,73.815128,25.61,7155.18,POTHOLE
155917,18.490682,73.815128,25.61,3728.59,NORMAL
156020,18.490682,73.815128,27.06,5957.12,NORMAL
156122,18.490682,73.815128,27.06,3961.00,NORMAL
156223,18.490682,73.815128,27.06,5390.20,NORMAL
156324,18.490682,73.815128,27.06,8944.22,NORMAL
156426,18.490682,73.815128,27.06,1922.82,NORMAL
156529,18.490755,73.815127,27.06,2574.16,NORMAL
156632,18.490755,73.815127,27.06,2186.27,NORMAL
156735,18.490755,73.815127,27.06,1899.35,NORMAL
156838,18.490755,73.815127,27.06,6821.86,NORMAL
156941,18.490755,73.815127,27.06,7390.20,NORMAL
157044,18.490755,73.815127,26.71,4236.67,NORMAL
157145,18.490755,73.815127,26.71,4816.26,NORMAL
157247,18.490755,73.815127,26.71,1965.61,NORMAL
157348,18.490755,73.815127,26.71,6262.87,NORMAL

==============================
POTHOLE DETECTED,Count:54,Lat:18.490823,Lon:73.815135,Speed:26.71,Delta:13037.22
==============================
157461,18.490823,73.815135,26.71,13037.22,POTHOLE
157564,18.490823,73.815135,26.71,9683.10,NORMAL
157667,18.490823,73.815135,26.71,7235.71,NORMAL
157770,18.490823,73.815135,26.71,10034.36,NORMAL
157873,18.490823,73.815135,26.71,3896.22,NORMAL
157976,18.490823,73.815135,27.59,1225.86,NORMAL
158079,18.490823,73.815135,27.59,10717.55,NORMAL
158180,18.490823,73.815135,27.59,3452.04,NORMAL
158281,18.490823,73.815135,27.59,10199.31,NORMAL
158382,18.490823,73.815135,27.59,10593.68,NORMAL
158485,18.490895,73.815142,27.59,9582.92,NORMAL
158588,18.490895,73.815142,27.59,5759.65,NORMAL
158691,18.490895,73.815142,27.59,9999.13,NORMAL
158794,18.490895,73.815142,27.59,3296.70,NORMAL
158897,18.490895,73.815142,27.59,10122.08,NORMAL
159000,18.490895,73.815142,26.08,6548.42,NORMAL
159102,18.490895,73.815142,26.08,3462.89,NORMAL
159203,18.490895,73.815142,26.08,679.41,NORMAL
159304,18.490895,73.815142,26.08,6284.53,NORMAL
159405,18.490895,73.815142,26.08,4338.77,NORMAL
159509,18.490962,73.815147,26.08,3989.76,NORMAL
159612,18.490962,73.815147,26.08,3195.90,NORMAL
159715,18.490962,73.815147,26.08,2601.50,NORMAL
159818,18.490962,73.815147,26.08,548.08,NORMAL
159921,18.490962,73.815147,26.08,1614.18,NORMAL
160024,18.490962,73.815147,24.28,2502.90,NORMAL

==============================
POTHOLE DETECTED,Count:55,Lat:18.490962,Lon:73.815147,Speed:24.28,Delta:8889.87
==============================
160136,18.490962,73.815147,24.28,8889.87,POTHOLE
160238,18.490962,73.815147,24.28,4608.39,NORMAL
160339,18.490962,73.815147,24.28,4363.97,NORMAL
160441,18.490962,73.815147,24.28,1009.96,NORMAL
160545,18.491022,73.815153,24.28,4392.02,NORMAL
160648,18.491022,73.815153,24.28,9485.43,NORMAL
160751,18.491022,73.815153,24.28,2618.22,NORMAL
160854,18.491022,73.815153,24.28,3143.02,NORMAL
160957,18.491022,73.815153,24.28,3447.75,NORMAL
161060,18.491022,73.815153,23.21,2967.07,NORMAL
161161,18.491022,73.815153,23.21,877.38,NORMAL
161262,18.491022,73.815153,23.21,9269.09,NORMAL
161363,18.491022,73.815153,23.21,8807.81,NORMAL
161466,18.491080,73.815172,23.21,9512.81,NORMAL
161569,18.491080,73.815172,23.21,7547.44,NORMAL
161672,18.491080,73.815172,23.21,4747.59,NORMAL
161775,18.491080,73.815172,23.21,6170.81,NORMAL

==============================
POTHOLE DETECTED,Count:56,Lat:18.491080,Lon:73.815172,Speed:23.21,Delta:12165.06
==============================
161888,18.491080,73.815172,23.21,12165.06,POTHOLE
161992,18.491080,73.815172,24.11,329.16,NORMAL
162095,18.491080,73.815172,24.11,7644.23,NORMAL
162196,18.491080,73.815172,24.11,7861.94,NORMAL
162297,18.491080,73.815172,24.11,6701.62,NORMAL
162398,18.491080,73.815172,24.11,9457.03,NORMAL
162502,18.491137,73.815183,24.11,5885.97,NORMAL
162605,18.491137,73.815183,24.11,2324.85,NORMAL
162708,18.491137,73.815183,24.11,5989.18,NORMAL
162811,18.491137,73.815183,24.11,4727.48,NORMAL
162914,18.491137,73.815183,24.11,5035.14,NORMAL
163017,18.491137,73.815183,24.37,9249.01,NORMAL
163119,18.491137,73.815183,24.37,6256.62,NORMAL
163220,18.491137,73.815183,24.37,1706.13,NORMAL
163321,18.491137,73.815183,24.37,6541.73,NORMAL

==============================
POTHOLE DETECTED,Count:57,Lat:18.491137,Lon:73.815183,Speed:24.37,Delta:12441.65
==============================
163433,18.491137,73.815183,24.37,12441.65,POTHOLE
163537,18.491197,73.815187,24.37,4642.91,NORMAL
163640,18.491197,73.815187,24.37,3224.20,NORMAL
163743,18.491197,73.815187,24.37,1203.89,NORMAL
163846,18.491197,73.815187,24.37,10841.42,NORMAL
163949,18.491197,73.815187,24.37,746.36,NORMAL
164052,18.491197,73.815187,24.78,6155.22,NORMAL
164153,18.491197,73.815187,24.78,11880.28,NORMAL
164255,18.491197,73.815187,24.78,12116.48,NORMAL
164356,18.491197,73.815187,24.78,4816.01,NORMAL
164459,18.491257,73.815193,24.78,4198.89,NORMAL
164562,18.491257,73.815193,24.78,5741.02,NORMAL
164665,18.491257,73.815193,24.78,2225.49,NORMAL
164768,18.491257,73.815193,24.78,10169.60,NORMAL
164871,18.491257,73.815193,24.78,3123.05,NORMAL

==============================
POTHOLE DETECTED,Count:58,Lat:18.491257,Lon:73.815193,Speed:25.89,Delta:7192.49
==============================
164984,18.491257,73.815193,25.89,7192.49,POTHOLE
165088,18.491257,73.815193,25.89,7365.32,NORMAL
165189,18.491257,73.815193,25.89,2124.51,NORMAL
165290,18.491257,73.815193,25.89,3991.45,NORMAL
165391,18.491257,73.815193,25.89,8608.92,NORMAL
165494,18.491323,73.815190,25.89,1569.02,NORMAL
165597,18.491323,73.815190,25.89,3056.97,NORMAL
165700,18.491323,73.815190,25.89,1153.54,NORMAL
165803,18.491323,73.815190,25.89,6338.58,NORMAL
165906,18.491323,73.815190,25.89,3968.07,NORMAL
166009,18.491323,73.815190,26.48,1691.53,NORMAL
166111,18.491323,73.815190,26.48,6694.79,NORMAL
166212,18.491323,73.815190,26.48,8373.48,NORMAL
166313,18.491323,73.815190,26.48,8012.19,NORMAL
166415,18.491323,73.815190,26.48,4575.66,NORMAL

==============================
POTHOLE DETECTED,Count:59,Lat:18.491392,Lon:73.815193,Speed:26.48,Delta:11217.10
==============================
166528,18.491392,73.815193,26.48,11217.10,POTHOLE
166632,18.491392,73.815193,26.48,7497.62,NORMAL
166735,18.491392,73.815193,26.48,7212.04,NORMAL
166838,18.491392,73.815193,26.48,5610.15,NORMAL
166941,18.491392,73.815193,26.48,11212.94,NORMAL
167044,18.491392,73.815193,27.34,14595.19,NORMAL
167145,18.491392,73.815193,27.34,9915.86,NORMAL
167247,18.491392,73.815193,27.34,4419.64,NORMAL
167348,18.491392,73.815193,27.34,8046.73,NORMAL
167450,18.491462,73.815195,27.34,2474.69,NORMAL
167554,18.491462,73.815195,27.34,2663.14,NORMAL
167657,18.491462,73.815195,27.34,8782.77,NORMAL
167760,18.491462,73.815195,27.34,8678.84,NORMAL
167863,18.491462,73.815195,27.34,6079.67,NORMAL
167966,18.491462,73.815195,27.89,10400.52,NORMAL

==============================
POTHOLE DETECTED,Count:60,Lat:18.491462,Lon:73.815195,Speed:27.89,Delta:11485.70
==============================
168079,18.491462,73.815195,27.89,11485.70,POTHOLE
168181,18.491462,73.815195,27.89,2328.24,NORMAL
168282,18.491462,73.815195,27.89,654.85,NORMAL
168383,18.491462,73.815195,27.89,7021.43,NORMAL
168486,18.491533,73.815197,27.89,2953.24,NORMAL
168589,18.491533,73.815197,27.89,4529.78,NORMAL
168692,18.491533,73.815197,27.89,7906.45,NORMAL
168795,18.491533,73.815197,27.89,1478.47,NORMAL
168898,18.491533,73.815197,27.89,3052.26,NORMAL
169001,18.491533,73.815197,28.56,1471.27,NORMAL
169103,18.491533,73.815197,28.56,5575.78,NORMAL
169205,18.491533,73.815197,28.56,4008.97,NORMAL
169306,18.491533,73.815197,28.56,1343.26,NORMAL
169407,18.491533,73.815197,28.56,14438.63,NORMAL
169511,18.491608,73.815192,28.56,12452.13,NORMAL
169614,18.491608,73.815192,28.56,4236.19,NORMAL

==============================
POTHOLE DETECTED,Count:61,Lat:18.491608,Lon:73.815192,Speed:28.56,Delta:10885.82
==============================
169727,18.491608,73.815192,28.56,10885.82,POTHOLE
169831,18.491608,73.815192,28.56,10795.33,NORMAL
169934,18.491608,73.815192,28.56,11863.55,NORMAL
170037,18.491608,73.815192,30.35,2117.12,NORMAL
170139,18.491608,73.815192,30.35,4981.04,NORMAL
170240,18.491608,73.815192,30.35,6639.82,NORMAL
170341,18.491608,73.815192,30.35,2899.29,NORMAL
170443,18.491683,73.815192,30.35,1023.04,NORMAL
170547,18.491683,73.815192,30.35,1947.93,NORMAL
170650,18.491683,73.815192,30.35,4114.40,NORMAL
170753,18.491683,73.815192,30.35,4436.21,NORMAL
170856,18.491683,73.815192,30.35,4242.60,NORMAL
170959,18.491683,73.815192,30.35,9491.02,NORMAL
171062,18.491683,73.815192,30.39,13341.71,NORMAL
171163,18.491683,73.815192,30.39,5430.67,NORMAL
171264,18.491683,73.815192,30.39,5023.58,NORMAL

==============================
POTHOLE DETECTED,Count:62,Lat:18.491683,Lon:73.815192,Speed:30.39,Delta:9402.14
==============================
171375,18.491683,73.815192,30.39,9402.14,POTHOLE
171479,18.491758,73.815190,30.39,15959.17,NORMAL
171582,18.491758,73.815190,30.39,4668.11,NORMAL
171685,18.491758,73.815190,30.39,21539.85,NORMAL
171788,18.491758,73.815190,30.39,16759.85,NORMAL
171891,18.491758,73.815190,30.39,10880.24,NORMAL
171994,18.491758,73.815190,30.09,5322.05,NORMAL
172096,18.491758,73.815190,30.09,1483.41,NORMAL
172198,18.491758,73.815190,30.09,4348.82,NORMAL
172299,18.491758,73.815190,30.09,10850.68,NORMAL
172400,18.491758,73.815190,30.09,9954.63,NORMAL
172504,18.491835,73.815190,30.09,2296.09,NORMAL
172607,18.491835,73.815190,30.09,4659.23,NORMAL
172710,18.491835,73.815190,30.09,1939.01,NORMAL
172813,18.491835,73.815190,30.09,1257.42,NORMAL
172916,18.491835,73.815190,30.09,4722.27,NORMAL
173019,18.491835,73.815190,30.00,1378.63,NORMAL
173121,18.491835,73.815190,30.00,1743.38,NORMAL
173222,18.491835,73.815190,30.00,1952.82,NORMAL
173323,18.491835,73.815190,30.00,638.73,NORMAL

==============================
POTHOLE DETECTED,Count:63,Lat:18.491835,Lon:73.815190,Speed:30.00,Delta:7514.87
==============================
173435,18.491835,73.815190,30.00,7514.87,POTHOLE
173538,18.491910,73.815188,30.00,9970.70,NORMAL
173641,18.491910,73.815188,30.00,738.16,NORMAL
173744,18.491910,73.815188,30.00,2740.30,NORMAL
173847,18.491910,73.815188,30.00,7524.25,NORMAL
173950,18.491910,73.815188,30.00,2074.26,NORMAL
174053,18.491910,73.815188,29.43,3949.57,NORMAL
174155,18.491910,73.815188,29.43,8268.28,NORMAL
174256,18.491910,73.815188,29.43,2165.22,NORMAL
174357,18.491910,73.815188,29.43,2060.74,NORMAL
174460,18.491988,73.815183,29.43,5375.24,NORMAL
174563,18.491988,73.815183,29.43,12010.02,NORMAL
174666,18.491988,73.815183,29.43,7527.90,NORMAL
174769,18.491988,73.815183,29.43,1865.79,NORMAL
174872,18.491988,73.815183,29.43,6811.07,NORMAL

==============================
POTHOLE DETECTED,Count:64,Lat:18.491988,Lon:73.815183,Speed:30.78,Delta:9930.81
==============================
174985,18.491988,73.815183,30.78,9930.81,POTHOLE
175089,18.491988,73.815183,30.78,11286.99,NORMAL
175190,18.491988,73.815183,30.78,4821.69,NORMAL
175291,18.491988,73.815183,30.78,7073.05,NORMAL
175392,18.491988,73.815183,30.78,4006.00,NORMAL
175495,18.492063,73.815182,30.78,4747.33,NORMAL
175598,18.492063,73.815182,30.78,4647.10,NORMAL
175701,18.492063,73.815182,30.78,7395.10,NORMAL
175804,18.492063,73.815182,30.78,18838.50,NORMAL
175907,18.492063,73.815182,30.78,8020.38,NORMAL
176010,18.492063,73.815182,30.04,9625.43,NORMAL
176112,18.492063,73.815182,30.04,8589.48,NORMAL
176213,18.492063,73.815182,30.04,2821.17,NORMAL
176314,18.492063,73.815182,30.04,7478.85,NORMAL
176416,18.492063,73.815182,30.04,2163.54,NORMAL
176519,18.492142,73.815178,30.04,4159.32,NORMAL

==============================
POTHOLE DETECTED,Count:65,Lat:18.492142,Lon:73.815178,Speed:30.04,Delta:8734.54
==============================
176632,18.492142,73.815178,30.04,8734.54,POTHOLE
176736,18.492142,73.815178,30.04,3451.48,NORMAL
176839,18.492142,73.815178,30.04,5604.14,NORMAL
176942,18.492142,73.815178,30.04,2649.10,NORMAL
177045,18.492142,73.815178,30.72,6723.32,NORMAL
177146,18.492142,73.815178,30.72,5914.54,NORMAL
177248,18.492142,73.815178,30.72,5861.47,NORMAL
177349,18.492142,73.815178,30.72,8255.22,NORMAL
177451,18.492220,73.815177,30.72,5543.32,NORMAL
177555,18.492220,73.815177,30.72,5331.46,NORMAL
177658,18.492220,73.815177,30.72,8800.36,NORMAL
177761,18.492220,73.815177,30.72,7178.17,NORMAL
177864,18.492220,73.815177,30.72,4353.42,NORMAL
177967,18.492220,73.815177,31.17,1320.58,NORMAL
178070,18.492220,73.815177,31.17,6656.28,NORMAL
178171,18.492220,73.815177,31.17,649.97,NORMAL
178272,18.492220,73.815177,31.17,5072.42,NORMAL
178373,18.492220,73.815177,31.17,2311.29,NORMAL
178476,18.492298,73.815175,31.17,6495.53,NORMAL

==============================
POTHOLE DETECTED,Count:66,Lat:18.492298,Lon:73.815175,Speed:31.17,Delta:9342.73
==============================
178589,18.492298,73.815175,31.17,9342.73,POTHOLE
178693,18.492298,73.815175,31.17,1879.28,NORMAL
178796,18.492298,73.815175,31.17,5400.61,NORMAL
178899,18.492298,73.815175,31.17,8254.49,NORMAL
179002,18.492298,73.815175,30.78,6624.46,NORMAL
179104,18.492298,73.815175,30.78,1218.23,NORMAL
179206,18.492298,73.815175,30.78,3275.41,NORMAL
179307,18.492298,73.815175,30.78,6204.79,NORMAL
179409,18.492298,73.815175,30.78,9597.60,NORMAL
179512,18.492377,73.815167,30.78,8418.38,NORMAL
179615,18.492377,73.815167,30.78,5335.58,NORMAL
179718,18.492377,73.815167,30.78,5249.10,NORMAL
179821,18.492377,73.815167,30.78,3487.40,NORMAL
179924,18.492377,73.815167,30.78,4136.71,NORMAL
180027,18.492377,73.815167,29.98,4089.30,NORMAL
180129,18.492377,73.815167,29.98,5117.43,NORMAL
180230,18.492377,73.815167,29.98,5124.50,NORMAL
180331,18.492377,73.815167,29.98,6512.35,NORMAL
180433,18.492377,73.815167,29.98,4670.25,NORMAL
180536,18.492447,73.815162,29.98,3584.04,NORMAL
180639,18.492447,73.815162,29.98,5830.33,NORMAL
180742,18.492447,73.815162,29.98,0.00,NORMAL
180845,18.492447,73.815162,29.98,5610.55,NORMAL

==============================
POTHOLE DETECTED,Count:67,Lat:18.492447,Lon:73.815162,Speed:29.98,Delta:11505.53
==============================
180958,18.492447,73.815162,29.98,11505.53,POTHOLE
181062,18.492447,73.815162,26.71,18704.40,NORMAL
181163,18.492447,73.815162,26.71,10812.85,NORMAL
181264,18.492447,73.815162,26.71,1002.73,NORMAL
181365,18.492447,73.815162,26.71,1438.66,NORMAL
181468,18.492505,73.815160,26.71,3331.03,NORMAL
181571,18.492505,73.815160,26.71,13741.04,NORMAL
181674,18.492505,73.815160,26.71,11424.74,NORMAL
181777,18.492505,73.815160,26.71,2275.08,NORMAL
181880,18.492505,73.815160,26.71,2068.59,NORMAL
181983,18.492505,73.815160,22.17,2036.02,NORMAL
182086,18.492505,73.815160,22.17,4265.98,NORMAL
182187,18.492505,73.815160,22.17,6079.56,NORMAL
182288,18.492505,73.815160,22.17,4998.74,NORMAL
182389,18.492505,73.815160,22.17,3895.23,NORMAL
182492,18.492548,73.815158,22.17,4428.52,NORMAL
182595,18.492548,73.815158,22.17,5320.79,NORMAL
182698,18.492548,73.815158,22.17,443.35,NORMAL
182801,18.492548,73.815158,22.17,2090.81,NORMAL
182904,18.492548,73.815158,22.17,2971.97,NORMAL
183007,18.492548,73.815158,17.35,982.28,NORMAL
183109,18.492548,73.815158,17.35,512.73,NORMAL
183211,18.492548,73.815158,17.35,239.24,NORMAL
183312,18.492548,73.815158,17.35,1026.52,NORMAL
183414,18.492548,73.815158,17.35,3657.28,NORMAL
183517,18.492585,73.815158,17.35,4564.65,NORMAL
183620,18.492585,73.815158,17.35,3907.01,NORMAL
183723,18.492585,73.815158,17.35,3414.67,NORMAL
183826,18.492585,73.815158,17.35,2419.08,NORMAL
183929,18.492585,73.815158,17.35,5091.28,NORMAL
184032,18.492585,73.815158,14.78,3822.71,NORMAL
184134,18.492585,73.815158,14.78,1963.82,NORMAL
184235,18.492585,73.815158,14.78,1894.98,NORMAL
184336,18.492585,73.815158,14.78,2127.35,NORMAL
184438,18.492585,73.815158,14.78,3368.20,NORMAL
184541,18.492623,73.815153,14.78,3550.35,NORMAL
184644,18.492623,73.815153,14.78,3245.73,NORMAL

==============================
POTHOLE DETECTED,Count:68,Lat:18.492623,Lon:73.815153,Speed:14.78,Delta:8704.41
==============================
184757,18.492623,73.815153,14.78,8704.41,POTHOLE
184861,18.492623,73.815153,14.78,10612.86,NORMAL
184964,18.492623,73.815153,14.78,7744.50,NORMAL
185067,18.492623,73.815153,15.46,4038.75,NORMAL
185168,18.492623,73.815153,15.46,2659.39,NORMAL
185269,18.492623,73.815153,15.46,522.75,NORMAL
185370,18.492623,73.815153,15.46,4287.57,NORMAL
185473,18.492665,73.815148,15.46,6459.08,NORMAL
185576,18.492665,73.815148,15.46,1584.46,NORMAL
185679,18.492665,73.815148,15.46,3222.49,NORMAL
185782,18.492665,73.815148,15.46,2818.44,NORMAL
185885,18.492665,73.815148,15.46,5717.64,NORMAL
185988,18.492665,73.815148,17.50,3296.77,NORMAL
186091,18.492665,73.815148,17.50,898.87,NORMAL
186192,18.492665,73.815148,17.50,7626.80,NORMAL
186293,18.492665,73.815148,17.50,3231.78,NORMAL

==============================
POTHOLE DETECTED,Count:69,Lat:18.492665,Lon:73.815148,Speed:17.50,Delta:9841.97
==============================
186405,18.492665,73.815148,17.50,9841.97,POTHOLE
186508,18.492717,73.815143,17.50,2085.85,NORMAL
186611,18.492717,73.815143,17.50,4030.58,NORMAL
186714,18.492717,73.815143,17.50,2805.66,NORMAL
186817,18.492717,73.815143,17.50,1858.85,NORMAL
186920,18.492717,73.815143,17.50,3430.74,NORMAL
187023,18.492717,73.815143,20.74,1685.99,NORMAL
187125,18.492717,73.815143,20.74,5124.00,NORMAL
187226,18.492717,73.815143,20.74,6903.18,NORMAL
187327,18.492717,73.815143,20.74,5867.61,NORMAL
187429,18.492717,73.815143,20.74,1995.70,NORMAL
187532,18.492768,73.815132,20.74,970.89,NORMAL
187635,18.492768,73.815132,20.74,1436.63,NORMAL
187738,18.492768,73.815132,20.74,3896.14,NORMAL
187841,18.492768,73.815132,20.74,5634.77,NORMAL
187944,18.492768,73.815132,20.74,3435.35,NORMAL

==============================
POTHOLE DETECTED,Count:70,Lat:18.492768,Lon:73.815132,Speed:21.17,Delta:9949.53
==============================
188057,18.492768,73.815132,21.17,9949.53,POTHOLE
188159,18.492768,73.815132,21.17,14018.46,NORMAL
188261,18.492768,73.815132,21.17,9693.12,NORMAL
188362,18.492768,73.815132,21.17,3154.94,NORMAL
188464,18.492813,73.815113,21.17,5217.09,NORMAL
188568,18.492813,73.815113,21.17,12734.22,NORMAL
188671,18.492813,73.815113,21.17,1337.01,NORMAL
188774,18.492813,73.815113,21.17,10154.34,NORMAL
188877,18.492813,73.815113,21.17,7066.66,NORMAL
188980,18.492813,73.815113,21.17,8097.29,NORMAL
189083,18.492813,73.815113,21.74,9032.87,NORMAL
189184,18.492813,73.815113,21.74,1394.76,NORMAL
189285,18.492813,73.815113,21.74,1690.91,NORMAL
189386,18.492813,73.815113,21.74,5898.70,NORMAL
189489,18.492863,73.815087,21.74,3158.29,NORMAL
189592,18.492863,73.815087,21.74,4881.62,NORMAL
189695,18.492863,73.815087,21.74,3099.86,NORMAL
189798,18.492863,73.815087,21.74,6581.00,NORMAL
189901,18.492863,73.815087,21.74,3613.64,NORMAL

==============================
POTHOLE DETECTED,Count:71,Lat:18.492863,Lon:73.815087,Speed:23.08,Delta:7619.89
==============================
190014,18.492863,73.815087,23.08,7619.89,POTHOLE
190118,18.492863,73.815087,23.08,6215.70,NORMAL
190219,18.492863,73.815087,23.08,1351.53,NORMAL
190320,18.492863,73.815087,23.08,5256.28,NORMAL
190421,18.492863,73.815087,23.08,15400.33,NORMAL
190525,18.492918,73.815067,23.08,7463.14,NORMAL
190628,18.492918,73.815067,23.08,29885.06,NORMAL
190731,18.492918,73.815067,23.08,26898.79,NORMAL
190834,18.492918,73.815067,23.08,29201.86,NORMAL
190937,18.492918,73.815067,23.08,21899.84,NORMAL
191040,18.492918,73.815067,23.56,9761.94,NORMAL
191142,18.492918,73.815067,23.56,9801.80,NORMAL
191243,18.492918,73.815067,23.56,6494.79,NORMAL
191344,18.492918,73.815067,23.56,3336.56,NORMAL
191446,18.492973,73.815050,23.56,7430.77,NORMAL
191550,18.492973,73.815050,23.56,6395.81,NORMAL
191653,18.492973,73.815050,23.56,1182.26,NORMAL
191756,18.492973,73.815050,23.56,5954.29,NORMAL
191859,18.492973,73.815050,23.56,6130.48,NORMAL
191962,18.492973,73.815050,23.56,2897.11,NORMAL
192065,18.492973,73.815050,23.52,3986.21,NORMAL

==============================
POTHOLE DETECTED,Count:72,Lat:18.492973,Lon:73.815050,Speed:23.52,Delta:8543.75
==============================
192177,18.492973,73.815050,23.52,8543.75,POTHOLE
192278,18.492973,73.815050,23.52,4844.08,NORMAL
192379,18.492973,73.815050,23.52,3685.63,NORMAL
192482,18.493028,73.815017,23.52,4816.68,NORMAL
192585,18.493028,73.815017,23.52,1118.02,NORMAL
192688,18.493028,73.815017,23.52,5243.01,NORMAL
192791,18.493028,73.815017,23.52,2761.40,NORMAL
192894,18.493028,73.815017,23.52,4618.30,NORMAL
192997,18.493028,73.815017,24.56,1156.15,NORMAL
193099,18.493028,73.815017,24.56,2656.51,NORMAL
193201,18.493028,73.815017,24.56,2266.86,NORMAL
193302,18.493028,73.815017,24.56,2986.72,NORMAL
193403,18.493028,73.815017,24.56,5939.88,NORMAL
193507,18.493077,73.814982,24.56,924.51,NORMAL
193610,18.493077,73.814982,24.56,5241.38,NORMAL
193713,18.493077,73.814982,24.56,4128.95,NORMAL
193816,18.493077,73.814982,24.56,2239.23,NORMAL
193919,18.493077,73.814982,24.56,5599.42,NORMAL

==============================
POTHOLE DETECTED,Count:73,Lat:18.493077,Lon:73.814982,Speed:22.78,Delta:8168.40
==============================
194032,18.493077,73.814982,22.78,8168.40,POTHOLE
194135,18.493077,73.814982,22.78,4362.85,NORMAL
194236,18.493077,73.814982,22.78,1816.32,NORMAL
194337,18.493077,73.814982,22.78,4210.73,NORMAL
194439,18.493077,73.814982,22.78,5854.35,NORMAL
194542,18.493118,73.814942,22.78,5710.07,NORMAL
194645,18.493118,73.814942,22.78,3126.32,NORMAL
194748,18.493118,73.814942,22.78,5209.89,NORMAL
194851,18.493118,73.814942,22.78,5071.38,NORMAL
194954,18.493118,73.814942,22.78,8486.79,NORMAL
195057,18.493118,73.814942,21.82,4546.13,NORMAL
195158,18.493118,73.814942,21.82,4138.87,NORMAL
195260,18.493118,73.814942,21.82,3462.73,NORMAL
195361,18.493118,73.814942,21.82,5651.21,NORMAL
195464,18.493157,73.814895,21.82,10721.22,NORMAL

==============================
POTHOLE DETECTED,Count:74,Lat:18.493157,Lon:73.814895,Speed:21.82,Delta:11029.50
==============================
195577,18.493157,73.814895,21.82,11029.50,POTHOLE
195681,18.493157,73.814895,21.82,5099.81,NORMAL
195784,18.493157,73.814895,21.82,6042.62,NORMAL
195887,18.493157,73.814895,21.82,6388.60,NORMAL
195990,18.493157,73.814895,23.65,5548.59,NORMAL
196093,18.493157,73.814895,23.65,2788.35,NORMAL
196194,18.493157,73.814895,23.65,3459.97,NORMAL
196295,18.493157,73.814895,23.65,8257.89,NORMAL
196396,18.493157,73.814895,23.65,14137.61,NORMAL
196500,18.493195,73.814847,23.65,2504.37,NORMAL
196603,18.493195,73.814847,23.65,7754.00,NORMAL
196706,18.493195,73.814847,23.65,3159.04,NORMAL
196809,18.493195,73.814847,23.65,9459.20,NORMAL
196912,18.493195,73.814847,23.65,3921.30,NORMAL
197015,18.493195,73.814847,24.15,4722.21,NORMAL
197117,18.493195,73.814847,24.15,4391.15,NORMAL
197218,18.493195,73.814847,24.15,1864.09,NORMAL
197319,18.493195,73.814847,24.15,6049.84,NORMAL
197420,18.493195,73.814847,24.15,6803.97,NORMAL
197524,18.493230,73.814792,24.15,4076.94,NORMAL
197627,18.493230,73.814792,24.15,2717.42,NORMAL

==============================
POTHOLE DETECTED,Count:75,Lat:18.493230,Lon:73.814792,Speed:24.15,Delta:9255.88
==============================
197740,18.493230,73.814792,24.15,9255.88,POTHOLE
197844,18.493230,73.814792,24.15,2695.34,NORMAL
197947,18.493230,73.814792,24.15,6984.83,NORMAL
198050,18.493230,73.814792,24.48,8528.86,NORMAL
198152,18.493230,73.814792,24.48,5601.75,NORMAL
198253,18.493230,73.814792,24.48,10446.21,NORMAL
198354,18.493230,73.814792,24.48,1572.21,NORMAL
198456,18.493230,73.814792,24.48,4587.14,NORMAL
198559,18.493258,73.814732,24.48,5483.53,NORMAL
198662,18.493258,73.814732,24.48,1789.11,NORMAL
198765,18.493258,73.814732,24.48,10664.04,NORMAL
198868,18.493258,73.814732,24.48,6128.35,NORMAL
198971,18.493258,73.814732,24.48,5606.13,NORMAL
199074,18.493258,73.814732,25.13,2892.24,NORMAL
199175,18.493258,73.814732,25.13,6660.57,NORMAL
199277,18.493258,73.814732,25.13,3321.06,NORMAL
