ets Jul 29 2019 12:21:46

rst:0x1 (POWERON_RESET),boot:0x13 (SPI_FAST_FLASH_BOOT)
configsip: 0, SPIWP:0xee
clk_drv:0x00,q_drv:0x00,d_drv:0x00,cs0_drv:0x00,hd_drv:0x00,wp_drv:0x00
mode:DIO, clock div:1
load:0x3fff0030,len:4888
load:0x40078000,len:16516
load:0x40080400,len:4
load:0x40080404,len:3476
entry 0x400805b4
SYSTEM STARTED
CALIBRATING FOR 5 SECONDS...
CALIBRATION COMPLETE
BASELINE: 848.85
5534,18.496862,73.832570,0.56,0.00,GREEN
5637,18.496862,73.832570,0.56,546.49,GREEN
5740,18.496862,73.832570,0.56,687.87,GREEN
5843,18.496862,73.832570,0.56,371.31,GREEN
5946,18.496862,73.832570,0.46,332.27,GREEN
6048,18.496862,73.832570,0.46,296.38,GREEN
6150,18.496862,73.832570,0.46,193.84,GREEN
6251,18.496862,73.832570,0.46,0.00,GREEN
6353,18.496862,73.832570,0.46,0.00,GREEN
6456,18.496863,73.832570,0.46,0.00,GREEN
6559,18.496863,73.832570,0.46,0.00,GREEN
6662,18.496863,73.832570,0.46,51.00,GREEN
6765,18.496863,73.832570,0.46,154.87,GREEN
6868,18.496863,73.832570,0.46,0.44,GREEN
6971,18.496863,73.832570,0.00,0.00,GREEN
7073,18.496863,73.832570,0.00,181.91,GREEN
7174,18.496863,73.832570,0.00,54.38,GREEN
7275,18.496863,73.832570,0.00,0.00,GREEN
7377,18.496863,73.832570,0.00,72.75,GREEN
7480,18.496863,73.832570,0.00,207.12,GREEN
7583,18.496863,73.832570,0.00,0.00,GREEN
7686,18.496863,73.832570,0.00,0.00,GREEN
7789,18.496863,73.832570,0.00,0.00,GREEN
7892,18.496863,73.832570,0.00,0.00,GREEN
7995,18.496863,73.832570,0.00,0.00,GREEN
8096,18.496863,73.832570,0.00,0.00,GREEN
8198,18.496863,73.832570,0.00,0.00,GREEN
8299,18.496863,73.832570,0.00,0.00,GREEN
8402,18.496865,73.832568,0.00,0.00,GREEN
8505,18.496865,73.832568,0.00,0.00,GREEN
8608,18.496865,73.832568,0.00,0.00,GREEN
8711,18.496865,73.832568,0.00,0.00,GREEN
8814,18.496865,73.832568,0.00,0.00,GREEN
8917,18.496865,73.832568,0.00,0.00,GREEN
9020,18.496865,73.832568,0.00,0.00,GREEN
9121,18.496865,73.832568,0.00,0.00,GREEN
9222,18.496865,73.832568,0.00,0.00,GREEN
9323,18.496865,73.832568,0.00,0.00,GREEN
9426,18.496865,73.832568,0.00,0.00,GREEN
9529,18.496865,73.832568,0.00,0.00,GREEN
9632,18.496865,73.832568,0.00,0.00,GREEN
9735,18.496865,73.832568,0.00,0.00,GREEN
9838,18.496865,73.832568,0.00,0.00,GREEN
9941,18.496865,73.832568,0.44,0.00,GREEN
10044,18.496865,73.832568,0.44,0.00,GREEN
10145,18.496865,73.832568,0.44,0.00,GREEN
10246,18.496865,73.832568,0.44,0.00,GREEN
10347,18.496865,73.832568,0.44,0.00,GREEN
10451,18.496865,73.832568,0.44,0.00,GREEN
10554,18.496865,73.832568,0.44,0.00,GREEN
10657,18.496865,73.832568,0.44,0.00,GREEN
10760,18.496865,73.832568,0.44,0.00,GREEN
10863,18.496865,73.832568,0.44,0.00,GREEN
10966,18.496865,73.832568,0.00,0.00,GREEN
11068,18.496865,73.832568,0.00,0.00,GREEN
11169,18.496865,73.832568,0.00,0.00,GREEN
11270,18.496865,73.832568,0.00,0.00,GREEN
11372,18.496865,73.832568,0.00,102.33,GREEN
11475,18.496865,73.832568,0.00,164.89,GREEN
11578,18.496865,73.832568,0.00,0.00,GREEN
11681,18.496865,73.832568,0.00,0.00,GREEN
11784,18.496865,73.832568,0.00,0.00,GREEN
11887,18.496865,73.832568,0.00,0.00,GREEN
11990,18.496865,73.832568,0.00,58.23,GREEN
12092,18.496865,73.832568,0.00,408.87,GREEN
12193,18.496865,73.832568,0.00,288.90,GREEN
12294,18.496865,73.832568,0.00,214.22,GREEN
12396,18.496865,73.832568,0.00,0.00,GREEN
12500,18.496865,73.832568,0.00,0.00,GREEN
12603,18.496865,73.832568,0.00,0.00,GREEN
12706,18.496865,73.832568,0.00,0.00,GREEN
12809,18.496865,73.832568,0.00,0.00,GREEN
12912,18.496865,73.832568,0.00,710.93,GREEN
13015,18.496865,73.832568,0.00,1649.74,GREEN
13116,18.496865,73.832568,0.00,966.46,GREEN
13217,18.496865,73.832568,0.00,0.00,GREEN
13318,18.496865,73.832568,0.00,234.25,GREEN
13421,18.496867,73.832570,0.00,517.56,GREEN
13524,18.496867,73.832570,0.00,752.19,GREEN
13627,18.496867,73.832570,0.00,406.94,GREEN
13730,18.496867,73.832570,0.00,0.00,GREEN
13833,18.496867,73.832570,0.00,32.17,GREEN
13936,18.496867,73.832570,0.41,155.98,GREEN
14039,18.496867,73.832570,0.41,225.10,GREEN
14140,18.496867,73.832570,0.41,0.00,GREEN
14241,18.496867,73.832570,0.41,0.00,GREEN
14342,18.496867,73.832570,0.41,0.00,GREEN
14446,18.496868,73.832572,0.41,0.00,GREEN
14549,18.496868,73.832572,0.41,0.00,GREEN
14652,18.496868,73.832572,0.41,0.00,GREEN
14755,18.496868,73.832572,0.41,0.00,GREEN
14858,18.496868,73.832572,0.41,0.00,GREEN
14961,18.496868,73.832572,0.00,0.00,GREEN
15063,18.496868,73.832572,0.00,0.00,GREEN
15164,18.496868,73.832572,0.00,0.00,GREEN
15265,18.496868,73.832572,0.00,0.00,GREEN
15367,18.496868,73.832572,0.00,0.00,GREEN
15470,18.496868,73.832575,0.00,0.00,GREEN
15573,18.496868,73.832575,0.00,0.00,GREEN
15676,18.496868,73.832575,0.00,0.00,GREEN
15779,18.496868,73.832575,0.00,0.00,GREEN
15882,18.496868,73.832575,0.00,0.00,GREEN
15985,18.496868,73.832575,0.00,0.00,GREEN
16087,18.496868,73.832575,0.00,0.00,GREEN
16188,18.496868,73.832575,0.00,0.00,GREEN
16289,18.496868,73.832575,0.00,0.00,GREEN
16391,18.496868,73.832575,0.00,0.00,GREEN
16494,18.496872,73.832577,0.00,242.63,GREEN
16597,18.496872,73.832577,0.00,332.75,GREEN
16700,18.496872,73.832577,0.00,0.00,GREEN
16803,18.496872,73.832577,0.00,0.00,GREEN
16906,18.496872,73.832577,0.00,0.00,GREEN
17009,18.496872,73.832577,0.00,0.00,GREEN
17111,18.496872,73.832577,0.00,0.00,GREEN
17212,18.496872,73.832577,0.00,152.97,GREEN
17313,18.496872,73.832577,0.00,0.00,GREEN
17416,18.496873,73.832577,0.00,0.00,GREEN
17519,18.496873,73.832577,0.00,0.00,GREEN
17622,18.496873,73.832577,0.00,0.00,GREEN
17725,18.496873,73.832577,0.00,0.00,GREEN
17828,18.496873,73.832577,0.00,0.00,GREEN
17931,18.496873,73.832577,0.00,0.00,GREEN
18034,18.496873,73.832577,0.00,0.00,GREEN
18135,18.496873,73.832577,0.00,0.00,GREEN
18236,18.496873,73.832577,0.00,0.00,GREEN
18337,18.496873,73.832577,0.00,0.00,GREEN
18441,18.496873,73.832577,0.00,0.00,GREEN
18544,18.496873,73.832577,0.00,0.00,GREEN
18647,18.496873,73.832577,0.00,0.00,GREEN
18750,18.496873,73.832577,0.00,0.00,GREEN
18853,18.496873,73.832577,0.00,0.00,GREEN
18956,18.496873,73.832577,0.00,0.00,GREEN
19058,18.496873,73.832577,0.00,0.00,GREEN
19160,18.496873,73.832577,0.00,0.00,GREEN
19261,18.496873,73.832577,0.00,0.00,GREEN
19363,18.496873,73.832577,0.00,0.00,GREEN
19466,18.496873,73.832575,0.00,0.00,GREEN
19569,18.496873,73.832575,0.00,0.00,GREEN
19672,18.496873,73.832575,0.00,0.00,GREEN
19775,18.496873,73.832575,0.00,0.00,GREEN
19878,18.496873,73.832575,0.00,0.00,GREEN
19981,18.496873,73.832575,0.87,0.00,GREEN
20083,18.496873,73.832575,0.87,0.00,GREEN
20184,18.496873,73.832575,0.87,155.86,GREEN
20285,18.496873,73.832575,0.87,597.06,GREEN
20387,18.496873,73.832575,0.87,866.82,GREEN
20491,18.496873,73.832575,0.87,748.22,GREEN
20594,18.496873,73.832575,0.87,1663.37,GREEN
20697,18.496873,73.832575,0.87,0.00,GREEN
20800,18.496873,73.832575,0.87,0.00,GREEN
20903,18.496873,73.832575,0.87,0.00,GREEN
21006,18.496873,73.832575,0.00,0.00,GREEN
21107,18.496873,73.832575,0.00,0.00,GREEN
21209,18.496873,73.832575,0.00,0.00,GREEN
21310,18.496873,73.832575,0.00,0.00,GREEN
21413,18.496875,73.832575,0.00,0.00,GREEN
21516,18.496875,73.832575,0.00,0.00,GREEN
21619,18.496875,73.832575,0.00,751.36,GREEN
21722,18.496875,73.832575,0.00,186.98,GREEN
21825,18.496875,73.832575,0.00,56.97,GREEN
21928,18.496875,73.832575,0.00,1549.16,GREEN
22031,18.496875,73.832575,0.00,1246.39,GREEN
22132,18.496875,73.832575,0.00,0.00,GREEN
22233,18.496875,73.832575,0.00,0.00,GREEN
22334,18.496875,73.832575,0.00,117.05,GREEN
22437,18.496875,73.832575,0.00,0.00,GREEN
22540,18.496875,73.832575,0.00,0.00,GREEN
22643,18.496875,73.832575,0.00,0.00,GREEN
22746,18.496875,73.832575,0.00,0.00,GREEN
22849,18.496875,73.832575,0.00,185.05,GREEN
22952,18.496875,73.832575,0.00,0.00,GREEN
23054,18.496875,73.832575,0.00,508.62,GREEN
23156,18.496875,73.832575,0.00,0.00,GREEN
23257,18.496875,73.832575,0.00,38.56,GREEN
23358,18.496875,73.832575,0.00,0.00,GREEN
23462,18.496877,73.832573,0.00,0.00,GREEN
23565,18.496877,73.832573,0.00,0.00,GREEN
23668,18.496877,73.832573,0.00,0.00,GREEN
23771,18.496877,73.832573,0.00,0.00,GREEN
23874,18.496877,73.832573,0.00,0.00,GREEN
23977,18.496877,73.832573,0.76,0.00,GREEN
24079,18.496877,73.832573,0.76,120.52,GREEN
24181,18.496877,73.832573,0.76,157.82,GREEN
24282,18.496877,73.832573,0.76,251.88,GREEN
24384,18.496877,73.832573,0.76,42.79,GREEN
24487,18.496877,73.832572,0.76,0.00,GREEN
24590,18.496877,73.832572,0.76,0.00,GREEN
24693,18.496877,73.832572,0.76,88.90,GREEN
24796,18.496877,73.832572,0.76,0.00,GREEN
24899,18.496877,73.832572,0.76,0.00,GREEN
25002,18.496877,73.832572,0.96,1.77,GREEN
25104,18.496877,73.832572,0.96,0.00,GREEN
25205,18.496877,73.832572,0.96,0.00,GREEN
25306,18.496877,73.832572,0.96,27.05,GREEN
25409,18.496880,73.832570,0.96,7.83,GREEN
25512,18.496880,73.832570,0.96,41.86,GREEN
25615,18.496880,73.832570,0.96,0.00,GREEN
25718,18.496880,73.832570,0.96,0.00,GREEN
25821,18.496880,73.832570,0.96,120.77,GREEN
25924,18.496880,73.832570,0.00,385.28,GREEN
26027,18.496880,73.832570,0.00,58.90,GREEN
26128,18.496880,73.832570,0.00,21.54,GREEN
26229,18.496880,73.832570,0.00,118.54,GREEN
26330,18.496880,73.832570,0.00,0.00,GREEN
26433,18.496883,73.832570,0.00,125.78,GREEN
26536,18.496883,73.832570,0.00,169.63,GREEN
26639,18.496883,73.832570,0.00,513.70,GREEN
26742,18.496883,73.832570,0.00,643.00,GREEN
26845,18.496883,73.832570,0.00,716.63,GREEN
26948,18.496883,73.832570,0.00,726.05,GREEN
27051,18.496883,73.832570,0.00,405.65,GREEN
27152,18.496883,73.832570,0.00,563.79,GREEN
27253,18.496883,73.832570,0.00,98.61,GREEN
27355,18.496883,73.832570,0.00,0.00,GREEN
27458,18.496883,73.832570,0.00,0.00,GREEN
27561,18.496883,73.832570,0.00,0.00,GREEN
27664,18.496883,73.832570,0.00,0.00,GREEN
27767,18.496883,73.832570,0.00,0.00,GREEN
27870,18.496883,73.832570,0.00,0.00,GREEN
27973,18.496883,73.832570,0.00,0.00,GREEN
28075,18.496883,73.832570,0.00,0.00,GREEN
28176,18.496883,73.832570,0.00,0.00,GREEN
28277,18.496883,73.832570,0.00,0.00,GREEN
28379,18.496883,73.832570,0.00,246.78,GREEN
28482,18.496883,73.832570,0.00,537.36,GREEN
28585,18.496883,73.832570,0.00,656.62,GREEN
28688,18.496883,73.832570,0.00,739.86,GREEN
28791,18.496883,73.832570,0.00,635.92,GREEN
28894,18.496883,73.832570,0.00,459.84,GREEN
28997,18.496883,73.832570,0.00,197.15,GREEN
29099,18.496883,73.832570,0.00,185.06,GREEN
29200,18.496883,73.832570,0.00,262.10,GREEN
29301,18.496883,73.832570,0.00,342.73,GREEN
29404,18.496883,73.832572,0.00,236.14,GREEN
29507,18.496883,73.832572,0.00,297.45,GREEN
29610,18.496883,73.832572,0.00,207.16,GREEN
29713,18.496883,73.832572,0.00,0.00,GREEN
29816,18.496883,73.832572,0.00,0.00,GREEN
29919,18.496883,73.832572,0.00,0.00,GREEN
30022,18.496883,73.832572,0.00,0.00,GREEN
30123,18.496883,73.832572,0.00,61.08,GREEN
30224,18.496883,73.832572,0.00,115.52,GREEN
30325,18.496883,73.832572,0.00,462.15,GREEN
30428,18.496883,73.832573,0.00,532.82,GREEN
30531,18.496883,73.832573,0.00,596.11,GREEN
30634,18.496883,73.832573,0.00,383.47,GREEN
30737,18.496883,73.832573,0.00,632.31,GREEN
30840,18.496883,73.832573,0.00,987.89,GREEN
30943,18.496883,73.832573,0.46,0.00,GREEN
31046,18.496883,73.832573,0.46,452.77,GREEN
31147,18.496883,73.832573,0.46,858.62,GREEN
31248,18.496883,73.832573,0.46,553.24,GREEN
31350,18.496883,73.832573,0.46,992.17,GREEN
31453,18.496883,73.832573,0.46,1346.65,GREEN
31556,18.496883,73.832573,0.46,1128.39,GREEN
31659,18.496883,73.832573,0.46,0.00,GREEN
31762,18.496883,73.832573,0.46,0.00,GREEN
31865,18.496883,73.832573,0.46,962.43,GREEN
31968,18.496883,73.832573,0.00,273.53,GREEN
32070,18.496883,73.832573,0.00,0.00,GREEN
32171,18.496883,73.832573,0.00,0.00,GREEN
32272,18.496883,73.832573,0.00,0.00,GREEN
32374,18.496883,73.832573,0.00,0.00,GREEN
32477,18.496883,73.832573,0.00,0.00,GREEN
32580,18.496883,73.832573,0.00,0.00,GREEN
32683,18.496883,73.832573,0.00,0.00,GREEN
32786,18.496883,73.832573,0.00,661.29,GREEN
32889,18.496883,73.832573,0.00,135.33,GREEN
32992,18.496883,73.832573,0.00,0.00,GREEN
33094,18.496883,73.832573,0.00,813.44,GREEN
33195,18.496883,73.832573,0.00,142.27,GREEN
33296,18.496883,73.832573,0.00,261.08,GREEN
33399,18.496883,73.832573,0.00,0.00,GREEN
33502,18.496883,73.832573,0.00,1219.38,GREEN
33605,18.496883,73.832573,0.00,1020.73,GREEN
33708,18.496883,73.832573,0.00,0.00,GREEN
33811,18.496883,73.832573,0.00,107.36,GREEN
33914,18.496883,73.832573,0.00,26.75,GREEN
34017,18.496883,73.832573,0.00,645.76,GREEN
34118,18.496883,73.832573,0.00,328.19,GREEN
34219,18.496883,73.832573,0.00,526.45,GREEN
34320,18.496883,73.832573,0.00,849.28,GREEN
34423,18.496877,73.832570,0.00,304.54,GREEN
34526,18.496877,73.832570,0.00,0.00,GREEN
34629,18.496877,73.832570,0.00,0.00,GREEN
34732,18.496877,73.832570,0.00,662.60,GREEN
34835,18.496877,73.832570,0.00,740.04,GREEN
34938,18.496877,73.832570,2.91,371.97,GREEN
35041,18.496877,73.832570,2.91,2767.74,GREEN
35142,18.496877,73.832570,2.91,2476.29,GREEN
35243,18.496877,73.832570,2.91,0.00,GREEN
35344,18.496877,73.832570,2.91,145.74,GREEN
35448,18.496867,73.832562,2.91,845.55,GREEN
35551,18.496867,73.832562,2.91,702.02,GREEN
35654,18.496867,73.832562,2.91,12.71,GREEN
35757,18.496867,73.832562,2.91,0.00,GREEN
35860,18.496867,73.832562,2.91,0.00,GREEN
35963,18.496867,73.832562,4.91,263.77,GREEN
36065,18.496867,73.832562,4.91,416.28,GREEN
36167,18.496867,73.832562,4.91,0.00,GREEN
36268,18.496867,73.832562,4.91,687.46,GREEN
36369,18.496867,73.832562,4.91,445.39,GREEN
36473,18.496855,73.832552,4.91,11.18,GREEN
36576,18.496855,73.832552,4.91,0.00,GREEN
36679,18.496855,73.832552,4.91,15.64,GREEN
36782,18.496855,73.832552,4.91,0.00,GREEN
36885,18.496855,73.832552,4.91,0.00,GREEN
36988,18.496855,73.832552,4.82,0.00,GREEN
37090,18.496855,73.832552,4.82,544.47,GREEN
37191,18.496855,73.832552,4.82,2308.26,GREEN
37292,18.496855,73.832552,4.82,1697.08,GREEN
37394,18.496855,73.832552,4.82,0.00,GREEN
37497,18.496842,73.832538,4.82,566.79,GREEN
37600,18.496842,73.832538,4.82,505.51,GREEN
37703,18.496842,73.832538,4.82,0.00,GREEN
37806,18.496842,73.832538,4.82,0.00,GREEN
37909,18.496842,73.832538,4.82,0.00,GREEN
38012,18.496842,73.832538,5.59,1154.52,GREEN
38114,18.496842,73.832538,5.59,0.00,GREEN
38215,18.496842,73.832538,5.59,357.46,GREEN
38316,18.496842,73.832538,5.59,104.32,GREEN
38419,18.496830,73.832525,5.59,0.00,GREEN
38522,18.496830,73.832525,5.59,1585.35,GREEN
38625,18.496830,73.832525,5.59,768.31,GREEN
38728,18.496830,73.832525,5.59,0.00,GREEN
38831,18.496830,73.832525,5.59,0.00,GREEN
38934,18.496830,73.832525,5.59,0.00,GREEN
39037,18.496830,73.832525,5.44,0.00,GREEN
39138,18.496830,73.832525,5.44,0.00,GREEN
39239,18.496830,73.832525,5.44,0.00,GREEN
39340,18.496830,73.832525,5.44,0.00,GREEN
39443,18.496820,73.832512,5.44,0.00,GREEN
39546,18.496820,73.832512,5.44,233.73,GREEN
39649,18.496820,73.832512,5.44,619.13,GREEN
39752,18.496820,73.832512,5.44,689.62,GREEN
39855,18.496820,73.832512,5.44,0.00,GREEN
39958,18.496820,73.832512,5.48,0.00,GREEN
40061,18.496820,73.832512,5.48,111.36,GREEN
40162,18.496820,73.832512,5.48,138.13,GREEN
40263,18.496820,73.832512,5.48,0.00,GREEN
40365,18.496820,73.832512,5.48,1759.64,GREEN
40468,18.496808,73.832500,5.48,1456.46,GREEN
40571,18.496808,73.832500,5.48,1165.86,GREEN
40674,18.496808,73.832500,5.48,1701.99,GREEN
40777,18.496808,73.832500,5.48,164.93,GREEN
40880,18.496808,73.832500,5.48,449.20,GREEN
40983,18.496808,73.832500,5.82,708.51,GREEN
41085,18.496808,73.832500,5.82,0.00,GREEN
41186,18.496808,73.832500,5.82,123.05,GREEN
41287,18.496808,73.832500,5.82,0.00,GREEN
41389,18.496808,73.832500,5.82,0.00,GREEN
41492,18.496797,73.832487,5.82,23.68,GREEN
41595,18.496797,73.832487,5.82,1910.26,GREEN
41698,18.496797,73.832487,5.82,2601.75,GREEN
41801,18.496797,73.832487,5.82,1526.35,GREEN
41904,18.496797,73.832487,5.82,302.77,GREEN
42007,18.496797,73.832487,5.78,2408.85,GREEN
42109,18.496797,73.832487,5.78,1542.27,GREEN
42210,18.496797,73.832487,5.78,0.00,GREEN
42311,18.496797,73.832487,5.78,3362.12,GREEN
42413,18.496785,73.832475,5.78,3788.94,GREEN
42517,18.496785,73.832475,5.78,1331.55,GREEN
42620,18.496785,73.832475,5.78,371.91,GREEN
42723,18.496785,73.832475,5.78,243.75,GREEN
42826,18.496785,73.832475,5.78,2364.68,GREEN
42929,18.496785,73.832475,5.78,1189.14,GREEN
43032,18.496785,73.832475,5.65,955.59,GREEN
43133,18.496785,73.832475,5.65,0.00,GREEN
43235,18.496785,73.832475,5.65,703.05,GREEN
43336,18.496785,73.832475,5.65,1493.18,GREEN
43439,18.496778,73.832465,5.65,404.86,GREEN
43542,18.496778,73.832465,5.65,0.00,GREEN
43645,18.496778,73.832465,5.65,1960.76,GREEN
43748,18.496778,73.832465,5.65,1748.81,GREEN
43851,18.496778,73.832465,5.65,0.00,GREEN
43954,18.496778,73.832465,4.87,785.43,GREEN
44057,18.496778,73.832465,4.87,259.15,GREEN
44158,18.496778,73.832465,4.87,699.56,GREEN
44259,18.496778,73.832465,4.87,595.35,GREEN
44361,18.496778,73.832465,4.87,1245.17,GREEN
44464,18.496770,73.832453,4.87,917.65,GREEN
44567,18.496770,73.832453,4.87,63.82,GREEN
44670,18.496770,73.832453,4.87,783.30,GREEN
44773,18.496770,73.832453,4.87,1250.10,GREEN
44876,18.496770,73.832453,4.87,469.87,GREEN
44979,18.496770,73.832453,5.93,2835.17,GREEN
45081,18.496770,73.832453,5.93,857.11,GREEN
45182,18.496770,73.832453,5.93,1364.38,GREEN
45283,18.496770,73.832453,5.93,37.71,GREEN
45385,18.496762,73.832442,5.93,507.18,GREEN
45489,18.496762,73.832442,5.93,1502.95,GREEN
45592,18.496762,73.832442,5.93,1703.57,GREEN
45695,18.496762,73.832442,5.93,1097.72,GREEN
45798,18.496762,73.832442,5.93,588.96,GREEN
45901,18.496762,73.832442,5.93,434.21,GREEN
46004,18.496762,73.832442,5.33,0.00,GREEN
46105,18.496762,73.832442,5.33,1632.20,GREEN
46207,18.496762,73.832442,5.33,0.00,GREEN
46308,18.496762,73.832442,5.33,1162.18,GREEN
46410,18.496752,73.832430,5.33,760.65,GREEN
46514,18.496752,73.832430,5.33,1170.29,GREEN
46617,18.496752,73.832430,5.33,0.00,GREEN
46720,18.496752,73.832430,5.33,327.39,GREEN
46823,18.496752,73.832430,5.33,1451.07,GREEN
46926,18.496752,73.832430,5.33,163.66,GREEN
47029,18.496752,73.832430,6.13,98.07,GREEN
47130,18.496752,73.832430,6.13,0.00,GREEN
47232,18.496752,73.832430,6.13,1253.47,GREEN
47333,18.496752,73.832430,6.13,0.00,GREEN
47436,18.496745,73.832418,6.13,1299.65,GREEN
47539,18.496745,73.832418,6.13,701.27,GREEN
47642,18.496745,73.832418,6.13,984.27,GREEN
47745,18.496745,73.832418,6.13,0.00,GREEN
47848,18.496745,73.832418,6.13,688.84,GREEN
47951,18.496745,73.832418,5.04,387.47,GREEN
48054,18.496745,73.832418,5.04,0.00,GREEN
48155,18.496745,73.832418,5.04,365.76,GREEN
48256,18.496745,73.832418,5.04,1398.01,GREEN
48357,18.496745,73.832418,5.04,0.00,GREEN
48461,18.496742,73.832410,5.04,1383.29,GREEN
48564,18.496742,73.832410,5.04,0.00,GREEN
48667,18.496742,73.832410,5.04,0.00,GREEN
48770,18.496742,73.832410,5.04,61.84,GREEN
48873,18.496742,73.832410,5.04,425.89,GREEN
48976,18.496742,73.832410,3.74,478.50,GREEN
49078,18.496742,73.832410,3.74,830.20,GREEN
49180,18.496742,73.832410,3.74,0.00,GREEN
49281,18.496742,73.832410,3.74,893.76,GREEN
49383,18.496742,73.832410,3.74,87.52,GREEN
49487,18.496733,73.832403,3.74,452.73,GREEN
49590,18.496733,73.832403,3.74,1134.66,GREEN
49693,18.496733,73.832403,3.74,150.42,GREEN
49796,18.496733,73.832403,3.74,259.98,GREEN
49899,18.496733,73.832403,3.74,1223.01,GREEN
50002,18.496733,73.832403,4.83,2628.76,GREEN
50103,18.496733,73.832403,4.83,2433.26,GREEN
50205,18.496733,73.832403,4.83,0.00,GREEN
50306,18.496733,73.832403,4.83,0.00,GREEN
50408,18.496717,73.832393,4.83,629.68,GREEN
50512,18.496717,73.832393,4.83,1271.93,GREEN
50615,18.496717,73.832393,4.83,222.47,GREEN
50718,18.496717,73.832393,4.83,0.00,GREEN
50821,18.496717,73.832393,4.83,0.00,GREEN
50924,18.496717,73.832393,4.83,0.00,GREEN
51027,18.496717,73.832393,7.43,321.12,GREEN
51128,18.496717,73.832393,7.43,459.83,GREEN
51230,18.496717,73.832393,7.43,0.00,GREEN
51331,18.496717,73.832393,7.43,0.00,GREEN
51434,18.496700,73.832383,7.43,522.97,GREEN
51537,18.496700,73.832383,7.43,191.15,GREEN
51640,18.496700,73.832383,7.43,748.55,GREEN
51743,18.496700,73.832383,7.43,0.00,GREEN
51846,18.496700,73.832383,7.43,238.87,GREEN
51949,18.496700,73.832383,7.72,0.00,GREEN
52052,18.496700,73.832383,7.72,1950.67,GREEN
52153,18.496700,73.832383,7.72,982.92,GREEN
52254,18.496700,73.832383,7.72,80.60,GREEN
52355,18.496700,73.832383,7.72,677.48,GREEN
52459,18.496680,73.832372,7.72,1385.26,GREEN
52562,18.496680,73.832372,7.72,0.00,GREEN
52665,18.496680,73.832372,7.72,617.31,GREEN
52768,18.496680,73.832372,7.72,468.23,GREEN
52871,18.496680,73.832372,7.72,1041.61,GREEN
52974,18.496680,73.832372,8.54,2.94,GREEN
53076,18.496680,73.832372,8.54,414.60,GREEN
53178,18.496680,73.832372,8.54,171.41,GREEN
53279,18.496680,73.832372,8.54,817.97,GREEN
53381,18.496680,73.832372,8.54,463.96,GREEN
53484,18.496663,73.832362,8.54,1881.85,GREEN
53587,18.496663,73.832362,8.54,0.00,GREEN
53690,18.496663,73.832362,8.54,1050.75,GREEN
53793,18.496663,73.832362,8.54,1303.30,GREEN
53896,18.496663,73.832362,8.54,167.89,GREEN
53999,18.496663,73.832362,7.59,764.90,GREEN
54101,18.496663,73.832362,7.59,1324.00,GREEN
54202,18.496663,73.832362,7.59,0.00,GREEN
54303,18.496663,73.832362,7.59,2436.21,GREEN
54405,18.496663,73.832362,7.59,746.52,GREEN
54508,18.496652,73.832343,7.59,1122.47,GREEN
54611,18.496652,73.832343,7.59,3447.65,GREEN
54714,18.496652,73.832343,7.59,3606.06,GREEN
54817,18.496652,73.832343,7.59,4825.96,GREEN
54920,18.496652,73.832343,7.59,2078.03,GREEN
55023,18.496652,73.832343,8.69,217.48,GREEN
55125,18.496652,73.832343,8.69,4803.60,GREEN
55226,18.496652,73.832343,8.69,3555.56,GREEN
55327,18.496652,73.832343,8.69,2586.07,GREEN
55430,18.496637,73.832330,8.69,3083.00,GREEN
55533,18.496637,73.832330,8.69,2230.73,GREEN
55636,18.496637,73.832330,8.69,0.00,GREEN
55739,18.496637,73.832330,8.69,458.98,GREEN
55842,18.496637,73.832330,8.69,2030.39,GREEN
55945,18.496637,73.832330,8.43,750.86,GREEN
56048,18.496637,73.832330,8.43,313.28,GREEN
56149,18.496637,73.832330,8.43,2274.01,GREEN
56250,18.496637,73.832330,8.43,439.40,GREEN
56351,18.496637,73.832330,8.43,983.71,GREEN
56454,18.496625,73.832320,8.43,415.10,GREEN
56557,18.496625,73.832320,8.43,1076.35,GREEN
56660,18.496625,73.832320,8.43,739.15,GREEN
56763,18.496625,73.832320,8.43,402.48,GREEN
56866,18.496625,73.832320,8.43,1302.03,GREEN
56969,18.496625,73.832320,6.57,0.00,GREEN
57072,18.496625,73.832320,6.57,420.56,GREEN
57173,18.496625,73.832320,6.57,519.63,GREEN
57274,18.496625,73.832320,6.57,3664.60,GREEN
57375,18.496625,73.832320,6.57,1056.02,GREEN
57478,18.496615,73.832300,6.57,424.54,GREEN
57581,18.496615,73.832300,6.57,2887.16,GREEN
57684,18.496615,73.832300,6.57,4168.66,GREEN
57787,18.496615,73.832300,6.57,3071.87,GREEN
57890,18.496615,73.832300,6.57,6814.92,GREEN
57993,18.496615,73.832300,10.11,1160.17,GREEN
58096,18.496615,73.832300,10.11,4935.07,GREEN
58197,18.496615,73.832300,10.11,776.37,GREEN
58298,18.496615,73.832300,10.11,0.00,GREEN
58400,18.496615,73.832300,10.11,0.00,GREEN
58503,18.496597,73.832285,10.11,1671.41,GREEN
58606,18.496597,73.832285,10.11,1156.04,GREEN
58709,18.496597,73.832285,10.11,2777.58,GREEN
58812,18.496597,73.832285,10.11,2355.25,GREEN
58915,18.496597,73.832285,10.11,5665.62,GREEN
59018,18.496597,73.832285,9.37,5193.04,GREEN
59120,18.496597,73.832285,9.37,0.00,GREEN
59221,18.496597,73.832285,9.37,953.15,GREEN
59322,18.496597,73.832285,9.37,5101.67,GREEN
59425,18.496582,73.832268,9.37,3589.42,GREEN
59528,18.496582,73.832268,9.37,2032.09,GREEN
59631,18.496582,73.832268,9.37,1334.67,GREEN
59734,18.496582,73.832268,9.37,1890.98,GREEN
59837,18.496582,73.832268,9.37,2439.84,GREEN
59940,18.496582,73.832268,9.37,374.82,GREEN
60043,18.496582,73.832268,8.59,501.07,GREEN
60144,18.496582,73.832268,8.59,0.00,GREEN
60245,18.496582,73.832268,8.59,99.36,GREEN
60346,18.496582,73.832268,8.59,416.91,GREEN
60449,18.496568,73.832250,8.59,1027.09,GREEN
60552,18.496568,73.832250,8.59,540.40,GREEN
60655,18.496568,73.832250,8.59,1201.86,GREEN
60758,18.496568,73.832250,8.59,524.27,GREEN
60861,18.496568,73.832250,8.59,1706.11,GREEN
60964,18.496568,73.832250,9.57,1808.41,GREEN
61067,18.496568,73.832250,9.57,1341.03,GREEN
61168,18.496568,73.832250,9.57,309.77,GREEN
61269,18.496568,73.832250,9.57,388.52,GREEN
61371,18.496568,73.832250,9.57,0.00,GREEN
61474,18.496557,73.832232,9.57,2020.72,GREEN
61577,18.496557,73.832232,9.57,4084.57,GREEN
61680,18.496557,73.832232,9.57,896.90,GREEN
61783,18.496557,73.832232,9.57,342.03,GREEN
61886,18.496557,73.832232,9.57,436.77,GREEN
61989,18.496557,73.832232,9.57,1224.31,GREEN
62091,18.496557,73.832232,9.57,1609.56,GREEN
62192,18.496557,73.832232,9.57,1078.78,GREEN
62293,18.496557,73.832232,9.57,1870.20,GREEN
62395,18.496557,73.832232,9.57,812.10,GREEN
62498,18.496538,73.832215,9.57,280.52,GREEN
62601,18.496538,73.832215,9.57,2410.31,GREEN
62704,18.496538,73.832215,9.57,2747.74,GREEN
62807,18.496538,73.832215,9.57,1041.74,GREEN
62910,18.496538,73.832215,9.57,3195.73,GREEN
63013,18.496538,73.832215,9.19,1419.80,GREEN
63115,18.496538,73.832215,9.19,281.93,GREEN
63216,18.496538,73.832215,9.19,1991.60,GREEN
63317,18.496538,73.832215,9.19,2156.02,GREEN
63420,18.496522,73.832200,9.19,2853.28,GREEN
63523,18.496522,73.832200,9.19,1022.90,GREEN
63626,18.496522,73.832200,9.19,1488.75,GREEN
63729,18.496522,73.832200,9.19,2210.30,GREEN
63832,18.496522,73.832200,9.19,1318.73,GREEN
63935,18.496522,73.832200,8.17,1518.98,GREEN
64038,18.496522,73.832200,8.17,338.57,GREEN
64139,18.496522,73.832200,8.17,698.06,GREEN
64240,18.496522,73.832200,8.17,409.30,GREEN
64341,18.496522,73.832200,8.17,477.28,GREEN
64445,18.496507,73.832187,8.17,567.69,GREEN
64548,18.496507,73.832187,8.17,827.61,GREEN
64651,18.496507,73.832187,8.17,471.34,GREEN
64754,18.496507,73.832187,8.17,0.00,GREEN
64857,18.496507,73.832187,8.17,665.13,GREEN
64960,18.496507,73.832187,7.13,0.00,GREEN
65062,18.496507,73.832187,7.13,862.78,GREEN
65164,18.496507,73.832187,7.13,2332.37,GREEN
65265,18.496507,73.832187,7.13,2486.07,GREEN
65367,18.496507,73.832187,7.13,368.42,GREEN
65470,18.496493,73.832175,7.13,380.67,GREEN
65573,18.496493,73.832175,7.13,2469.66,GREEN
65676,18.496493,73.832175,7.13,2377.25,GREEN
65779,18.496493,73.832175,7.13,223.71,GREEN
65882,18.496493,73.832175,7.13,817.86,GREEN
65985,18.496493,73.832175,6.69,329.17,GREEN
66087,18.496493,73.832175,6.69,1286.61,GREEN
66188,18.496493,73.832175,6.69,0.00,GREEN
66289,18.496493,73.832175,6.69,411.22,GREEN
66391,18.496493,73.832175,6.69,774.61,GREEN
66494,18.496482,73.832158,6.69,1393.74,GREEN
66597,18.496482,73.832158,6.69,79.64,GREEN
66700,18.496482,73.832158,6.69,0.00,GREEN
66803,18.496482,73.832158,6.69,1634.45,GREEN
66906,18.496482,73.832158,6.69,1229.89,GREEN
67009,18.496482,73.832158,7.26,409.84,GREEN
67111,18.496482,73.832158,7.26,1682.97,GREEN
67212,18.496482,73.832158,7.26,208.00,GREEN
67313,18.496482,73.832158,7.26,0.00,GREEN
67415,18.496472,73.832143,7.26,285.89,GREEN
67519,18.496472,73.832143,7.26,0.00,GREEN
67622,18.496472,73.832143,7.26,950.79,GREEN
67725,18.496472,73.832143,7.26,28.65,GREEN
67828,18.496472,73.832143,7.26,0.00,GREEN
67931,18.496472,73.832143,7.26,835.81,GREEN
68034,18.496472,73.832143,6.22,663.42,GREEN
68135,18.496472,73.832143,6.22,1208.54,GREEN
68236,18.496472,73.832143,6.22,0.00,GREEN
68337,18.496472,73.832143,6.22,0.00,GREEN
68440,18.496462,73.832133,6.22,0.00,GREEN
68543,18.496462,73.832133,6.22,0.00,GREEN
68646,18.496462,73.832133,6.22,201.90,GREEN
68749,18.496462,73.832133,6.22,0.00,GREEN
68852,18.496462,73.832133,6.22,0.00,GREEN
68955,18.496462,73.832133,5.07,96.32,GREEN
69058,18.496462,73.832133,5.07,706.26,GREEN
69159,18.496462,73.832133,5.07,212.51,GREEN
69260,18.496462,73.832133,5.07,0.00,GREEN
69361,18.496462,73.832133,5.07,0.00,GREEN
69465,18.496453,73.832123,5.07,33.31,GREEN
69568,18.496453,73.832123,5.07,0.00,GREEN
69671,18.496453,73.832123,5.07,327.49,GREEN
69774,18.496453,73.832123,5.07,194.47,GREEN
69877,18.496453,73.832123,5.07,918.11,GREEN
69980,18.496453,73.832123,4.70,87.09,GREEN
70082,18.496453,73.832123,4.70,393.30,GREEN
70184,18.496453,73.832123,4.70,0.00,GREEN
70285,18.496453,73.832123,4.70,510.71,GREEN
70387,18.496453,73.832123,4.70,554.29,GREEN
70490,18.496453,73.832118,4.70,0.00,GREEN
70593,18.496453,73.832118,4.70,0.00,GREEN
70696,18.496453,73.832118,4.70,0.00,GREEN
70799,18.496453,73.832118,4.70,0.00,GREEN
70902,18.496453,73.832118,4.70,181.15,GREEN
71005,18.496453,73.832118,2.56,978.29,GREEN
71107,18.496453,73.832118,2.56,0.00,GREEN
71208,18.496453,73.832118,2.56,0.00,GREEN
71309,18.496453,73.832118,2.56,0.00,GREEN
71411,18.496448,73.832118,2.56,0.00,GREEN
71515,18.496448,73.832118,2.56,0.00,GREEN
71618,18.496448,73.832118,2.56,60.27,GREEN
71721,18.496448,73.832118,2.56,0.00,GREEN
71824,18.496448,73.832118,2.56,0.00,GREEN
71927,18.496448,73.832118,2.56,73.59,GREEN
72030,18.496448,73.832118,2.89,0.00,GREEN
72131,18.496448,73.832118,2.89,1161.89,GREEN
72233,18.496448,73.832118,2.89,509.39,GREEN
72334,18.496448,73.832118,2.89,0.00,GREEN
72437,18.496442,73.832112,2.89,0.00,GREEN
72540,18.496442,73.832112,2.89,0.00,GREEN
72643,18.496442,73.832112,2.89,88.73,GREEN
72746,18.496442,73.832112,2.89,489.65,GREEN
72849,18.496442,73.832112,2.89,0.00,GREEN
72952,18.496442,73.832112,3.80,0.00,GREEN
73054,18.496442,73.832112,3.80,395.07,GREEN
73156,18.496442,73.832112,3.80,278.05,GREEN
73257,18.496442,73.832112,3.80,0.00,GREEN
73358,18.496442,73.832112,3.80,404.86,GREEN
73462,18.496437,73.832108,3.80,0.00,GREEN
73565,18.496437,73.832108,3.80,103.72,GREEN
73668,18.496437,73.832108,3.80,0.00,GREEN
73771,18.496437,73.832108,3.80,438.56,GREEN
73874,18.496437,73.832108,3.80,747.69,GREEN
73977,18.496437,73.832108,2.76,0.00,GREEN
74079,18.496437,73.832108,2.76,0.00,GREEN
74181,18.496437,73.832108,2.76,0.00,GREEN
74282,18.496437,73.832108,2.76,0.00,GREEN
74384,18.496437,73.832108,2.76,0.00,GREEN
74487,18.496433,73.832103,2.76,28.64,GREEN
74590,18.496433,73.832103,2.76,0.00,GREEN
74693,18.496433,73.832103,2.76,0.00,GREEN
74796,18.496433,73.832103,2.76,0.00,GREEN
74899,18.496433,73.832103,2.76,0.00,GREEN
75002,18.496433,73.832103,1.65,308.59,GREEN
75104,18.496433,73.832103,1.65,692.07,GREEN
75205,18.496433,73.832103,1.65,0.00,GREEN
75306,18.496433,73.832103,1.65,108.28,GREEN
75407,18.496433,73.832103,1.65,0.00,GREEN
75510,18.496435,73.832100,1.65,116.68,GREEN
75613,18.496435,73.832100,1.65,0.00,GREEN
75716,18.496435,73.832100,1.65,182.58,GREEN
75819,18.496435,73.832100,1.65,0.00,GREEN
75922,18.496435,73.832100,1.65,0.00,GREEN
76025,18.496435,73.832100,1.72,0.00,GREEN
76128,18.496435,73.832100,1.72,0.00,GREEN
76229,18.496435,73.832100,1.72,0.00,GREEN
76330,18.496435,73.832100,1.72,0.00,GREEN
76433,18.496437,73.832100,1.72,0.00,GREEN
76536,18.496437,73.832100,1.72,0.00,GREEN
76639,18.496437,73.832100,1.72,0.00,GREEN
76742,18.496437,73.832100,1.72,924.95,GREEN
76845,18.496437,73.832100,1.72,1993.08,GREEN
76948,18.496437,73.832100,0.93,2964.47,GREEN
77051,18.496437,73.832100,0.93,1737.23,GREEN
77152,18.496437,73.832100,0.93,0.00,GREEN
77253,18.496437,73.832100,0.93,0.00,GREEN
77354,18.496437,73.832100,0.93,0.00,GREEN
77457,18.496437,73.832103,0.93,6432.45,GREEN
77560,18.496437,73.832103,0.93,13080.08,RED
77663,18.496437,73.832103,0.93,4836.72,GREEN
77766,18.496437,73.832103,0.93,0.00,GREEN
77869,18.496437,73.832103,0.93,329.08,GREEN
77972,18.496437,73.832103,0.67,436.65,GREEN
78074,18.496437,73.832103,0.67,787.41,GREEN
78176,18.496437,73.832103,0.67,0.00,GREEN
78277,18.496437,73.832103,0.67,0.00,GREEN
78379,18.496437,73.832103,0.67,0.00,GREEN
78482,18.496435,73.832107,0.67,0.00,GREEN
78585,18.496435,73.832107,0.67,0.00,GREEN
78688,18.496435,73.832107,0.67,0.00,GREEN
78791,18.496435,73.832107,0.67,0.00,GREEN
78894,18.496435,73.832107,0.67,0.00,GREEN
78997,18.496435,73.832107,0.44,0.00,GREEN
79099,18.496435,73.832107,0.44,0.00,GREEN
79200,18.496435,73.832107,0.44,0.00,GREEN
79301,18.496435,73.832107,0.44,0.00,GREEN
79403,18.496435,73.832107,0.44,0.00,GREEN
79507,18.496433,73.832110,0.44,0.00,GREEN
79610,18.496433,73.832110,0.44,0.00,GREEN
79713,18.496433,73.832110,0.44,0.00,GREEN
79816,18.496433,73.832110,0.44,0.00,GREEN
79919,18.496433,73.832110,0.44,0.00,GREEN
80022,18.496433,73.832110,0.35,0.00,GREEN
80123,18.496433,73.832110,0.35,0.00,GREEN
80225,18.496433,73.832110,0.35,182.08,GREEN
80326,18.496433,73.832110,0.35,93.06,GREEN
80428,18.496435,73.832125,0.35,0.00,GREEN
80532,18.496435,73.832125,0.35,0.00,GREEN
80635,18.496435,73.832125,0.35,0.00,GREEN
80738,18.496435,73.832125,0.35,68.92,GREEN
80841,18.496435,73.832125,0.35,0.00,GREEN
80944,18.496435,73.832125,0.35,0.00,GREEN
81047,18.496435,73.832125,2.37,0.00,GREEN
81148,18.496435,73.832125,2.37,0.00,GREEN
81250,18.496435,73.832125,2.37,22.50,GREEN
81351,18.496435,73.832125,2.37,0.00,GREEN
81454,18.496435,73.832125,2.37,0.00,GREEN
81557,18.496435,73.832125,2.37,0.00,GREEN
81660,18.496435,73.832125,2.37,233.78,GREEN
81763,18.496435,73.832125,2.37,1077.13,GREEN
81866,18.496435,73.832125,2.37,0.00,GREEN
81969,18.496435,73.832125,1.83,178.80,GREEN
82072,18.496435,73.832125,1.83,0.00,GREEN
82173,18.496435,73.832125,1.83,0.00,GREEN
82274,18.496435,73.832125,1.83,183.19,GREEN
82376,18.496435,73.832125,1.83,0.00,GREEN
82479,18.496438,73.832127,1.83,208.34,GREEN
82582,18.496438,73.832127,1.83,0.00,GREEN
82685,18.496438,73.832127,1.83,26.20,GREEN
82788,18.496438,73.832127,1.83,186.51,GREEN
82891,18.496438,73.832127,1.83,0.00,GREEN
82994,18.496438,73.832127,0.70,0.00,GREEN
83096,18.496438,73.832127,0.70,0.00,GREEN
83197,18.496438,73.832127,0.70,0.00,GREEN
83298,18.496438,73.832127,0.70,39.66,GREEN
83401,18.496437,73.832128,0.70,0.00,GREEN
83504,18.496437,73.832128,0.70,0.00,GREEN
83607,18.496437,73.832128,0.70,0.00,GREEN
83710,18.496437,73.832128,0.70,0.00,GREEN
83813,18.496437,73.832128,0.70,0.00,GREEN
83916,18.496437,73.832128,0.70,0.00,GREEN
84019,18.496437,73.832128,1.04,0.00,GREEN
84120,18.496437,73.832128,1.04,0.00,GREEN
84221,18.496437,73.832128,1.04,0.00,GREEN
84322,18.496437,73.832128,1.04,0.00,GREEN
84425,18.496438,73.832130,1.04,622.74,GREEN
84528,18.496438,73.832130,1.04,0.00,GREEN
84631,18.496438,73.832130,1.04,0.00,GREEN
84734,18.496438,73.832130,1.04,0.00,GREEN
84837,18.496438,73.832130,1.04,0.00,GREEN
84940,18.496438,73.832130,1.06,175.84,GREEN
85043,18.496438,73.832130,1.06,0.00,GREEN
85144,18.496438,73.832130,1.06,0.00,GREEN
85245,18.496438,73.832130,1.06,0.00,GREEN
85346,18.496438,73.832130,1.06,0.00,GREEN
85450,18.496438,73.832132,1.06,487.80,GREEN
85553,18.496438,73.832132,1.06,0.00,GREEN
85656,18.496438,73.832132,1.06,0.00,GREEN
85759,18.496438,73.832132,1.06,0.00,GREEN
85862,18.496438,73.832132,1.06,0.00,GREEN
85965,18.496438,73.832132,0.63,0.00,GREEN
86067,18.496438,73.832132,0.63,0.00,GREEN
86168,18.496438,73.832132,0.63,0.00,GREEN
86269,18.496438,73.832132,0.63,0.00,GREEN
86370,18.496438,73.832132,0.63,0.00,GREEN
86472,18.496442,73.832128,0.63,0.00,GREEN
86576,18.496442,73.832128,0.63,0.00,GREEN
86679,18.496442,73.832128,0.63,0.00,GREEN
86782,18.496442,73.832128,0.63,0.00,GREEN
86885,18.496442,73.832128,0.63,0.00,GREEN
86988,18.496442,73.832128,0.63,0.00,GREEN
87091,18.496442,73.832128,2.72,0.00,GREEN
87192,18.496442,73.832128,2.72,0.00,GREEN
87294,18.496442,73.832128,2.72,0.00,GREEN
87396,18.496442,73.832128,2.72,0.00,GREEN
87499,18.496440,73.832128,2.72,0.00,GREEN
87602,18.496440,73.832128,2.72,0.00,GREEN
87705,18.496440,73.832128,2.72,0.00,GREEN
87808,18.496440,73.832128,2.72,20.85,GREEN
87911,18.496440,73.832128,2.72,0.00,GREEN
88014,18.496440,73.832128,1.93,0.00,GREEN
88116,18.496440,73.832128,1.93,0.00,GREEN
88217,18.496440,73.832128,1.93,0.00,GREEN
88318,18.496440,73.832128,1.93,0.00,GREEN
88421,18.496438,73.832130,1.93,0.00,GREEN
88524,18.496438,73.832130,1.93,0.00,GREEN
88627,18.496438,73.832130,1.93,0.00,GREEN
88730,18.496438,73.832130,1.93,0.00,GREEN
88833,18.496438,73.832130,1.93,0.00,GREEN
88936,18.496438,73.832130,1.93,0.00,GREEN
89039,18.496438,73.832130,1.80,0.00,GREEN
89140,18.496438,73.832130,1.80,0.00,GREEN
89241,18.496438,73.832130,1.80,0.00,GREEN
89342,18.496438,73.832130,1.80,0.00,GREEN
89445,18.496435,73.832132,1.80,0.00,GREEN
89548,18.496435,73.832132,1.80,0.00,GREEN
89651,18.496435,73.832132,1.80,104.57,GREEN
89754,18.496435,73.832132,1.80,0.00,GREEN
89857,18.496435,73.832132,1.80,531.93,GREEN
89960,18.496435,73.832132,1.31,0.00,GREEN
90063,18.496435,73.832132,1.31,0.00,GREEN
90164,18.496435,73.832132,1.31,0.00,GREEN
90265,18.496435,73.832132,1.31,64.24,GREEN
90367,18.496435,73.832132,1.31,0.00,GREEN
90470,18.496437,73.832135,1.31,0.00,GREEN
90573,18.496437,73.832135,1.31,0.00,GREEN
90676,18.496437,73.832135,1.31,135.70,GREEN
90779,18.496437,73.832135,1.31,0.00,GREEN
90882,18.496437,73.832135,1.31,0.00,GREEN
90985,18.496437,73.832135,1.39,0.00,GREEN
91087,18.496437,73.832135,1.39,0.00,GREEN
91188,18.496437,73.832135,1.39,0.00,GREEN
91289,18.496437,73.832135,1.39,0.00,GREEN
91391,18.496437,73.832135,1.39,295.70,GREEN
91494,18.496437,73.832133,1.39,0.00,GREEN
91597,18.496437,73.832133,1.39,19.80,GREEN
91700,18.496437,73.832133,1.39,700.44,GREEN
91803,18.496437,73.832133,1.39,382.54,GREEN
91906,18.496437,73.832133,1.39,0.00,GREEN
92009,18.496437,73.832133,0.87,0.00,GREEN
92111,18.496437,73.832133,0.87,684.50,GREEN
92212,18.496437,73.832133,0.87,635.73,GREEN
92313,18.496437,73.832133,0.87,118.65,GREEN
92415,18.496437,73.832135,0.87,252.08,GREEN
92519,18.496437,73.832135,0.87,244.74,GREEN
92622,18.496437,73.832135,0.87,312.23,GREEN
92725,18.496437,73.832135,0.87,586.05,GREEN
92828,18.496437,73.832135,0.87,649.61,GREEN
92931,18.496437,73.832135,0.87,389.44,GREEN
93034,18.496437,73.832135,1.28,598.38,GREEN
93135,18.496437,73.832135,1.28,383.78,GREEN
93236,18.496437,73.832135,1.28,0.00,GREEN
93337,18.496437,73.832135,1.28,465.01,GREEN
93440,18.496437,73.832133,1.28,887.54,GREEN
93543,18.496437,73.832133,1.28,442.42,GREEN
93646,18.496437,73.832133,1.28,0.00,GREEN
93749,18.496437,73.832133,1.28,0.00,GREEN
93852,18.496437,73.832133,1.28,378.83,GREEN
93955,18.496437,73.832133,1.11,110.63,GREEN
94058,18.496437,73.832133,1.11,0.00,GREEN
94159,18.496437,73.832133,1.11,300.33,GREEN
94260,18.496437,73.832133,1.11,0.00,GREEN
94361,18.496437,73.832133,1.11,339.56,GREEN
94465,18.496445,73.832130,1.11,0.00,GREEN
94568,18.496445,73.832130,1.11,0.00,GREEN
94671,18.496445,73.832130,1.11,0.00,GREEN
94774,18.496445,73.832130,1.11,0.00,GREEN
94877,18.496445,73.832130,1.11,178.10,GREEN
94980,18.496445,73.832130,1.35,264.02,GREEN
95082,18.496445,73.832130,1.35,0.00,GREEN
95184,18.496445,73.832130,1.35,266.58,GREEN
95285,18.496445,73.832130,1.35,0.00,GREEN
95387,18.496445,73.832130,1.35,0.00,GREEN
95490,18.496450,73.832127,1.35,486.12,GREEN
95593,18.496450,73.832127,1.35,78.82,GREEN
95696,18.496450,73.832127,1.35,0.00,GREEN
95799,18.496450,73.832127,1.35,187.22,GREEN
95902,18.496450,73.832127,1.35,4.46,GREEN
96005,18.496450,73.832127,1.81,0.00,GREEN
96107,18.496450,73.832127,1.81,161.71,GREEN
96208,18.496450,73.832127,1.81,0.00,GREEN
96309,18.496450,73.832127,1.81,0.00,GREEN
96410,18.496450,73.832127,1.81,0.00,GREEN
96512,18.496450,73.832127,1.81,0.00,GREEN
96615,18.496457,73.832127,1.81,371.51,GREEN
96718,18.496457,73.832127,1.81,49.41,GREEN
96821,18.496457,73.832127,1.81,206.80,GREEN
96924,18.496457,73.832127,1.81,0.00,GREEN
97027,18.496457,73.832127,1.81,0.00,GREEN
97130,18.496457,73.832127,1.85,0.00,GREEN
97232,18.496457,73.832127,1.85,0.00,GREEN
97333,18.496457,73.832127,1.85,0.00,GREEN
97436,18.496458,73.832125,1.85,103.38,GREEN
97539,18.496458,73.832125,1.85,311.38,GREEN
97642,18.496458,73.832125,1.85,0.00,GREEN
97745,18.496458,73.832125,1.85,1897.48,GREEN
97848,18.496458,73.832125,1.85,2153.38,GREEN
97951,18.496458,73.832125,0.57,970.46,GREEN
98054,18.496458,73.832125,0.57,0.00,GREEN
98155,18.496458,73.832125,0.57,0.00,GREEN
98256,18.496458,73.832125,0.57,0.00,GREEN
98357,18.496458,73.832125,0.57,0.00,GREEN
98460,18.496468,73.832117,0.57,0.00,GREEN
98563,18.496468,73.832117,0.57,298.44,GREEN
98666,18.496468,73.832117,0.57,0.00,GREEN
98769,18.496468,73.832117,0.57,34.80,GREEN
98872,18.496468,73.832117,0.57,0.00,GREEN
98975,18.496468,73.832117,0.93,73.45,GREEN
99078,18.496468,73.832117,0.93,0.00,GREEN
99179,18.496468,73.832117,0.93,0.00,GREEN
99280,18.496468,73.832117,0.93,59.92,GREEN
99381,18.496468,73.832117,0.93,175.37,GREEN
99485,18.496482,73.832125,0.93,0.00,GREEN
99588,18.496482,73.832125,0.93,0.00,GREEN
99691,18.496482,73.832125,0.93,168.58,GREEN
99794,18.496482,73.832125,0.93,0.00,GREEN
99897,18.496482,73.832125,0.93,145.79,GREEN
100000,18.496482,73.832125,1.80,0.00,GREEN
100102,18.496482,73.832125,1.80,0.00,GREEN
100204,18.496482,73.832125,1.80,62.17,GREEN
100305,18.496482,73.832125,1.80,0.00,GREEN
100407,18.496483,73.832125,1.80,0.00,GREEN
100511,18.496483,73.832125,1.80,0.00,GREEN
100614,18.496483,73.832125,1.80,0.00,GREEN
100717,18.496483,73.832125,1.80,0.00,GREEN
100820,18.496483,73.832125,1.80,0.00,GREEN
100923,18.496483,73.832125,1.80,0.00,GREEN
101026,18.496483,73.832125,1.19,0.00,GREEN
101127,18.496483,73.832125,1.19,0.00,GREEN
101229,18.496483,73.832125,1.19,0.00,GREEN
101330,18.496483,73.832125,1.19,48.48,GREEN
101433,18.496487,73.832125,1.19,0.00,GREEN
101536,18.496487,73.832125,1.19,0.00,GREEN
101639,18.496487,73.832125,1.19,0.00,GREEN
101742,18.496487,73.832125,1.19,0.00,GREEN
101845,18.496487,73.832125,1.19,0.00,GREEN
101948,18.496487,73.832125,0.81,0.00,GREEN
102051,18.496487,73.832125,0.81,0.00,GREEN
102152,18.496487,73.832125,0.81,0.00,GREEN
102253,18.496487,73.832125,0.81,0.00,GREEN
102354,18.496487,73.832125,0.81,37.97,GREEN
102457,18.496492,73.832123,0.81,0.00,GREEN
102560,18.496492,73.832123,0.81,481.90,GREEN
102663,18.496492,73.832123,0.81,244.37,GREEN
102766,18.496492,73.832123,0.81,0.00,GREEN
102869,18.496492,73.832123,0.81,162.65,GREEN
102972,18.496492,73.832123,1.35,0.00,GREEN
103074,18.496492,73.832123,1.35,0.00,GREEN
103176,18.496492,73.832123,1.35,0.00,GREEN
103277,18.496492,73.832123,1.35,0.00,GREEN
103379,18.496492,73.832123,1.35,0.00,GREEN
103482,18.496495,73.832122,1.35,0.00,GREEN
103585,18.496495,73.832122,1.35,0.00,GREEN
103688,18.496495,73.832122,1.35,0.00,GREEN
103791,18.496495,73.832122,1.35,0.00,GREEN
103894,18.496495,73.832122,1.35,0.00,GREEN
103997,18.496495,73.832122,0.74,0.00,GREEN
104099,18.496495,73.832122,0.74,0.00,GREEN
104200,18.496495,73.832122,0.74,0.00,GREEN
104301,18.496495,73.832122,0.74,0.00,GREEN
104404,18.496488,73.832122,0.74,0.00,GREEN
104507,18.496488,73.832122,0.74,0.00,GREEN
104610,18.496488,73.832122,0.74,0.00,GREEN
104713,18.496488,73.832122,0.74,0.00,GREEN
104816,18.496488,73.832122,0.74,0.00,GREEN
104919,18.496488,73.832122,0.74,87.83,GREEN
105022,18.496488,73.832122,0.00,0.00,GREEN
105123,18.496488,73.832122,0.00,0.00,GREEN
105224,18.496488,73.832122,0.00,449.77,GREEN
105325,18.496488,73.832122,0.00,378.53,GREEN
105428,18.496488,73.832122,0.00,0.00,GREEN
105531,18.496488,73.832122,0.00,0.00,GREEN
105634,18.496488,73.832122,0.00,0.00,GREEN
105737,18.496488,73.832122,0.00,274.41,GREEN
105840,18.496488,73.832122,0.00,0.00,GREEN
105943,18.496488,73.832122,0.00,0.43,GREEN
106046,18.496488,73.832122,0.00,0.00,GREEN
106147,18.496488,73.832122,0.00,0.00,GREEN
106248,18.496488,73.832122,0.00,0.00,GREEN
106349,18.496488,73.832122,0.00,0.00,GREEN
106452,18.496488,73.832122,0.00,0.00,GREEN
106555,18.496488,73.832122,0.00,106.71,GREEN
106658,18.496488,73.832122,0.00,0.00,GREEN
106761,18.496488,73.832122,0.00,0.00,GREEN
106864,18.496488,73.832122,0.00,0.00,GREEN
106967,18.496488,73.832122,0.00,0.00,GREEN
107070,18.496488,73.832122,0.00,0.00,GREEN
107171,18.496488,73.832122,0.00,0.00,GREEN
107272,18.496488,73.832122,0.00,0.00,GREEN
107374,18.496488,73.832122,0.00,0.00,GREEN
107477,18.496492,73.832125,0.00,0.00,GREEN
107580,18.496492,73.832125,0.00,0.00,GREEN
107683,18.496492,73.832125,0.00,0.00,GREEN
107786,18.496492,73.832125,0.00,0.00,GREEN
107889,18.496492,73.832125,0.00,0.00,GREEN
107992,18.496492,73.832125,1.11,0.00,GREEN
108094,18.496492,73.832125,1.11,0.00,GREEN
108195,18.496492,73.832125,1.11,0.00,GREEN
108296,18.496492,73.832125,1.11,0.00,GREEN
108398,18.496492,73.832125,1.11,145.09,GREEN
108501,18.496492,73.832127,1.11,697.13,GREEN
108604,18.496492,73.832127,1.11,0.00,GREEN
108707,18.496492,73.832127,1.11,0.00,GREEN
108810,18.496492,73.832127,1.11,0.00,GREEN
108913,18.496492,73.832127,1.11,0.00,GREEN
109016,18.496492,73.832127,0.56,0.00,GREEN
109118,18.496492,73.832127,0.56,0.00,GREEN
109219,18.496492,73.832127,0.56,0.00,GREEN
109320,18.496492,73.832127,0.56,0.00,GREEN
109422,18.496495,73.832128,0.56,0.00,GREEN
109526,18.496495,73.832128,0.56,0.00,GREEN
109629,18.496495,73.832128,0.56,0.00,GREEN
109732,18.496495,73.832128,0.56,0.00,GREEN
109835,18.496495,73.832128,0.56,0.00,GREEN
109938,18.496495,73.832128,0.56,0.00,GREEN
110041,18.496495,73.832128,0.81,261.40,GREEN
110142,18.496495,73.832128,0.81,423.18,GREEN
110244,18.496495,73.832128,0.81,276.40,GREEN
110345,18.496495,73.832128,0.81,87.81,GREEN
110448,18.496498,73.832130,0.81,294.29,GREEN
110551,18.496498,73.832130,0.81,224.52,GREEN
110654,18.496498,73.832130,0.81,0.00,GREEN
110757,18.496498,73.832130,0.81,115.30,GREEN
110860,18.496498,73.832130,0.81,276.38,GREEN
110963,18.496498,73.832130,1.00,382.35,GREEN
111066,18.496498,73.832130,1.00,292.86,GREEN
111167,18.496498,73.832130,1.00,329.03,GREEN
111268,18.496498,73.832130,1.00,507.80,GREEN
111370,18.496498,73.832130,1.00,0.00,GREEN
111473,18.496498,73.832128,1.00,0.00,GREEN
111576,18.496498,73.832128,1.00,0.00,GREEN
111679,18.496498,73.832128,1.00,74.15,GREEN
111782,18.496498,73.832128,1.00,397.63,GREEN
111885,18.496498,73.832128,1.00,342.03,GREEN
111988,18.496498,73.832128,0.00,111.24,GREEN
112090,18.496498,73.832128,0.00,0.00,GREEN
112191,18.496498,73.832128,0.00,0.00,GREEN
112292,18.496498,73.832128,0.00,0.00,GREEN
112394,18.496498,73.832127,0.00,2.56,GREEN
112498,18.496498,73.832127,0.00,75.67,GREEN
112601,18.496498,73.832127,0.00,272.44,GREEN
112704,18.496498,73.832127,0.00,245.34,GREEN
112807,18.496498,73.832127,0.00,0.00,GREEN
112910,18.496498,73.832127,0.00,215.97,GREEN
113013,18.496498,73.832127,0.00,59.65,GREEN
113114,18.496498,73.832127,0.00,0.00,GREEN
113215,18.496498,73.832127,0.00,451.26,GREEN
113316,18.496498,73.832127,0.00,457.23,GREEN
113419,18.496500,73.832128,0.00,456.97,GREEN
113522,18.496500,73.832128,0.00,447.30,GREEN
113625,18.496500,73.832128,0.00,320.82,GREEN
113728,18.496500,73.832128,0.00,1843.08,GREEN
113831,18.496500,73.832128,0.00,1509.05,GREEN
113934,18.496500,73.832128,0.00,0.00,GREEN
114037,18.496500,73.832128,0.00,0.00,GREEN
114138,18.496500,73.832128,0.00,0.00,GREEN
114239,18.496500,73.832128,0.00,0.00,GREEN
114340,18.496500,73.832128,0.00,0.00,GREEN
114443,18.496497,73.832125,0.00,0.00,GREEN
114546,18.496497,73.832125,0.00,0.00,GREEN
114649,18.496497,73.832125,0.00,0.00,GREEN
114752,18.496497,73.832125,0.00,0.00,GREEN
114855,18.496497,73.832125,0.00,0.00,GREEN
114958,18.496497,73.832125,2.00,0.00,GREEN
115061,18.496497,73.832125,2.00,0.00,GREEN
115162,18.496497,73.832125,2.00,0.00,GREEN
115263,18.496497,73.832125,2.00,0.00,GREEN
115364,18.496497,73.832125,2.00,0.00,GREEN
115468,18.496500,73.832122,2.00,0.00,GREEN
115571,18.496500,73.832122,2.00,0.00,GREEN
115674,18.496500,73.832122,2.00,0.00,GREEN
115777,18.496500,73.832122,2.00,0.00,GREEN
115880,18.496500,73.832122,2.00,0.00,GREEN
115983,18.496500,73.832122,3.17,0.00,GREEN
116085,18.496500,73.832122,3.17,0.00,GREEN
116187,18.496500,73.832122,3.17,0.00,GREEN
116288,18.496500,73.832122,3.17,0.00,GREEN
116390,18.496510,73.832132,3.17,0.00,GREEN
116494,18.496510,73.832132,3.17,0.00,GREEN
116597,18.496510,73.832132,3.17,0.00,GREEN
116700,18.496510,73.832132,3.17,0.00,GREEN
116803,18.496510,73.832132,3.17,0.00,GREEN
116906,18.496510,73.832132,3.17,473.72,GREEN
117009,18.496510,73.832132,8.26,438.25,GREEN
117110,18.496510,73.832132,8.26,0.00,GREEN
117212,18.496510,73.832132,8.26,0.00,GREEN
117313,18.496510,73.832132,8.26,0.00,GREEN
117416,18.496515,73.832133,8.26,0.00,GREEN
117519,18.496515,73.832133,8.26,0.00,GREEN
117622,18.496515,73.832133,8.26,0.00,GREEN
117725,18.496515,73.832133,8.26,0.00,GREEN
117828,18.496515,73.832133,8.26,0.00,GREEN
117931,18.496515,73.832133,2.37,0.00,GREEN
118034,18.496515,73.832133,2.37,0.00,GREEN
118135,18.496515,73.832133,2.37,0.00,GREEN
118236,18.496515,73.832133,2.37,0.00,GREEN
118337,18.496515,73.832133,2.37,0.00,GREEN
118441,18.496512,73.832130,2.37,49.73,GREEN
118544,18.496512,73.832130,2.37,0.00,GREEN
118647,18.496512,73.832130,2.37,0.00,GREEN
118750,18.496512,73.832130,2.37,0.00,GREEN
118853,18.496512,73.832130,2.37,0.00,GREEN
118956,18.496512,73.832130,0.50,0.00,GREEN
119058,18.496512,73.832130,0.50,0.00,GREEN
119160,18.496512,73.832130,0.50,0.00,GREEN
119261,18.496512,73.832130,0.50,0.00,GREEN
119363,18.496512,73.832130,0.50,0.00,GREEN
119466,18.496508,73.832122,0.50,0.00,GREEN
119569,18.496508,73.832122,0.50,0.00,GREEN
119672,18.496508,73.832122,0.50,0.00,GREEN
119775,18.496508,73.832122,0.50,0.00,GREEN
119878,18.496508,73.832122,0.50,0.00,GREEN
119981,18.496508,73.832122,0.17,0.00,GREEN
120083,18.496508,73.832122,0.17,0.00,GREEN
120184,18.496508,73.832122,0.17,0.00,GREEN
120285,18.496508,73.832122,0.17,0.00,GREEN
120387,18.496507,73.832113,0.17,0.00,GREEN
120491,18.496507,73.832113,0.17,0.00,GREEN
120594,18.496507,73.832113,0.17,0.00,GREEN
120697,18.496507,73.832113,0.17,0.00,GREEN
120800,18.496507,73.832113,0.17,0.00,GREEN
120903,18.496507,73.832113,0.17,0.00,GREEN
121006,18.496507,73.832113,0.26,0.00,GREEN
121107,18.496507,73.832113,0.26,0.00,GREEN
121208,18.496507,73.832113,0.26,0.00,GREEN
121309,18.496507,73.832113,0.26,0.00,GREEN
121412,18.496505,73.832108,0.26,0.00,GREEN
121515,18.496505,73.832108,0.26,0.00,GREEN
121618,18.496505,73.832108,0.26,0.00,GREEN
121721,18.496505,73.832108,0.26,0.00,GREEN
121824,18.496505,73.832108,0.26,0.00,GREEN
121927,18.496505,73.832108,0.26,0.00,GREEN
122030,18.496505,73.832108,0.26,0.00,GREEN
122131,18.496505,73.832108,0.26,8.72,GREEN
122232,18.496505,73.832108,0.26,0.00,GREEN
122333,18.496505,73.832108,0.26,0.00,GREEN
122436,18.496502,73.832107,0.26,0.00,GREEN
122539,18.496502,73.832107,0.26,37.14,GREEN
122642,18.496502,73.832107,0.26,0.00,GREEN
122745,18.496502,73.832107,0.26,0.00,GREEN
122848,18.496502,73.832107,0.26,0.00,GREEN
122951,18.496502,73.832107,0.00,185.06,GREEN
123053,18.496502,73.832107,0.00,44.47,GREEN
123155,18.496502,73.832107,0.00,363.38,GREEN
123256,18.496502,73.832107,0.00,0.00,GREEN
123358,18.496502,73.832107,0.00,0.00,GREEN
123461,18.496498,73.832105,0.00,0.00,GREEN
123564,18.496498,73.832105,0.00,0.00,GREEN
123667,18.496498,73.832105,0.00,0.00,GREEN
123770,18.496498,73.832105,0.00,0.00,GREEN
123873,18.496498,73.832105,0.00,0.00,GREEN
123976,18.496498,73.832105,0.00,0.00,GREEN
124078,18.496498,73.832105,0.00,0.00,GREEN
124179,18.496498,73.832105,0.00,0.00,GREEN
124280,18.496498,73.832105,0.00,0.00,GREEN
124382,18.496498,73.832105,0.00,4883.43,GREEN
124485,18.496495,73.832105,0.00,5129.17,GREEN
124588,18.496495,73.832105,0.00,0.00,GREEN
124691,18.496495,73.832105,0.00,47.06,GREEN
124794,18.496495,73.832105,0.00,602.07,GREEN
124897,18.496495,73.832105,0.00,0.00,GREEN
125000,18.496495,73.832105,0.00,0.00,GREEN
125101,18.496495,73.832105,0.00,0.00,GREEN
125203,18.496495,73.832105,0.00,0.00,GREEN
125304,18.496495,73.832105,0.00,0.00,GREEN
125407,18.496495,73.832112,0.00,0.00,GREEN
125510,18.496495,73.832112,0.00,0.00,GREEN
125613,18.496495,73.832112,0.00,0.00,GREEN
125716,18.496495,73.832112,0.00,0.00,GREEN
125819,18.496495,73.832112,0.00,0.00,GREEN
125922,18.496495,73.832112,2.59,0.00,GREEN
126025,18.496495,73.832112,2.59,0.00,GREEN
126126,18.496495,73.832112,2.59,0.00,GREEN
126227,18.496495,73.832112,2.59,0.00,GREEN
126328,18.496495,73.832112,2.59,0.00,GREEN
126430,18.496495,73.832112,2.59,0.00,GREEN
126533,18.496495,73.832117,2.59,0.00,GREEN
126636,18.496495,73.832117,2.59,220.35,GREEN
126739,18.496495,73.832117,2.59,74.72,GREEN
126842,18.496495,73.832117,2.59,38.00,GREEN
126945,18.496495,73.832117,2.59,0.00,GREEN
127048,18.496495,73.832117,2.69,247.16,GREEN
127150,18.496495,73.832117,2.69,244.35,GREEN
127251,18.496495,73.832117,2.69,0.00,GREEN
127352,18.496495,73.832117,2.69,166.71,GREEN
127455,18.496492,73.832115,2.69,632.69,GREEN
127558,18.496492,73.832115,2.69,171.43,GREEN
127661,18.496492,73.832115,2.69,0.00,GREEN
127764,18.496492,73.832115,2.69,0.00,GREEN
127867,18.496492,73.832115,2.69,0.00,GREEN
127970,18.496492,73.832115,0.74,63.24,GREEN
128072,18.496492,73.832115,0.74,0.00,GREEN
128174,18.496492,73.832115,0.74,0.00,GREEN
128275,18.496492,73.832115,0.74,0.00,GREEN
128377,18.496492,73.832115,0.74,0.00,GREEN
128480,18.496487,73.832112,0.74,0.00,GREEN
128583,18.496487,73.832112,0.74,671.20,GREEN
128686,18.496487,73.832112,0.74,642.65,GREEN
128789,18.496487,73.832112,0.74,0.00,GREEN
128892,18.496487,73.832112,0.74,510.31,GREEN
128995,18.496487,73.832112,0.39,91.65,GREEN
129097,18.496487,73.832112,0.39,421.89,GREEN
129198,18.496487,73.832112,0.39,0.00,GREEN
129299,18.496487,73.832112,0.39,0.00,GREEN
129402,18.496483,73.832110,0.39,0.00,GREEN
129505,18.496483,73.832110,0.39,134.76,GREEN
129608,18.496483,73.832110,0.39,0.00,GREEN
129711,18.496483,73.832110,0.39,135.18,GREEN
129814,18.496483,73.832110,0.39,72.34,GREEN
129917,18.496483,73.832110,0.00,177.69,GREEN
130020,18.496483,73.832110,0.00,0.00,GREEN
130121,18.496483,73.832110,0.00,0.00,GREEN
130222,18.496483,73.832110,0.00,0.00,GREEN
130323,18.496483,73.832110,0.00,189.80,GREEN
130426,18.496482,73.832108,0.00,532.65,GREEN
130529,18.496482,73.832108,0.00,1225.52,GREEN
130632,18.496482,73.832108,0.00,1183.14,GREEN
130735,18.496482,73.832108,0.00,708.94,GREEN
130838,18.496482,73.832108,0.00,7.96,GREEN
130941,18.496482,73.832108,0.00,242.35,GREEN
131043,18.496482,73.832108,0.00,20.63,GREEN
131145,18.496482,73.832108,0.00,0.00,GREEN
131246,18.496482,73.832108,0.00,0.00,GREEN
131347,18.496482,73.832108,0.00,0.00,GREEN
131451,18.496480,73.832105,0.00,79.03,GREEN
131554,18.496480,73.832105,0.00,7.95,GREEN
131657,18.496480,73.832105,0.00,183.69,GREEN
131760,18.496480,73.832105,0.00,0.00,GREEN
131863,18.496480,73.832105,0.00,0.00,GREEN
131966,18.496480,73.832105,0.00,0.00,GREEN
132068,18.496480,73.832105,0.00,0.00,GREEN
132169,18.496480,73.832105,0.00,3608.70,GREEN
132270,18.496480,73.832105,0.00,3072.19,GREEN
132372,18.496480,73.832105,0.00,400.91,GREEN
132475,18.496477,73.832102,0.00,0.00,GREEN
132578,18.496477,73.832102,0.00,0.00,GREEN
132681,18.496477,73.832102,0.00,0.00,GREEN
132784,18.496477,73.832102,0.00,0.00,GREEN
132887,18.496477,73.832102,0.00,0.00,GREEN
132990,18.496477,73.832102,0.54,0.00,GREEN
133092,18.496477,73.832102,0.54,0.00,GREEN
133193,18.496477,73.832102,0.54,0.00,GREEN
133294,18.496477,73.832102,0.54,0.00,GREEN
133397,18.496475,73.832098,0.54,0.00,GREEN
133500,18.496475,73.832098,0.54,0.00,GREEN
133603,18.496475,73.832098,0.54,0.00,GREEN
133706,18.496475,73.832098,0.54,0.00,GREEN
133809,18.496475,73.832098,0.54,292.61,GREEN
133912,18.496475,73.832098,0.54,0.00,GREEN
134015,18.496475,73.832098,0.85,0.00,GREEN
134116,18.496475,73.832098,0.85,0.00,GREEN
134217,18.496475,73.832098,0.85,0.00,GREEN
134318,18.496475,73.832098,0.85,107.52,GREEN
134421,18.496482,73.832095,0.85,0.00,GREEN
134524,18.496482,73.832095,0.85,0.00,GREEN
134627,18.496482,73.832095,0.85,0.00,GREEN
134730,18.496482,73.832095,0.85,0.00,GREEN
134833,18.496482,73.832095,0.85,0.00,GREEN
134936,18.496482,73.832095,0.15,0.00,GREEN
135039,18.496482,73.832095,0.15,0.00,GREEN
135140,18.496482,73.832095,0.15,33.42,GREEN
135241,18.496482,73.832095,0.15,0.00,GREEN
135342,18.496482,73.832095,0.15,0.00,GREEN
135445,18.496485,73.832093,0.15,226.02,GREEN
135548,18.496485,73.832093,0.15,0.00,GREEN
135651,18.496485,73.832093,0.15,0.00,GREEN
135754,18.496485,73.832093,0.15,0.00,GREEN
135857,18.496485,73.832093,0.15,0.00,GREEN
135960,18.496485,73.832093,0.30,0.00,GREEN
136062,18.496485,73.832093,0.30,0.00,GREEN
136164,18.496485,73.832093,0.30,0.00,GREEN
136265,18.496485,73.832093,0.30,0.00,GREEN
136367,18.496485,73.832093,0.30,6.03,GREEN
136470,18.496485,73.832092,0.30,41.82,GREEN
136573,18.496485,73.832092,0.30,0.00,GREEN
136676,18.496485,73.832092,0.30,0.00,GREEN
136779,18.496485,73.832092,0.30,0.00,GREEN
136882,18.496485,73.832092,0.30,0.00,GREEN
136985,18.496485,73.832092,0.59,148.14,GREEN
137087,18.496485,73.832092,0.59,178.09,GREEN
137188,18.496485,73.832092,0.59,0.00,GREEN
137289,18.496485,73.832092,0.59,0.00,GREEN
137391,18.496485,73.832092,0.59,249.87,GREEN
137494,18.496487,73.832097,0.59,141.52,GREEN
137597,18.496487,73.832097,0.59,510.51,GREEN
137700,18.496487,73.832097,0.59,960.50,GREEN
137803,18.496487,73.832097,0.59,1209.50,GREEN
137906,18.496487,73.832097,0.59,903.66,GREEN
138009,18.496487,73.832097,2.09,148.28,GREEN
138110,18.496487,73.832097,2.09,20.64,GREEN
138212,18.496487,73.832097,2.09,65.70,GREEN
138313,18.496487,73.832097,2.09,192.88,GREEN
138416,18.496487,73.832097,2.09,310.93,GREEN
138519,18.496487,73.832097,2.09,224.95,GREEN
138622,18.496487,73.832097,2.09,0.00,GREEN
138725,18.496487,73.832097,2.09,0.00,GREEN
138828,18.496487,73.832097,2.09,3117.12,GREEN
138931,18.496487,73.832097,0.35,2806.07,GREEN
139034,18.496487,73.832097,0.35,0.00,GREEN
139135,18.496487,73.832097,0.35,0.00,GREEN
139236,18.496487,73.832097,0.35,0.00,GREEN
139337,18.496487,73.832097,0.35,0.00,GREEN
139441,18.496487,73.832095,0.35,0.90,GREEN
139544,18.496487,73.832095,0.35,0.00,GREEN
139647,18.496487,73.832095,0.35,157.73,GREEN
139750,18.496487,73.832095,0.35,0.00,GREEN
139853,18.496487,73.832095,0.35,0.00,GREEN
139956,18.496487,73.832095,0.72,0.29,GREEN
140058,18.496487,73.832095,0.72,0.00,GREEN
140159,18.496487,73.832095,0.72,124.73,GREEN
140260,18.496487,73.832095,0.72,0.00,GREEN
140362,18.496487,73.832095,0.72,83.08,GREEN
140465,18.496483,73.832093,0.72,0.00,GREEN
140568,18.496483,73.832093,0.72,0.00,GREEN
140671,18.496483,73.832093,0.72,0.00,GREEN
140774,18.496483,73.832093,0.72,0.00,GREEN
140877,18.496483,73.832093,0.72,0.00,GREEN
140980,18.496483,73.832093,1.37,0.00,GREEN
141082,18.496483,73.832093,1.37,0.00,GREEN
141183,18.496483,73.832093,1.37,0.00,GREEN
141284,18.496483,73.832093,1.37,0.00,GREEN
141386,18.496485,73.832095,1.37,0.00,GREEN
141490,18.496485,73.832095,1.37,0.00,GREEN
141593,18.496485,73.832095,1.37,78.39,GREEN
141696,18.496485,73.832095,1.37,0.00,GREEN
141799,18.496485,73.832095,1.37,0.00,GREEN
141902,18.496485,73.832095,1.37,0.00,GREEN
142005,18.496485,73.832095,0.28,0.00,GREEN
142106,18.496485,73.832095,0.28,0.00,GREEN
142207,18.496485,73.832095,0.28,49.63,GREEN
142308,18.496485,73.832095,0.28,118.36,GREEN
142410,18.496485,73.832100,0.28,0.00,GREEN
142514,18.496485,73.832100,0.28,8.59,GREEN
142617,18.496485,73.832100,0.28,284.11,GREEN
142720,18.496485,73.832100,0.28,0.00,GREEN
142823,18.496485,73.832100,0.28,0.00,GREEN
142926,18.496485,73.832100,0.28,0.00,GREEN
143029,18.496485,73.832100,1.91,204.68,GREEN
143130,18.496485,73.832100,1.91,0.00,GREEN
143231,18.496485,73.832100,1.91,0.00,GREEN
143332,18.496485,73.832100,1.91,4.71,GREEN
143435,18.496482,73.832102,1.91,0.00,GREEN
143538,18.496482,73.832102,1.91,0.00,GREEN
143641,18.496482,73.832102,1.91,0.00,GREEN
143744,18.496482,73.832102,1.91,0.00,GREEN
143847,18.496482,73.832102,1.91,0.00,GREEN
143950,18.496482,73.832102,1.28,0.00,GREEN
144053,18.496482,73.832102,1.28,0.00,GREEN
144154,18.496482,73.832102,1.28,0.00,GREEN
144255,18.496482,73.832102,1.28,0.00,GREEN
144356,18.496482,73.832102,1.28,90.06,GREEN
144460,18.496482,73.832102,1.28,357.26,GREEN
144563,18.496482,73.832102,1.28,0.00,GREEN
144666,18.496482,73.832102,1.28,0.00,GREEN
144769,18.496482,73.832102,1.28,0.00,GREEN
144872,18.496482,73.832102,1.28,0.00,GREEN
144975,18.496482,73.832102,0.59,158.91,GREEN
145077,18.496482,73.832102,0.59,0.00,GREEN
145179,18.496482,73.832102,0.59,0.00,GREEN
145280,18.496482,73.832102,0.59,350.81,GREEN
145382,18.496482,73.832102,0.59,0.00,GREEN
145485,18.496483,73.832103,0.59,0.00,GREEN
145588,18.496483,73.832103,0.59,0.00,GREEN
145691,18.496483,73.832103,0.59,0.00,GREEN
145794,18.496483,73.832103,0.59,523.25,GREEN
145897,18.496483,73.832103,0.59,1158.18,GREEN
146000,18.496483,73.832103,0.85,728.70,GREEN
146102,18.496483,73.832103,0.85,0.00,GREEN
146203,18.496483,73.832103,0.85,645.05,GREEN
146304,18.496483,73.832103,0.85,656.54,GREEN
146406,18.496483,73.832103,0.85,0.00,GREEN
146510,18.496483,73.832103,0.85,0.00,GREEN
146613,18.496483,73.832103,0.85,221.66,GREEN
146716,18.496483,73.832103,0.85,238.76,GREEN
146819,18.496483,73.832103,0.85,495.77,GREEN
146922,18.496483,73.832103,0.85,0.00,GREEN
147025,18.496483,73.832103,0.70,0.00,GREEN
147126,18.496483,73.832103,0.70,156.39,GREEN
147228,18.496483,73.832103,0.70,0.00,GREEN
147329,18.496483,73.832103,0.70,61.65,GREEN
147432,18.496482,73.832107,0.70,0.00,GREEN
147535,18.496482,73.832107,0.70,0.00,GREEN
147638,18.496482,73.832107,0.70,1452.04,GREEN
147741,18.496482,73.832107,0.70,1092.40,GREEN
147844,18.496482,73.832107,0.70,0.00,GREEN
147947,18.496482,73.832107,1.83,0.00,GREEN
148050,18.496482,73.832107,1.83,0.00,GREEN
148151,18.496482,73.832107,1.83,224.00,GREEN
148252,18.496482,73.832107,1.83,353.90,GREEN
148354,18.496482,73.832107,1.83,0.00,GREEN
148457,18.496482,73.832108,1.83,0.00,GREEN
148560,18.496482,73.832108,1.83,0.00,GREEN
148663,18.496482,73.832108,1.83,0.00,GREEN
148766,18.496482,73.832108,1.83,0.00,GREEN
148869,18.496482,73.832108,1.83,0.00,GREEN
148972,18.496482,73.832108,0.65,56.65,GREEN
149074,18.496482,73.832108,0.65,0.00,GREEN
149175,18.496482,73.832108,0.65,0.00,GREEN
149276,18.496482,73.832108,0.65,0.00,GREEN
149378,18.496482,73.832108,0.65,0.00,GREEN
149481,18.496485,73.832113,0.65,75.90,GREEN
149584,18.496485,73.832113,0.65,936.42,GREEN
149687,18.496485,73.832113,0.65,296.98,GREEN
149790,18.496485,73.832113,0.65,0.00,GREEN
149893,18.496485,73.832113,0.65,0.00,GREEN
149996,18.496485,73.832113,1.33,0.00,GREEN
150097,18.496485,73.832113,1.33,0.00,GREEN
150199,18.496485,73.832113,1.33,264.29,GREEN
150300,18.496485,73.832113,1.33,369.91,GREEN
150402,18.496485,73.832113,1.33,503.35,GREEN
150505,18.496488,73.832117,1.33,526.37,GREEN
150608,18.496488,73.832117,1.33,956.86,GREEN
150711,18.496488,73.832117,1.33,1010.51,GREEN
150814,18.496488,73.832117,1.33,1930.73,GREEN
150917,18.496488,73.832117,1.33,2185.61,GREEN
151020,18.496488,73.832117,1.59,0.00,GREEN
151121,18.496488,73.832117,1.59,548.57,GREEN
151223,18.496488,73.832117,1.59,705.51,GREEN
151324,18.496488,73.832117,1.59,0.00,GREEN
151427,18.496488,73.832115,1.59,0.00,GREEN
151530,18.496488,73.832115,1.59,483.61,GREEN
151633,18.496488,73.832115,1.59,461.98,GREEN
151736,18.496488,73.832115,1.59,0.00,GREEN
151839,18.496488,73.832115,1.59,0.00,GREEN
151942,18.496488,73.832115,1.04,0.00,GREEN
152045,18.496488,73.832115,1.04,0.00,GREEN
152146,18.496488,73.832115,1.04,0.00,GREEN
152247,18.496488,73.832115,1.04,0.00,GREEN
152348,18.496488,73.832115,1.04,0.00,GREEN
152451,18.496488,73.832118,1.04,0.00,GREEN
152554,18.496488,73.832118,1.04,0.00,GREEN
152657,18.496488,73.832118,1.04,0.00,GREEN
152760,18.496488,73.832118,1.04,497.91,GREEN
152863,18.496488,73.832118,1.04,0.00,GREEN
152966,18.496488,73.832118,2.57,0.00,GREEN
153068,18.496488,73.832118,2.57,0.00,GREEN
153170,18.496488,73.832118,2.57,0.00,GREEN
153271,18.496488,73.832118,2.57,104.00,GREEN
153373,18.496488,73.832118,2.57,812.62,GREEN
153476,18.496485,73.832118,2.57,0.00,GREEN
153579,18.496485,73.832118,2.57,1.94,GREEN
153682,18.496485,73.832118,2.57,0.00,GREEN
153785,18.496485,73.832118,2.57,0.00,GREEN
153888,18.496485,73.832118,2.57,0.00,GREEN
153991,18.496485,73.832118,0.61,0.00,GREEN
154093,18.496485,73.832118,0.61,670.25,GREEN
154194,18.496485,73.832118,0.61,54.00,GREEN
154295,18.496485,73.832118,0.61,0.00,GREEN
154398,18.496480,73.832117,0.61,0.00,GREEN
154501,18.496480,73.832117,0.61,0.00,GREEN
154604,18.496480,73.832117,0.61,0.00,GREEN
154707,18.496480,73.832117,0.61,60.13,GREEN
154810,18.496480,73.832117,0.61,141.90,GREEN
154913,18.496480,73.832117,0.61,486.52,GREEN
155016,18.496480,73.832117,0.35,0.00,GREEN
155117,18.496480,73.832117,0.35,0.00,GREEN
155218,18.496480,73.832117,0.35,0.00,GREEN
155319,18.496480,73.832117,0.35,0.00,GREEN
155422,18.496478,73.832110,0.35,0.00,GREEN
155525,18.496478,73.832110,0.35,0.00,GREEN
155628,18.496478,73.832110,0.35,23.67,GREEN
155731,18.496478,73.832110,0.35,50.98,GREEN
155834,18.496478,73.832110,0.35,1039.44,GREEN
155937,18.496478,73.832110,1.02,160.35,GREEN
156040,18.496478,73.832110,1.02,53.00,GREEN
156141,18.496478,73.832110,1.02,0.00,GREEN
156242,18.496478,73.832110,1.02,0.00,GREEN
156343,18.496478,73.832110,1.02,655.03,GREEN
156447,18.496475,73.832107,1.02,1666.17,GREEN
156550,18.496475,73.832107,1.02,433.03,GREEN
156653,18.496475,73.832107,1.02,0.00,GREEN
156756,18.496475,73.832107,1.02,624.92,GREEN
156859,18.496475,73.832107,1.02,412.68,GREEN
156962,18.496475,73.832107,0.61,4247.58,GREEN
157064,18.496475,73.832107,0.61,4643.97,GREEN
157165,18.496475,73.832107,0.61,595.17,GREEN
157266,18.496475,73.832107,0.61,0.00,GREEN
157368,18.496475,73.832107,0.61,503.16,GREEN
157471,18.496472,73.832107,0.61,0.00,GREEN
157574,18.496472,73.832107,0.61,267.38,GREEN
157677,18.496472,73.832107,0.61,0.00,GREEN
157780,18.496472,73.832107,0.61,308.98,GREEN
157883,18.496472,73.832107,0.61,0.00,GREEN
157986,18.496472,73.832107,0.41,0.00,GREEN
158088,18.496472,73.832107,0.41,0.00,GREEN
158189,18.496472,73.832107,0.41,0.00,GREEN
158290,18.496472,73.832107,0.41,97.97,GREEN
158392,18.496472,73.832107,0.41,61.55,GREEN
158495,18.496468,73.832105,0.41,0.00,GREEN
158598,18.496468,73.832105,0.41,46.49,GREEN
158701,18.496468,73.832105,0.41,195.25,GREEN
158804,18.496468,73.832105,0.41,0.00,GREEN
158907,18.496468,73.832105,0.41,0.00,GREEN
159010,18.496468,73.832105,0.33,275.03,GREEN
159111,18.496468,73.832105,0.33,0.00,GREEN
159213,18.496468,73.832105,0.33,98.61,GREEN
159314,18.496468,73.832105,0.33,649.25,GREEN
159417,18.496463,73.832102,0.33,0.00,GREEN
159520,18.496463,73.832102,0.33,1545.12,GREEN
159623,18.496463,73.832102,0.33,892.58,GREEN
159726,18.496463,73.832102,0.33,286.84,GREEN
159829,18.496463,73.832102,0.33,3074.86,GREEN
159932,18.496463,73.832102,0.33,4081.30,GREEN
160035,18.496463,73.832102,0.35,18.63,GREEN
160136,18.496463,73.832102,0.35,200.47,GREEN
160237,18.496463,73.832102,0.35,0.00,GREEN
160338,18.496463,73.832102,0.35,0.00,GREEN
160441,18.496462,73.832105,0.35,424.01,GREEN
160544,18.496462,73.832105,0.35,0.00,GREEN
160647,18.496462,73.832105,0.35,0.00,GREEN
160750,18.496462,73.832105,0.35,0.00,GREEN
160853,18.496462,73.832105,0.35,0.00,GREEN
160956,18.496462,73.832105,1.30,0.00,GREEN
161059,18.496462,73.832105,1.30,0.00,GREEN
161160,18.496462,73.832105,1.30,0.00,GREEN
161261,18.496462,73.832105,1.30,0.00,GREEN
161362,18.496462,73.832105,1.30,476.34,GREEN
161466,18.496452,73.832105,1.30,916.72,GREEN
161569,18.496452,73.832105,1.30,642.52,GREEN
161672,18.496452,73.832105,1.30,121.24,GREEN
161775,18.496452,73.832105,1.30,473.14,GREEN
161878,18.496452,73.832105,1.30,0.00,GREEN
161981,18.496452,73.832105,2.26,0.00,GREEN
162083,18.496452,73.832105,2.26,0.00,GREEN
162184,18.496452,73.832105,2.26,0.00,GREEN
162285,18.496452,73.832105,2.26,0.00,GREEN
162387,18.496445,73.832102,2.26,0.00,GREEN
162491,18.496445,73.832102,2.26,0.00,GREEN
162594,18.496445,73.832102,2.26,99.96,GREEN
162697,18.496445,73.832102,2.26,178.37,GREEN
162800,18.496445,73.832102,2.26,0.00,GREEN
162903,18.496445,73.832102,2.26,320.05,GREEN
163006,18.496445,73.832102,1.78,0.00,GREEN
163107,18.496445,73.832102,1.78,0.00,GREEN
163208,18.496445,73.832102,1.78,0.00,GREEN
163309,18.496445,73.832102,1.78,0.00,GREEN
163412,18.496438,73.832100,1.78,49.95,GREEN
163515,18.496438,73.832100,1.78,630.37,GREEN
163618,18.496438,73.832100,1.78,121.74,GREEN
163721,18.496438,73.832100,1.78,0.00,GREEN
163824,18.496438,73.832100,1.78,0.00,GREEN
163927,18.496438,73.832100,1.28,0.00,GREEN
164030,18.496438,73.832100,1.28,0.00,GREEN
164131,18.496438,73.832100,1.28,0.00,GREEN
164232,18.496438,73.832100,1.28,40.34,GREEN
164333,18.496438,73.832100,1.28,158.43,GREEN
164436,18.496433,73.832102,1.28,0.00,GREEN
164539,18.496433,73.832102,1.28,0.00,GREEN
164642,18.496433,73.832102,1.28,0.00,GREEN
164745,18.496433,73.832102,1.28,0.00,GREEN
164848,18.496433,73.832102,1.28,0.00,GREEN
164951,18.496433,73.832102,1.37,0.00,GREEN
165054,18.496433,73.832102,1.37,0.00,GREEN
165155,18.496433,73.832102,1.37,33.70,GREEN
165256,18.496433,73.832102,1.37,0.00,GREEN
165358,18.496433,73.832102,1.37,0.00,GREEN
165461,18.496432,73.832103,1.37,912.32,GREEN
165564,18.496432,73.832103,1.37,341.54,GREEN
165667,18.496432,73.832103,1.37,0.00,GREEN
165770,18.496432,73.832103,1.37,0.00,GREEN
165873,18.496432,73.832103,1.37,0.00,GREEN
165976,18.496432,73.832103,1.09,69.89,GREEN
166078,18.496432,73.832103,1.09,0.00,GREEN
166179,18.496432,73.832103,1.09,0.00,GREEN
166280,18.496432,73.832103,1.09,0.00,GREEN
166382,18.496432,73.832103,1.09,0.00,GREEN
166485,18.496427,73.832100,1.09,0.00,GREEN
166588,18.496427,73.832100,1.09,0.00,GREEN
166691,18.496427,73.832100,1.09,0.00,GREEN
166794,18.496427,73.832100,1.09,0.00,GREEN
166897,18.496427,73.832100,1.09,112.10,GREEN
167000,18.496427,73.832100,0.48,368.97,GREEN
167102,18.496427,73.832100,0.48,1085.75,GREEN
167203,18.496427,73.832100,0.48,1200.25,GREEN
167304,18.496427,73.832100,0.48,608.40,GREEN
167407,18.496418,73.832098,0.48,638.77,GREEN
167510,18.496418,73.832098,0.48,550.06,GREEN
167613,18.496418,73.832098,0.48,206.62,GREEN
167716,18.496418,73.832098,0.48,0.00,GREEN
167819,18.496418,73.832098,0.48,0.00,GREEN
167922,18.496418,73.832098,0.00,0.00,GREEN
168025,18.496418,73.832098,0.00,0.00,GREEN
168126,18.496418,73.832098,0.00,0.00,GREEN
168227,18.496418,73.832098,0.00,172.53,GREEN
168328,18.496418,73.832098,0.00,385.33,GREEN
168431,18.496415,73.832098,0.00,51.96,GREEN
168534,18.496415,73.832098,0.00,0.00,GREEN
168637,18.496415,73.832098,0.00,0.00,GREEN
168740,18.496415,73.832098,0.00,0.00,GREEN
168843,18.496415,73.832098,0.00,405.55,GREEN
168946,18.496415,73.832098,0.00,176.84,GREEN
169048,18.496415,73.832098,0.00,95.33,GREEN
169150,18.496415,73.832098,0.00,2620.26,GREEN
169251,18.496415,73.832098,0.00,3733.27,GREEN
169353,18.496415,73.832098,0.00,20.79,GREEN
169456,18.496415,73.832097,0.00,3.48,GREEN
169559,18.496415,73.832097,0.00,250.91,GREEN
169662,18.496415,73.832097,0.00,96.10,GREEN
169765,18.496415,73.832097,0.00,154.13,GREEN
169868,18.496415,73.832097,0.00,60.85,GREEN
169971,18.496415,73.832097,0.00,39.20,GREEN
170073,18.496415,73.832097,0.00,0.00,GREEN
170174,18.496415,73.832097,0.00,0.00,GREEN
170275,18.496415,73.832097,0.00,493.50,GREEN
170377,18.496415,73.832097,0.00,0.00,GREEN
170480,18.496415,73.832097,0.00,250.30,GREEN
170583,18.496415,73.832097,0.00,186.81,GREEN
170686,18.496415,73.832097,0.00,639.97,GREEN
170789,18.496415,73.832097,0.00,0.00,GREEN
170892,18.496415,73.832097,0.00,2744.40,GREEN
170995,18.496415,73.832097,0.63,1050.86,GREEN
171097,18.496415,73.832097,0.63,474.18,GREEN
171198,18.496415,73.832097,0.63,0.00,GREEN
171299,18.496415,73.832097,0.63,0.00,GREEN
171401,18.496415,73.832097,0.63,37.14,GREEN
171504,18.496417,73.832097,0.63,0.00,GREEN
171607,18.496417,73.832097,0.63,0.00,GREEN
171710,18.496417,73.832097,0.63,347.21,GREEN
171813,18.496417,73.832097,0.63,0.00,GREEN
171916,18.496417,73.832097,0.63,311.98,GREEN
172019,18.496417,73.832097,0.59,0.00,GREEN
172120,18.496417,73.832097,0.59,0.00,GREEN
172222,18.496417,73.832097,0.59,231.36,GREEN
172323,18.496417,73.832097,0.59,0.00,GREEN
172426,18.496420,73.832098,0.59,0.00,GREEN
172529,18.496420,73.832098,0.59,0.00,GREEN
172632,18.496420,73.832098,0.59,337.22,GREEN
172735,18.496420,73.832098,0.59,155.41,GREEN
172838,18.496420,73.832098,0.59,0.00,GREEN
172941,18.496420,73.832098,1.30,0.00,GREEN
173044,18.496420,73.832098,1.30,133.11,GREEN
173145,18.496420,73.832098,1.30,327.98,GREEN
173246,18.496420,73.832098,1.30,17.20,GREEN
173347,18.496420,73.832098,1.30,0.00,GREEN
173450,18.496420,73.832097,1.30,111.63,GREEN
173553,18.496420,73.832097,1.30,0.00,GREEN
173656,18.496420,73.832097,1.30,0.00,GREEN
173759,18.496420,73.832097,1.30,144.93,GREEN
173862,18.496420,73.832097,1.30,330.45,GREEN
173965,18.496420,73.832097,0.26,472.32,GREEN
174067,18.496420,73.832097,0.26,0.00,GREEN
174169,18.496420,73.832097,0.26,0.00,GREEN
174270,18.496420,73.832097,0.26,0.00,GREEN
174372,18.496420,73.832097,0.26,0.00,GREEN
174475,18.496422,73.832095,0.26,479.83,GREEN
174578,18.496422,73.832095,0.26,584.92,GREEN
174681,18.496422,73.832095,0.26,0.00,GREEN
174784,18.496422,73.832095,0.26,0.00,GREEN
174887,18.496422,73.832095,0.26,0.00,GREEN
174990,18.496422,73.832095,0.00,0.00,GREEN
175091,18.496422,73.832095,0.00,0.00,GREEN
175193,18.496422,73.832095,0.00,0.00,GREEN
175294,18.496422,73.832095,0.00,0.00,GREEN
175397,18.496425,73.832095,0.00,0.00,GREEN
175500,18.496425,73.832095,0.00,0.00,GREEN
175603,18.496425,73.832095,0.00,0.00,GREEN
175706,18.496425,73.832095,0.00,0.00,GREEN
175809,18.496425,73.832095,0.00,36.13,GREEN
175912,18.496425,73.832095,0.00,252.06,GREEN
176015,18.496425,73.832095,0.00,0.00,GREEN
176116,18.496425,73.832095,0.00,138.06,GREEN
176217,18.496425,73.832095,0.00,273.62,GREEN
176318,18.496425,73.832095,0.00,679.83,GREEN
176421,18.496427,73.832095,0.00,268.32,GREEN
176524,18.496427,73.832095,0.00,0.00,GREEN
176627,18.496427,73.832095,0.00,93.86,GREEN
176730,18.496427,73.832095,0.00,52.16,GREEN
176833,18.496427,73.832095,0.00,108.93,GREEN
176936,18.496427,73.832095,0.00,0.00,GREEN
177039,18.496427,73.832095,0.00,0.00,GREEN
177140,18.496427,73.832095,0.00,0.00,GREEN
177241,18.496427,73.832095,0.00,0.00,GREEN
177342,18.496427,73.832095,0.00,0.00,GREEN
177446,18.496428,73.832095,0.00,0.00,GREEN
177549,18.496428,73.832095,0.00,0.00,GREEN
177652,18.496428,73.832095,0.00,0.00,GREEN
177755,18.496428,73.832095,0.00,0.00,GREEN
177858,18.496428,73.832095,0.00,0.00,GREEN
177961,18.496428,73.832095,0.00,0.00,GREEN
178063,18.496428,73.832095,0.00,0.00,GREEN
178164,18.496428,73.832095,0.00,25.46,GREEN
178265,18.496428,73.832095,0.00,88.39,GREEN
178366,18.496428,73.832095,0.00,0.00,GREEN
178470,18.496430,73.832095,0.00,129.59,GREEN
178573,18.496430,73.832095,0.00,511.25,GREEN
178676,18.496430,73.832095,0.00,0.00,GREEN
178779,18.496430,73.832095,0.00,0.00,GREEN
178882,18.496430,73.832095,0.00,0.00,GREEN
178985,18.496430,73.832095,0.44,613.34,GREEN
179087,18.496430,73.832095,0.44,57.95,GREEN
179188,18.496430,73.832095,0.44,0.00,GREEN
179289,18.496430,73.832095,0.44,121.57,GREEN
179391,18.496430,73.832095,0.44,0.00,GREEN
179494,18.496432,73.832095,0.44,418.00,GREEN
179597,18.496432,73.832095,0.44,0.00,GREEN
179700,18.496432,73.832095,0.44,377.47,GREEN
179803,18.496432,73.832095,0.44,0.00,GREEN
179906,18.496432,73.832095,0.44,751.72,GREEN
180009,18.496432,73.832095,0.31,0.00,GREEN
180111,18.496432,73.832095,0.31,209.61,GREEN
180212,18.496432,73.832095,0.31,0.00,GREEN
180313,18.496432,73.832095,0.31,78.03,GREEN
180415,18.496433,73.832095,0.31,0.00,GREEN
180519,18.496433,73.832095,0.31,0.00,GREEN
180622,18.496433,73.832095,0.31,46.87,GREEN
180725,18.496433,73.832095,0.31,364.94,GREEN
180828,18.496433,73.832095,0.31,566.04,GREEN
180931,18.496433,73.832095,0.31,906.96,GREEN
181034,18.496433,73.832095,0.20,0.00,GREEN
181135,18.496433,73.832095,0.20,0.00,GREEN
181236,18.496433,73.832095,0.20,0.00,GREEN
181337,18.496433,73.832095,0.20,445.13,GREEN
181440,18.496437,73.832097,0.20,317.89,GREEN
181543,18.496437,73.832097,0.20,0.00,GREEN
181646,18.496437,73.832097,0.20,0.00,GREEN
181749,18.496437,73.832097,0.20,353.34,GREEN
181852,18.496437,73.832097,0.20,0.00,GREEN
181955,18.496437,73.832097,0.41,208.28,GREEN
182058,18.496437,73.832097,0.41,0.00,GREEN
182159,18.496437,73.832097,0.41,0.00,GREEN
182260,18.496437,73.832097,0.41,0.00,GREEN
182361,18.496437,73.832097,0.41,239.68,GREEN
182465,18.496438,73.832100,0.41,691.21,GREEN
182568,18.496438,73.832100,0.41,0.00,GREEN
182671,18.496438,73.832100,0.41,0.00,GREEN
182774,18.496438,73.832100,0.41,166.45,GREEN
182877,18.496438,73.832100,0.41,224.32,GREEN
182980,18.496438,73.832100,0.69,0.00,GREEN
183082,18.496438,73.832100,0.69,0.00,GREEN
183183,18.496438,73.832100,0.69,0.00,GREEN
183284,18.496438,73.832100,0.69,0.00,GREEN
183386,18.496438,73.832100,0.69,0.00,GREEN
183489,18.496435,73.832098,0.69,0.00,GREEN
183592,18.496435,73.832098,0.69,156.93,GREEN
183695,18.496435,73.832098,0.69,0.00,GREEN
183798,18.496435,73.832098,0.69,0.00,GREEN
183901,18.496435,73.832098,0.69,311.73,GREEN
184004,18.496435,73.832098,1.26,0.00,GREEN
184106,18.496435,73.832098,1.26,0.00,GREEN
184207,18.496435,73.832098,1.26,92.31,GREEN
184308,18.496435,73.832098,1.26,136.17,GREEN
184411,18.496435,73.832100,1.26,0.00,GREEN
184514,18.496435,73.832100,1.26,0.00,GREEN
184617,18.496435,73.832100,1.26,0.00,GREEN
184720,18.496435,73.832100,1.26,0.00,GREEN
184823,18.496435,73.832100,1.26,0.00,GREEN
184926,18.496435,73.832100,0.72,279.25,GREEN
185029,18.496435,73.832100,0.72,520.64,GREEN
185130,18.496435,73.832100,0.72,185.88,GREEN
185231,18.496435,73.832100,0.72,208.49,GREEN
185332,18.496435,73.832100,0.72,96.47,GREEN
185435,18.496433,73.832103,0.72,0.00,GREEN
185538,18.496433,73.832103,0.72,0.00,GREEN
185641,18.496433,73.832103,0.72,0.00,GREEN
185744,18.496433,73.832103,0.72,0.00,GREEN
185847,18.496433,73.832103,0.72,100.83,GREEN
185950,18.496433,73.832103,0.70,536.26,GREEN
186052,18.496433,73.832103,0.70,0.00,GREEN
186154,18.496433,73.832103,0.70,0.00,GREEN
186255,18.496433,73.832103,0.70,0.00,GREEN
186357,18.496433,73.832103,0.70,0.00,GREEN
186460,18.496433,73.832105,0.70,0.00,GREEN
186563,18.496433,73.832105,0.70,0.00,GREEN
186666,18.496433,73.832105,0.70,0.00,GREEN
186769,18.496433,73.832105,0.70,0.00,GREEN
186872,18.496433,73.832105,0.70,0.00,GREEN
186975,18.496433,73.832105,0.50,0.00,GREEN
187077,18.496433,73.832105,0.50,0.00,GREEN
187178,18.496433,73.832105,0.50,0.00,GREEN
187279,18.496433,73.832105,0.50,0.00,GREEN
187381,18.496433,73.832105,0.50,0.00,GREEN
187484,18.496432,73.832108,0.50,0.00,GREEN
187587,18.496432,73.832108,0.50,31.67,GREEN
187690,18.496432,73.832108,0.50,132.27,GREEN
187793,18.496432,73.832108,0.50,0.00,GREEN
187896,18.496432,73.832108,0.50,558.19,GREEN
187999,18.496432,73.832108,1.11,296.94,GREEN
188101,18.496432,73.832108,1.11,0.00,GREEN
188202,18.496432,73.832108,1.11,0.00,GREEN
188303,18.496432,73.832108,1.11,53.23,GREEN
188406,18.496435,73.832113,1.11,0.00,GREEN
188509,18.496435,73.832113,1.11,0.00,GREEN
188612,18.496435,73.832113,1.11,0.00,GREEN
188715,18.496435,73.832113,1.11,0.00,GREEN
188818,18.496435,73.832113,1.11,0.00,GREEN
188921,18.496435,73.832113,1.02,0.00,GREEN
189024,18.496435,73.832113,1.02,0.00,GREEN
189125,18.496435,73.832113,1.02,0.00,GREEN
189226,18.496435,73.832113,1.02,0.00,GREEN
189327,18.496435,73.832113,1.02,0.00,GREEN
189430,18.496442,73.832118,1.02,94.81,GREEN
189533,18.496442,73.832118,1.02,73.07,GREEN
189636,18.496442,73.832118,1.02,263.76,GREEN
189739,18.496442,73.832118,1.02,71.32,GREEN
189842,18.496442,73.832118,1.02,217.67,GREEN
189945,18.496442,73.832118,0.48,0.00,GREEN
190047,18.496442,73.832118,0.48,0.00,GREEN
190149,18.496442,73.832118,0.48,0.00,GREEN
190250,18.496442,73.832118,0.48,0.00,GREEN
190351,18.496442,73.832118,0.48,0.00,GREEN
190454,18.496448,73.832122,0.48,0.00,GREEN
190557,18.496448,73.832122,0.48,0.00,GREEN
190660,18.496448,73.832122,0.48,0.00,GREEN
190763,18.496448,73.832122,0.48,0.00,GREEN
190866,18.496448,73.832122,0.48,0.00,GREEN
190969,18.496448,73.832122,0.94,0.00,GREEN
191071,18.496448,73.832122,0.94,118.41,GREEN
191173,18.496448,73.832122,0.94,0.00,GREEN
191274,18.496448,73.832122,0.94,26.67,GREEN
191376,18.496448,73.832122,0.94,103.73,GREEN
191479,18.496453,73.832123,0.94,0.00,GREEN
191582,18.496453,73.832123,0.94,0.00,GREEN
191685,18.496453,73.832123,0.94,0.00,GREEN
191788,18.496453,73.832123,0.94,0.00,GREEN
191891,18.496453,73.832123,0.94,0.00,GREEN
191994,18.496453,73.832123,1.00,37.83,GREEN
192096,18.496453,73.832123,1.00,556.88,GREEN
192197,18.496453,73.832123,1.00,123.09,GREEN
192298,18.496453,73.832123,1.00,0.00,GREEN
192400,18.496453,73.832123,1.00,0.00,GREEN
192503,18.496453,73.832123,1.00,0.00,GREEN
192606,18.496453,73.832123,1.00,0.00,GREEN
192709,18.496453,73.832123,1.00,0.00,GREEN
192812,18.496453,73.832123,1.00,335.88,GREEN
192915,18.496453,73.832123,1.00,0.00,GREEN
193018,18.496453,73.832123,0.65,0.00,GREEN
193119,18.496453,73.832123,0.65,0.00,GREEN
193221,18.496453,73.832123,0.65,0.00,GREEN
193322,18.496453,73.832123,0.65,0.00,GREEN
193425,18.496453,73.832127,0.65,0.00,GREEN
193528,18.496453,73.832127,0.65,401.51,GREEN
193631,18.496453,73.832127,0.65,0.00,GREEN
193734,18.496453,73.832127,0.65,0.00,GREEN
193837,18.496453,73.832127,0.65,0.00,GREEN
193940,18.496453,73.832127,0.89,0.00,GREEN
194043,18.496453,73.832127,0.89,0.00,GREEN
194144,18.496453,73.832127,0.89,0.00,GREEN
194245,18.496453,73.832127,0.89,57.91,GREEN
194346,18.496453,73.832127,0.89,39.34,GREEN
194449,18.496453,73.832130,0.89,0.00,GREEN
194552,18.496453,73.832130,0.89,0.00,GREEN
194655,18.496453,73.832130,0.89,13.19,GREEN
194758,18.496453,73.832130,0.89,567.86,GREEN
194861,18.496453,73.832130,0.89,34.18,GREEN
194964,18.496453,73.832130,0.17,0.00,GREEN
195066,18.496453,73.832130,0.17,0.00,GREEN
195168,18.496453,73.832130,0.17,0.00,GREEN
195269,18.496453,73.832130,0.17,0.00,GREEN
195371,18.496453,73.832130,0.17,0.00,GREEN
195474,18.496452,73.832130,0.17,87.50,GREEN
195577,18.496452,73.832130,0.17,0.00,GREEN
195680,18.496452,73.832130,0.17,0.00,GREEN
195783,18.496452,73.832130,0.17,0.00,GREEN
195886,18.496452,73.832130,0.17,0.00,GREEN
195989,18.496452,73.832130,0.41,0.00,GREEN
196090,18.496452,73.832130,0.41,0.00,GREEN
196192,18.496452,73.832130,0.41,0.00,GREEN
196293,18.496452,73.832130,0.41,0.00,GREEN
196395,18.496453,73.832132,0.41,57.54,GREEN
196499,18.496453,73.832132,0.41,0.00,GREEN
196602,18.496453,73.832132,0.41,0.00,GREEN
196705,18.496453,73.832132,0.41,175.44,GREEN
196808,18.496453,73.832132,0.41,0.00,GREEN
196911,18.496453,73.832132,0.41,0.00,GREEN
197014,18.496453,73.832132,0.00,0.00,GREEN
197115,18.496453,73.832132,0.00,0.00,GREEN
197216,18.496453,73.832132,0.00,0.00,GREEN
197317,18.496453,73.832132,0.00,0.00,GREEN
197420,18.496453,73.832132,0.00,0.00,GREEN
197523,18.496453,73.832132,0.00,0.00,GREEN
197626,18.496453,73.832132,0.00,0.00,GREEN
197729,18.496453,73.832132,0.00,0.00,GREEN
197832,18.496453,73.832132,0.00,624.01,GREEN
197935,18.496453,73.832132,0.00,765.87,GREEN
198038,18.496453,73.832132,0.00,480.24,GREEN
198139,18.496453,73.832132,0.00,549.56,GREEN
198240,18.496453,73.832132,0.00,510.73,GREEN
198341,18.496453,73.832132,0.00,0.00,GREEN
198445,18.496453,73.832133,0.00,0.00,GREEN
198548,18.496453,73.832133,0.00,68.36,GREEN
198651,18.496453,73.832133,0.00,164.26,GREEN
198754,18.496453,73.832133,0.00,266.28,GREEN
198857,18.496453,73.832133,0.00,0.00,GREEN
198960,18.496453,73.832133,0.00,0.00,GREEN
199062,18.496453,73.832133,0.00,31.16,GREEN
199163,18.496453,73.832133,0.00,49.40,GREEN
199264,18.496453,73.832133,0.00,0.00,GREEN
199365,18.496453,73.832133,0.00,0.00,GREEN
199469,18.496455,73.832135,0.00,217.86,GREEN
199572,18.496455,73.832135,0.00,0.00,GREEN
199675,18.496455,73.832135,0.00,0.00,GREEN
199778,18.496455,73.832135,0.00,0.00,GREEN
199881,18.496455,73.832135,0.00,0.00,GREEN
199984,18.496455,73.832135,0.41,0.00,GREEN
200086,18.496455,73.832135,0.41,0.00,GREEN
200187,18.496455,73.832135,0.41,0.00,GREEN
200288,18.496455,73.832135,0.41,0.00,GREEN
200390,18.496455,73.832135,0.41,0.00,GREEN
200493,18.496455,73.832138,0.41,0.00,GREEN
200596,18.496455,73.832138,0.41,0.00,GREEN
200699,18.496455,73.832138,0.41,0.00,GREEN
200802,18.496455,73.832138,0.41,0.00,GREEN
200905,18.496455,73.832138,0.41,0.00,GREEN
201008,18.496455,73.832138,0.37,0.00,GREEN
201109,18.496455,73.832138,0.37,0.00,GREEN
201211,18.496455,73.832138,0.37,0.00,GREEN
201312,18.496455,73.832138,0.37,0.00,GREEN
201414,18.496457,73.832142,0.37,0.00,GREEN
201518,18.496457,73.832142,0.37,0.00,GREEN
201621,18.496457,73.832142,0.37,0.00,GREEN
201724,18.496457,73.832142,0.37,0.00,GREEN
201827,18.496457,73.832142,0.37,0.00,GREEN
201930,18.496457,73.832142,0.37,20.40,GREEN
202033,18.496457,73.832142,0.72,160.93,GREEN
202134,18.496457,73.832142,0.72,164.18,GREEN
202235,18.496457,73.832142,0.72,120.73,GREEN
202336,18.496457,73.832142,0.72,131.21,GREEN
202440,18.496458,73.832147,0.72,17.61,GREEN
202543,18.496458,73.832147,0.72,0.00,GREEN
202646,18.496458,73.832147,0.72,0.00,GREEN
202749,18.496458,73.832147,0.72,0.00,GREEN
202852,18.496458,73.832147,0.72,0.00,GREEN
202955,18.496458,73.832147,0.93,0.00,GREEN
203057,18.496458,73.832147,0.93,216.24,GREEN
203158,18.496458,73.832147,0.93,181.30,GREEN
203259,18.496458,73.832147,0.93,0.00,GREEN
203360,18.496458,73.832147,0.93,0.00,GREEN
203464,18.496460,73.832148,0.93,165.33,GREEN
203567,18.496460,73.832148,0.93,0.00,GREEN
203670,18.496460,73.832148,0.93,0.00,GREEN
203773,18.496460,73.832148,0.93,41.86,GREEN
203876,18.496460,73.832148,0.93,0.00,GREEN
203979,18.496460,73.832148,0.65,0.00,GREEN
204081,18.496460,73.832148,0.65,0.00,GREEN
204182,18.496460,73.832148,0.65,0.00,GREEN
204283,18.496460,73.832148,0.65,0.00,GREEN
204385,18.496460,73.832148,0.65,0.00,GREEN
204488,18.496462,73.832148,0.65,0.00,GREEN
204591,18.496462,73.832148,0.65,0.00,GREEN
204694,18.496462,73.832148,0.65,129.49,GREEN
204797,18.496462,73.832148,0.65,260.84,GREEN
204900,18.496462,73.832148,0.65,0.00,GREEN
205003,18.496462,73.832148,0.85,0.00,GREEN
205105,18.496462,73.832148,0.85,389.42,GREEN
205206,18.496462,73.832148,0.85,0.00,GREEN
205307,18.496462,73.832148,0.85,0.00,GREEN
205409,18.496462,73.832147,0.85,0.00,GREEN
205513,18.496462,73.832147,0.85,65.98,GREEN
205616,18.496462,73.832147,0.85,0.00,GREEN
205719,18.496462,73.832147,0.85,0.00,GREEN
205822,18.496462,73.832147,0.85,548.31,GREEN
205925,18.496462,73.832147,0.85,549.10,GREEN
206028,18.496462,73.832147,0.43,0.00,GREEN
206129,18.496462,73.832147,0.43,0.00,GREEN
206230,18.496462,73.832147,0.43,143.71,GREEN
206331,18.496462,73.832147,0.43,188.51,GREEN
206434,18.496460,73.832148,0.43,81.51,GREEN
206537,18.496460,73.832148,0.43,468.62,GREEN
206640,18.496460,73.832148,0.43,0.00,GREEN
206743,18.496460,73.832148,0.43,0.00,GREEN
206846,18.496460,73.832148,0.43,1161.02,GREEN
206949,18.496460,73.832148,0.33,202.64,GREEN
207051,18.496460,73.832148,0.33,562.81,GREEN
207153,18.496460,73.832148,0.33,759.52,GREEN
207254,18.496460,73.832148,0.33,0.00,GREEN
207356,18.496460,73.832148,0.33,627.59,GREEN
207459,18.496460,73.832150,0.33,44.31,GREEN
207562,18.496460,73.832150,0.33,814.20,GREEN
207665,18.496460,73.832150,0.33,0.00,GREEN
207768,18.496460,73.832150,0.33,0.00,GREEN
207871,18.496460,73.832150,0.33,0.00,GREEN
207974,18.496460,73.832150,0.70,137.02,GREEN
208076,18.496460,73.832150,0.70,210.93,GREEN
208177,18.496460,73.832150,0.70,95.35,GREEN
208278,18.496460,73.832150,0.70,187.46,GREEN
208380,18.496460,73.832150,0.70,0.00,GREEN
208483,18.496462,73.832152,0.70,0.00,GREEN
208586,18.496462,73.832152,0.70,0.00,GREEN
208689,18.496462,73.832152,0.70,0.00,GREEN
208792,18.496462,73.832152,0.70,356.74,GREEN
208895,18.496462,73.832152,0.70,197.05,GREEN
208998,18.496462,73.832152,0.46,379.80,GREEN
209099,18.496462,73.832152,0.46,63.90,GREEN
209201,18.496462,73.832152,0.46,0.00,GREEN
209302,18.496462,73.832152,0.46,0.00,GREEN
209405,18.496460,73.832152,0.46,0.00,GREEN
209508,18.496460,73.832152,0.46,0.00,GREEN
209611,18.496460,73.832152,0.46,0.00,GREEN
209714,18.496460,73.832152,0.46,285.77,GREEN
209817,18.496460,73.832152,0.46,133.58,GREEN
209920,18.496460,73.832152,0.59,178.99,GREEN
210023,18.496460,73.832152,0.59,186.25,GREEN
210124,18.496460,73.832152,0.59,0.00,GREEN
210225,18.496460,73.832152,0.59,0.00,GREEN
210326,18.496460,73.832152,0.59,0.00,GREEN
210429,18.496460,73.832157,0.59,0.00,GREEN
210532,18.496460,73.832157,0.59,118.46,GREEN
210635,18.496460,73.832157,0.59,1040.05,GREEN
210738,18.496460,73.832157,0.59,61.77,GREEN
210841,18.496460,73.832157,0.59,74.52,GREEN
210944,18.496460,73.832157,1.33,0.00,GREEN
211046,18.496460,73.832157,1.33,0.00,GREEN
211148,18.496460,73.832157,1.33,0.00,GREEN
211249,18.496460,73.832157,1.33,0.00,GREEN
211351,18.496460,73.832157,1.33,0.00,GREEN
211454,18.496463,73.832160,1.33,0.00,GREEN
211557,18.496463,73.832160,1.33,321.08,GREEN
211660,18.496463,73.832160,1.33,49.12,GREEN
211763,18.496463,73.832160,1.33,267.89,GREEN
211866,18.496463,73.832160,1.33,142.14,GREEN
211969,18.496463,73.832160,1.02,0.00,GREEN
212071,18.496463,73.832160,1.02,0.00,GREEN
212172,18.496463,73.832160,1.02,0.00,GREEN
212273,18.496463,73.832160,1.02,0.00,GREEN
212375,18.496463,73.832160,1.02,0.00,GREEN
212478,18.496465,73.832160,1.02,452.81,GREEN
212581,18.496465,73.832160,1.02,0.00,GREEN
212684,18.496465,73.832160,1.02,0.00,GREEN
212787,18.496465,73.832160,1.02,0.00,GREEN
212890,18.496465,73.832160,1.02,0.00,GREEN
212993,18.496465,73.832160,0.39,0.00,GREEN
213094,18.496465,73.832160,0.39,0.00,GREEN
213196,18.496465,73.832160,0.39,0.00,GREEN
213297,18.496465,73.832160,0.39,0.00,GREEN
213400,18.496467,73.832162,0.39,0.00,GREEN
213503,18.496467,73.832162,0.39,0.00,GREEN
213606,18.496467,73.832162,0.39,170.56,GREEN
213709,18.496467,73.832162,0.39,283.39,GREEN
213812,18.496467,73.832162,0.39,440.38,GREEN
213915,18.496467,73.832162,0.81,180.06,GREEN
214018,18.496467,73.832162,0.81,136.37,GREEN
214119,18.496467,73.832162,0.81,0.00,GREEN
214220,18.496467,73.832162,0.81,195.09,GREEN
214321,18.496467,73.832162,0.81,0.00,GREEN
214424,18.496468,73.832165,0.81,0.00,GREEN
214527,18.496468,73.832165,0.81,0.00,GREEN
214630,18.496468,73.832165,0.81,0.00,GREEN
214733,18.496468,73.832165,0.81,0.00,GREEN
214836,18.496468,73.832165,0.81,0.00,GREEN
214939,18.496468,73.832165,0.91,0.00,GREEN
215041,18.496468,73.832165,0.91,55.97,GREEN
215143,18.496468,73.832165,0.91,235.94,GREEN
215244,18.496468,73.832165,0.91,0.00,GREEN
215345,18.496468,73.832165,0.91,0.00,GREEN
215448,18.496467,73.832162,0.91,0.00,GREEN
215551,18.496467,73.832162,0.91,466.44,GREEN
215654,18.496467,73.832162,0.91,87.33,GREEN
215757,18.496467,73.832162,0.91,0.00,GREEN
215860,18.496467,73.832162,0.91,0.00,GREEN
215963,18.496467,73.832162,0.81,0.00,GREEN
216065,18.496467,73.832162,0.81,0.00,GREEN
216167,18.496467,73.832162,0.81,0.00,GREEN
216268,18.496467,73.832162,0.81,0.00,GREEN
216370,18.496467,73.832162,0.81,0.00,GREEN
216473,18.496465,73.832158,0.81,478.34,GREEN
216576,18.496465,73.832158,0.81,0.00,GREEN
216679,18.496465,73.832158,0.81,18.58,GREEN
216782,18.496465,73.832158,0.81,196.22,GREEN
216885,18.496465,73.832158,0.81,0.00,GREEN
216988,18.496465,73.832158,1.06,424.31,GREEN
217089,18.496465,73.832158,1.06,87.78,GREEN
217191,18.496465,73.832158,1.06,231.22,GREEN
217292,18.496465,73.832158,1.06,318.31,GREEN
217394,18.496465,73.832158,1.06,0.00,GREEN
217497,18.496465,73.832157,1.06,0.00,GREEN
217600,18.496465,73.832157,1.06,71.06,GREEN
217703,18.496465,73.832157,1.06,582.41,GREEN
217806,18.496465,73.832157,1.06,0.00,GREEN
217909,18.496465,73.832157,1.06,25.21,GREEN
218012,18.496465,73.832157,0.93,0.00,GREEN
218113,18.496465,73.832157,0.93,0.00,GREEN
218215,18.496465,73.832157,0.93,195.37,GREEN
218316,18.496465,73.832157,0.93,335.92,GREEN
218419,18.496467,73.832153,0.93,223.11,GREEN
218522,18.496467,73.832153,0.93,87.36,GREEN
218625,18.496467,73.832153,0.93,0.00,GREEN
218728,18.496467,73.832153,0.93,0.00,GREEN
218831,18.496467,73.832153,0.93,0.00,GREEN
218934,18.496467,73.832153,0.85,240.78,GREEN
219037,18.496467,73.832153,0.85,0.00,GREEN
219138,18.496467,73.832153,0.85,0.00,GREEN
219239,18.496467,73.832153,0.85,0.00,GREEN
219340,18.496467,73.832153,0.85,0.00,GREEN
219444,18.496465,73.832152,0.85,0.00,GREEN
219547,18.496465,73.832152,0.85,67.79,GREEN
219650,18.496465,73.832152,0.85,53.11,GREEN
219753,18.496465,73.832152,0.85,0.00,GREEN
219856,18.496465,73.832152,0.85,0.00,GREEN
219959,18.496465,73.832152,0.50,0.00,GREEN
220061,18.496465,73.832152,0.50,140.85,GREEN
220162,18.496465,73.832152,0.50,166.49,GREEN
220263,18.496465,73.832152,0.50,171.54,GREEN
220364,18.496465,73.832152,0.50,0.00,GREEN
220468,18.496465,73.832152,0.50,0.00,GREEN
220571,18.496465,73.832152,0.50,0.00,GREEN
220674,18.496465,73.832152,0.50,0.00,GREEN
220777,18.496465,73.832152,0.50,0.00,GREEN
220880,18.496465,73.832152,0.50,0.00,GREEN
220983,18.496465,73.832152,0.54,73.50,GREEN
221085,18.496465,73.832152,0.54,0.00,GREEN
221186,18.496465,73.832152,0.54,0.00,GREEN
221287,18.496465,73.832152,0.54,0.00,GREEN
221389,18.496465,73.832152,0.54,0.00,GREEN
221492,18.496465,73.832150,0.54,0.00,GREEN
221595,18.496465,73.832150,0.54,0.00,GREEN
221698,18.496465,73.832150,0.54,319.52,GREEN
221801,18.496465,73.832150,0.54,133.28,GREEN
221904,18.496465,73.832150,0.54,180.14,GREEN
222007,18.496465,73.832150,0.43,132.31,GREEN
222109,18.496465,73.832150,0.43,342.30,GREEN
222210,18.496465,73.832150,0.43,166.82,GREEN
222311,18.496465,73.832150,0.43,181.83,GREEN
222414,18.496465,73.832152,0.43,199.12,GREEN
222517,18.496465,73.832152,0.43,438.26,GREEN
222620,18.496465,73.832152,0.43,336.25,GREEN
222723,18.496465,73.832152,0.43,0.00,GREEN
222826,18.496465,73.832152,0.43,0.00,GREEN
222929,18.496465,73.832152,0.00,0.00,GREEN
223032,18.496465,73.832152,0.00,0.00,GREEN
223133,18.496465,73.832152,0.00,0.00,GREEN
223234,18.496465,73.832152,0.00,0.00,GREEN
223335,18.496465,73.832152,0.00,0.00,GREEN
223438,18.496465,73.832150,0.00,0.00,GREEN
223541,18.496465,73.832150,0.00,0.00,GREEN
223644,18.496465,73.832150,0.00,314.27,GREEN
223747,18.496465,73.832150,0.00,217.84,GREEN
223850,18.496465,73.832150,0.00,147.83,GREEN
223953,18.496465,73.832150,0.00,127.56,GREEN
224055,18.496465,73.832150,0.00,105.47,GREEN
224157,18.496465,73.832150,0.00,15.31,GREEN
224258,18.496465,73.832150,0.00,0.00,GREEN
224360,18.496465,73.832150,0.00,0.00,GREEN
224463,18.496465,73.832152,0.00,0.00,GREEN
224566,18.496465,73.832152,0.00,0.00,GREEN
224669,18.496465,73.832152,0.00,0.00,GREEN
224772,18.496465,73.832152,0.00,0.00,GREEN
224875,18.496465,73.832152,0.00,0.00,GREEN
224978,18.496465,73.832152,0.00,0.00,GREEN
225080,18.496465,73.832152,0.00,0.00,GREEN
225181,18.496465,73.832152,0.00,0.00,GREEN
225282,18.496465,73.832152,0.00,0.00,GREEN
225384,18.496465,73.832155,0.00,0.00,GREEN
225488,18.496465,73.832155,0.00,64.03,GREEN
225591,18.496465,73.832155,0.00,260.84,GREEN
225694,18.496465,73.832155,0.00,0.00,GREEN
225797,18.496465,73.832155,0.00,0.00,GREEN
225900,18.496465,73.832155,0.00,0.00,GREEN
226003,18.496465,73.832155,1.83,0.00,GREEN
226104,18.496465,73.832155,1.83,0.00,GREEN
226205,18.496465,73.832155,1.83,203.72,GREEN
226306,18.496465,73.832155,1.83,0.00,GREEN
226408,18.496467,73.832157,1.83,56.25,GREEN
226512,18.496467,73.832157,1.83,389.48,GREEN
226615,18.496467,73.832157,1.83,0.00,GREEN
226718,18.496467,73.832157,1.83,236.13,GREEN
226821,18.496467,73.832157,1.83,0.00,GREEN
226924,18.496467,73.832157,1.83,0.00,GREEN
227027,18.496467,73.832157,0.80,0.00,GREEN
227128,18.496467,73.832157,0.80,0.00,GREEN
227229,18.496467,73.832157,0.80,192.05,GREEN
227330,18.496467,73.832157,0.80,71.02,GREEN
227433,18.496465,73.832157,0.80,0.00,GREEN
227536,18.496465,73.832157,0.80,0.00,GREEN
227639,18.496465,73.832157,0.80,198.40,GREEN
227742,18.496465,73.832157,0.80,65.06,GREEN
227845,18.496465,73.832157,0.80,259.76,GREEN
227948,18.496465,73.832157,0.00,1194.46,GREEN
228050,18.496465,73.832157,0.00,1166.58,GREEN
228152,18.496465,73.832157,0.00,1046.36,GREEN
228253,18.496465,73.832157,0.00,120.68,GREEN
228355,18.496465,73.832157,0.00,225.54,GREEN
228458,18.496463,73.832157,0.00,250.16,GREEN
228561,18.496463,73.832157,0.00,0.00,GREEN
228664,18.496463,73.832157,0.00,121.06,GREEN
228767,18.496463,73.832157,0.00,211.76,GREEN
228870,18.496463,73.832157,0.00,347.62,GREEN
228973,18.496463,73.832157,0.00,0.00,GREEN
229075,18.496463,73.832157,0.00,0.00,GREEN
229176,18.496463,73.832157,0.00,0.00,GREEN
229277,18.496463,73.832157,0.00,183.63,GREEN
229379,18.496463,73.832157,0.00,279.48,GREEN
229482,18.496462,73.832158,0.00,1666.77,GREEN
229585,18.496462,73.832158,0.00,1211.57,GREEN
229688,18.496462,73.832158,0.00,125.94,GREEN
229791,18.496462,73.832158,0.00,0.00,GREEN
229894,18.496462,73.832158,0.00,0.00,GREEN
229997,18.496462,73.832158,0.00,0.00,GREEN
230098,18.496462,73.832158,0.00,0.00,GREEN
230200,18.496462,73.832158,0.00,0.00,GREEN
230301,18.496462,73.832158,0.00,0.00,GREEN
230403,18.496462,73.832158,0.00,0.00,GREEN
230507,18.496462,73.832158,0.00,76.67,GREEN
230610,18.496462,73.832158,0.00,898.06,GREEN
230713,18.496462,73.832158,0.00,0.00,GREEN
230816,18.496462,73.832158,0.00,0.00,GREEN
230919,18.496462,73.832158,0.00,0.00,GREEN
231022,18.496462,73.832158,0.57,256.52,GREEN
231123,18.496462,73.832158,0.57,0.00,GREEN
231225,18.496462,73.832158,0.57,0.00,GREEN
231326,18.496462,73.832158,0.57,0.00,GREEN
231429,18.496458,73.832155,0.57,11.84,GREEN
231532,18.496458,73.832155,0.57,0.00,GREEN
231635,18.496458,73.832155,0.57,0.00,GREEN
231738,18.496458,73.832155,0.57,0.00,GREEN
231841,18.496458,73.832155,0.57,0.00,GREEN
231944,18.496458,73.832155,1.46,0.00,GREEN
232047,18.496458,73.832155,1.46,0.00,GREEN
232148,18.496458,73.832155,1.46,51.69,GREEN
232249,18.496458,73.832155,1.46,0.00,GREEN
232350,18.496458,73.832155,1.46,0.00,GREEN
232453,18.496453,73.832152,1.46,93.74,GREEN
232556,18.496453,73.832152,1.46,275.47,GREEN
232659,18.496453,73.832152,1.46,0.00,GREEN
232762,18.496453,73.832152,1.46,746.27,GREEN
232865,18.496453,73.832152,1.46,0.00,GREEN
232968,18.496453,73.832152,0.98,0.00,GREEN
233070,18.496453,73.832152,0.98,0.00,GREEN
233172,18.496453,73.832152,0.98,60.70,GREEN
233273,18.496453,73.832152,0.98,233.08,GREEN
233375,18.496453,73.832152,0.98,0.00,GREEN
233478,18.496448,73.832152,0.98,0.00,GREEN
233581,18.496448,73.832152,0.98,159.93,GREEN
233684,18.496448,73.832152,0.98,460.18,GREEN
233787,18.496448,73.832152,0.98,354.08,GREEN
233890,18.496448,73.832152,0.98,978.84,GREEN
233993,18.496448,73.832152,0.94,0.00,GREEN
234095,18.496448,73.832152,0.94,850.93,GREEN
234196,18.496448,73.832152,0.94,227.60,GREEN
234297,18.496448,73.832152,0.94,478.36,GREEN
234399,18.496448,73.832152,0.94,352.00,GREEN
234502,18.496447,73.832150,0.94,0.00,GREEN
234605,18.496447,73.832150,0.94,923.36,GREEN
234708,18.496447,73.832150,0.94,180.86,GREEN
234811,18.496447,73.832150,0.94,138.38,GREEN
234914,18.496447,73.832150,0.94,0.00,GREEN
235017,18.496447,73.832150,0.72,533.66,GREEN
235118,18.496447,73.832150,0.72,269.70,GREEN
235220,18.496447,73.832150,0.72,625.65,GREEN
235321,18.496447,73.832150,0.72,0.00,GREEN
235424,18.496445,73.832147,0.72,0.00,GREEN
235527,18.496445,73.832147,0.72,719.79,GREEN
235630,18.496445,73.832147,0.72,23.96,GREEN
235733,18.496445,73.832147,0.72,0.00,GREEN
235836,18.496445,73.832147,0.72,0.00,GREEN
235939,18.496445,73.832147,0.72,0.00,GREEN
236042,18.496445,73.832147,0.48,171.12,GREEN
236143,18.496445,73.832147,0.48,468.08,GREEN
236244,18.496445,73.832147,0.48,130.96,GREEN
236345,18.496445,73.832147,0.48,193.00,GREEN
236448,18.496445,73.832148,0.48,0.00,GREEN
236551,18.496445,73.832148,0.48,0.00,GREEN
236654,18.496445,73.832148,0.48,116.01,GREEN
236757,18.496445,73.832148,0.48,0.00,GREEN
236860,18.496445,73.832148,0.48,0.00,GREEN
236963,18.496445,73.832148,1.22,0.00,GREEN
237066,18.496445,73.832148,1.22,0.00,GREEN
237167,18.496445,73.832148,1.22,0.00,GREEN
237268,18.496445,73.832148,1.22,0.00,GREEN
237370,18.496445,73.832148,1.22,0.00,GREEN
237473,18.496443,73.832148,1.22,0.00,GREEN
237576,18.496443,73.832148,1.22,316.34,GREEN
237679,18.496443,73.832148,1.22,0.00,GREEN
237782,18.496443,73.832148,1.22,48.90,GREEN
237885,18.496443,73.832148,1.22,0.00,GREEN
237988,18.496443,73.832148,0.56,0.00,GREEN
238090,18.496443,73.832148,0.56,0.00,GREEN
238191,18.496443,73.832148,0.56,1806.92,GREEN
238292,18.496443,73.832148,0.56,1214.56,GREEN
238394,18.496443,73.832148,0.56,422.57,GREEN
238497,18.496438,73.832145,0.56,583.22,GREEN
238600,18.496438,73.832145,0.56,172.31,GREEN
238703,18.496438,73.832145,0.56,0.00,GREEN
238806,18.496438,73.832145,0.56,0.00,GREEN
238909,18.496438,73.832145,0.56,0.00,GREEN
239012,18.496438,73.832145,1.93,0.00,GREEN
239114,18.496438,73.832145,1.93,0.00,GREEN
239215,18.496438,73.832145,1.93,364.57,GREEN
239316,18.496438,73.832145,1.93,432.63,GREEN
239419,18.496435,73.832142,1.93,405.01,GREEN
239522,18.496435,73.832142,1.93,882.82,GREEN
239625,18.496435,73.832142,1.93,587.70,GREEN
239728,18.496435,73.832142,1.93,528.51,GREEN
239831,18.496435,73.832142,1.93,188.64,GREEN
239934,18.496435,73.832142,1.93,0.00,GREEN
240037,18.496435,73.832142,1.43,20.65,GREEN
240138,18.496435,73.832142,1.43,227.82,GREEN
240239,18.496435,73.832142,1.43,0.00,GREEN
240340,18.496435,73.832142,1.43,0.00,GREEN
240443,18.496432,73.832140,1.43,0.00,GREEN
240546,18.496432,73.832140,1.43,0.00,GREEN
240649,18.496432,73.832140,1.43,0.00,GREEN
240752,18.496432,73.832140,1.43,0.00,GREEN
240855,18.496432,73.832140,1.43,243.70,GREEN
240958,18.496432,73.832140,1.30,270.39,GREEN
241061,18.496432,73.832140,1.30,493.71,GREEN
241162,18.496432,73.832140,1.30,120.21,GREEN
241263,18.496432,73.832140,1.30,0.00,GREEN
241364,18.496432,73.832140,1.30,221.86,GREEN
241468,18.496430,73.832137,1.30,0.00,GREEN
241571,18.496430,73.832137,1.30,0.00,GREEN
241674,18.496430,73.832137,1.30,0.00,GREEN
241777,18.496430,73.832137,1.30,0.00,GREEN
241880,18.496430,73.832137,1.30,0.00,GREEN
241983,18.496430,73.832137,1.06,0.00,GREEN
242085,18.496430,73.832137,1.06,0.00,GREEN
242186,18.496430,73.832137,1.06,0.00,GREEN
242287,18.496430,73.832137,1.06,0.00,GREEN
242389,18.496425,73.832133,1.06,0.00,GREEN
242493,18.496425,73.832133,1.06,0.00,GREEN
242596,18.496425,73.832133,1.06,0.00,GREEN
242699,18.496425,73.832133,1.06,0.00,GREEN
242802,18.496425,73.832133,1.06,418.21,GREEN
242905,18.496425,73.832133,1.06,0.00,GREEN
243008,18.496425,73.832133,1.31,0.00,GREEN
243109,18.496425,73.832133,1.31,0.00,GREEN
243211,18.496425,73.832133,1.31,0.00,GREEN
243312,18.496425,73.832133,1.31,0.00,GREEN
243414,18.496422,73.832132,1.31,0.00,GREEN
243518,18.496422,73.832132,1.31,0.00,GREEN
243621,18.496422,73.832132,1.31,0.00,GREEN
243724,18.496422,73.832132,1.31,0.00,GREEN
243827,18.496422,73.832132,1.31,0.00,GREEN
243930,18.496422,73.832132,1.31,0.00,GREEN
244033,18.496422,73.832132,0.91,0.00,GREEN
244134,18.496422,73.832132,0.91,0.00,GREEN
244235,18.496422,73.832132,0.91,0.00,GREEN
244336,18.496422,73.832132,0.91,0.00,GREEN
244439,18.496418,73.832130,0.91,0.00,GREEN
244542,18.496418,73.832130,0.91,330.83,GREEN
244645,18.496418,73.832130,0.91,0.00,GREEN
244748,18.496418,73.832130,0.91,153.21,GREEN
244851,18.496418,73.832130,0.91,136.75,GREEN
244954,18.496418,73.832130,0.85,166.74,GREEN
245057,18.496418,73.832130,0.85,0.00,GREEN
245158,18.496418,73.832130,0.85,0.00,GREEN
245259,18.496418,73.832130,0.85,0.00,GREEN
245360,18.496418,73.832130,0.85,0.00,GREEN
245464,18.496417,73.832128,0.85,0.00,GREEN
245567,18.496417,73.832128,0.85,0.00,GREEN
245670,18.496417,73.832128,0.85,0.00,GREEN
245773,18.496417,73.832128,0.85,0.00,GREEN
245876,18.496417,73.832128,0.85,29.63,GREEN
245979,18.496417,73.832128,0.61,0.00,GREEN
246081,18.496417,73.832128,0.61,0.00,GREEN
246183,18.496417,73.832128,0.61,0.00,GREEN
246284,18.496417,73.832128,0.61,0.00,GREEN
246386,18.496417,73.832128,0.61,215.36,GREEN
246489,18.496415,73.832125,0.61,206.08,GREEN
246592,18.496415,73.832125,0.61,0.00,GREEN
246695,18.496415,73.832125,0.61,0.00,GREEN
246798,18.496415,73.832125,0.61,100.10,GREEN
246901,18.496415,73.832125,0.61,0.00,GREEN
247004,18.496415,73.832125,1.11,0.00,GREEN
247106,18.496415,73.832125,1.11,0.00,GREEN
247207,18.496415,73.832125,1.11,0.00,GREEN
247308,18.496415,73.832125,1.11,2.07,GREEN
247410,18.496410,73.832122,1.11,0.00,GREEN
247514,18.496410,73.832122,1.11,849.05,GREEN
247617,18.496410,73.832122,1.11,0.00,GREEN
247720,18.496410,73.832122,1.11,850.33,GREEN
247823,18.496410,73.832122,1.11,0.00,GREEN
247926,18.496410,73.832122,1.11,502.90,GREEN
248029,18.496410,73.832122,1.52,0.00,GREEN
248130,18.496410,73.832122,1.52,0.00,GREEN
248231,18.496410,73.832122,1.52,0.00,GREEN
248332,18.496410,73.832122,1.52,0.00,GREEN
248435,18.496410,73.832117,1.52,0.00,GREEN
248538,18.496410,73.832117,1.52,338.34,GREEN
248641,18.496410,73.832117,1.52,0.00,GREEN
248744,18.496410,73.832117,1.52,191.59,GREEN
248847,18.496410,73.832117,1.52,0.00,GREEN
248950,18.496410,73.832117,1.41,146.99,GREEN
249053,18.496410,73.832117,1.41,0.00,GREEN
249154,18.496410,73.832117,1.41,55.78,GREEN
249255,18.496410,73.832117,1.41,70.42,GREEN
249356,18.496410,73.832117,1.41,62.49,GREEN
249460,18.496407,73.832110,1.41,0.00,GREEN
249563,18.496407,73.832110,1.41,290.36,GREEN
249666,18.496407,73.832110,1.41,341.81,GREEN
249769,18.496407,73.832110,1.41,649.55,GREEN
249872,18.496407,73.832110,1.41,704.08,GREEN
249975,18.496407,73.832110,0.59,0.00,GREEN
250077,18.496407,73.832110,0.59,0.00,GREEN
250179,18.496407,73.832110,0.59,548.00,GREEN
250280,18.496407,73.832110,0.59,0.00,GREEN
250382,18.496407,73.832110,0.59,0.00,GREEN
250485,18.496405,73.832103,0.59,134.24,GREEN
250588,18.496405,73.832103,0.59,0.00,GREEN
250691,18.496405,73.832103,0.59,223.22,GREEN
250794,18.496405,73.832103,0.59,394.95,GREEN
250897,18.496405,73.832103,0.59,538.92,GREEN
251000,18.496405,73.832103,0.91,0.00,GREEN
251102,18.496405,73.832103,0.91,0.00,GREEN
251203,18.496405,73.832103,0.91,265.12,GREEN
251304,18.496405,73.832103,0.91,151.53,GREEN
251406,18.496405,73.832100,0.91,0.00,GREEN
251510,18.496405,73.832100,0.91,132.92,GREEN
251613,18.496405,73.832100,0.91,340.20,GREEN
251716,18.496405,73.832100,0.91,394.13,GREEN
251819,18.496405,73.832100,0.91,0.00,GREEN
251922,18.496405,73.832100,0.91,95.72,GREEN
252025,18.496405,73.832100,0.98,0.00,GREEN
252126,18.496405,73.832100,0.98,0.00,GREEN
252228,18.496405,73.832100,0.98,0.00,GREEN
252329,18.496405,73.832100,0.98,0.00,GREEN
252432,18.496403,73.832093,0.98,0.00,GREEN
252535,18.496403,73.832093,0.98,576.80,GREEN
252638,18.496403,73.832093,0.98,26.65,GREEN
252741,18.496403,73.832093,0.98,0.00,GREEN
252844,18.496403,73.832093,0.98,186.12,GREEN
252947,18.496403,73.832093,0.56,21.91,GREEN
253049,18.496403,73.832093,0.56,349.03,GREEN
253151,18.496403,73.832093,0.56,73.04,GREEN
253252,18.496403,73.832093,0.56,0.00,GREEN
253354,18.496403,73.832093,0.56,192.23,GREEN
253457,18.496408,73.832088,0.56,0.00,GREEN
253560,18.496408,73.832088,0.56,0.00,GREEN
253663,18.496408,73.832088,0.56,0.00,GREEN
253766,18.496408,73.832088,0.56,1.38,GREEN
253869,18.496408,73.832088,0.56,0.00,GREEN
253972,18.496408,73.832088,0.67,0.00,GREEN
254074,18.496408,73.832088,0.67,0.00,GREEN
254175,18.496408,73.832088,0.67,0.00,GREEN
254276,18.496408,73.832088,0.67,0.00,GREEN
254378,18.496408,73.832088,0.67,0.00,GREEN
254481,18.496408,73.832085,0.67,0.00,GREEN
254584,18.496408,73.832085,0.67,0.00,GREEN
254687,18.496408,73.832085,0.67,168.04,GREEN
254790,18.496408,73.832085,0.67,71.35,GREEN
254893,18.496408,73.832085,0.67,388.49,GREEN
254996,18.496408,73.832085,0.50,682.00,GREEN
255097,18.496408,73.832085,0.50,703.26,GREEN
255199,18.496408,73.832085,0.50,507.17,GREEN
255300,18.496408,73.832085,0.50,235.71,GREEN
255402,18.496408,73.832085,0.50,303.32,GREEN
255505,18.496412,73.832083,0.50,542.92,GREEN
255608,18.496412,73.832083,0.50,389.60,GREEN
255711,18.496412,73.832083,0.50,433.08,GREEN
255814,18.496412,73.832083,0.50,545.80,GREEN
255917,18.496412,73.832083,0.50,429.37,GREEN
256020,18.496412,73.832083,0.80,104.95,GREEN
256121,18.496412,73.832083,0.80,132.84,GREEN
256223,18.496412,73.832083,0.80,222.00,GREEN
256324,18.496412,73.832083,0.80,298.31,GREEN
256427,18.496413,73.832083,0.80,463.67,GREEN
256530,18.496413,73.832083,0.80,10.64,GREEN
256633,18.496413,73.832083,0.80,0.00,GREEN
256736,18.496413,73.832083,0.80,0.00,GREEN
256839,18.496413,73.832083,0.80,0.00,GREEN
256942,18.496413,73.832083,0.15,0.00,GREEN
257045,18.496413,73.832083,0.15,0.00,GREEN
257146,18.496413,73.832083,0.15,0.00,GREEN
257247,18.496413,73.832083,0.15,0.00,GREEN
257348,18.496413,73.832083,0.15,0.00,GREEN
257451,18.496415,73.832080,0.15,0.00,GREEN
257554,18.496415,73.832080,0.15,0.00,GREEN
257657,18.496415,73.832080,0.15,314.12,GREEN
257760,18.496415,73.832080,0.15,243.85,GREEN
257863,18.496415,73.832080,0.15,212.73,GREEN
257966,18.496415,73.832080,1.26,222.11,GREEN
258069,18.496415,73.832080,1.26,242.52,GREEN
258170,18.496415,73.832080,1.26,247.40,GREEN
258271,18.496415,73.832080,1.26,212.56,GREEN
258373,18.496415,73.832080,1.26,95.20,GREEN
258476,18.496415,73.832078,1.26,113.42,GREEN
258579,18.496415,73.832078,1.26,255.65,GREEN
258682,18.496415,73.832078,1.26,60.34,GREEN
258785,18.496415,73.832078,1.26,16.53,GREEN
258888,18.496415,73.832078,1.26,0.00,GREEN
258991,18.496415,73.832078,0.44,0.00,GREEN
259093,18.496415,73.832078,0.44,0.00,GREEN
259194,18.496415,73.832078,0.44,0.00,GREEN
259295,18.496415,73.832078,0.44,0.00,GREEN
259397,18.496415,73.832078,0.44,0.00,GREEN
259500,18.496415,73.832080,0.44,0.00,GREEN
259603,18.496415,73.832080,0.44,0.00,GREEN
259706,18.496415,73.832080,0.44,0.00,GREEN
259809,18.496415,73.832080,0.44,0.00,GREEN
259912,18.496415,73.832080,0.44,403.74,GREEN
260015,18.496415,73.832080,0.74,218.97,GREEN
260117,18.496415,73.832080,0.74,57.91,GREEN
260218,18.496415,73.832080,0.74,530.68,GREEN
260319,18.496415,73.832080,0.74,198.42,GREEN
260422,18.496417,73.832080,0.74,0.00,GREEN
260525,18.496417,73.832080,0.74,0.00,GREEN
260628,18.496417,73.832080,0.74,0.00,GREEN
260731,18.496417,73.832080,0.74,206.84,GREEN
260834,18.496417,73.832080,0.74,0.00,GREEN
260937,18.496417,73.832080,0.74,0.00,GREEN
261040,18.496417,73.832080,0.43,0.00,GREEN
261141,18.496417,73.832080,0.43,420.59,GREEN
261242,18.496417,73.832080,0.43,132.78,GREEN
261343,18.496417,73.832080,0.43,86.85,GREEN
261446,18.496415,73.832082,0.43,18.96,GREEN
261549,18.496415,73.832082,0.43,38.25,GREEN
261652,18.496415,73.832082,0.43,0.00,GREEN
261755,18.496415,73.832082,0.43,0.00,GREEN
261858,18.496415,73.832082,0.43,367.94,GREEN
261961,18.496415,73.832082,1.69,445.37,GREEN
262064,18.496415,73.832082,1.69,108.72,GREEN
262165,18.496415,73.832082,1.69,0.00,GREEN
262266,18.496415,73.832082,1.69,0.00,GREEN
262367,18.496415,73.832082,1.69,58.23,GREEN
262471,18.496417,73.832077,1.69,0.00,GREEN
262574,18.496417,73.832077,1.69,0.00,GREEN
262677,18.496417,73.832077,1.69,0.00,GREEN
262780,18.496417,73.832077,1.69,0.00,GREEN
262883,18.496417,73.832077,1.69,0.00,GREEN
262986,18.496417,73.832077,1.80,0.00,GREEN
263088,18.496417,73.832077,1.80,0.00,GREEN
263189,18.496417,73.832077,1.80,0.00,GREEN
263290,18.496417,73.832077,1.80,0.00,GREEN
263392,18.496417,73.832077,1.80,115.65,GREEN
263495,18.496415,73.832072,1.80,253.33,GREEN
263598,18.496415,73.832072,1.80,0.00,GREEN
263701,18.496415,73.832072,1.80,0.00,GREEN
263804,18.496415,73.832072,1.80,0.00,GREEN
263907,18.496415,73.832072,1.80,0.00,GREEN
264010,18.496415,73.832072,1.59,82.80,GREEN
264112,18.496415,73.832072,1.59,0.00,GREEN
264213,18.496415,73.832072,1.59,262.70,GREEN
264314,18.496415,73.832072,1.59,399.06,GREEN
264417,18.496412,73.832073,1.59,64.10,GREEN
264520,18.496412,73.832073,1.59,0.00,GREEN
264623,18.496412,73.832073,1.59,0.00,GREEN
264726,18.496412,73.832073,1.59,0.00,GREEN
264829,18.496412,73.832073,1.59,0.00,GREEN
264932,18.496412,73.832073,1.59,0.00,GREEN
265035,18.496412,73.832073,1.74,0.00,GREEN
265136,18.496412,73.832073,1.74,0.00,GREEN
265237,18.496412,73.832073,1.74,22.11,GREEN
265338,18.496412,73.832073,1.74,0.00,GREEN
265441,18.496407,73.832073,1.74,0.00,GREEN
265544,18.496407,73.832073,1.74,0.00,GREEN
265647,18.496407,73.832073,1.74,0.00,GREEN
265750,18.496407,73.832073,1.74,0.00,GREEN
265853,18.496407,73.832073,1.74,0.00,GREEN
265956,18.496407,73.832073,1.74,0.00,GREEN
266059,18.496407,73.832073,1.74,0.00,GREEN
266160,18.496407,73.832073,1.74,0.00,GREEN
266261,18.496407,73.832073,1.74,508.77,GREEN
266362,18.496407,73.832073,1.74,285.35,GREEN
266466,18.496407,73.832072,1.74,397.90,GREEN
266569,18.496407,73.832072,1.74,234.67,GREEN
266672,18.496407,73.832072,1.74,198.45,GREEN
266775,18.496407,73.832072,1.74,84.62,GREEN
266878,18.496407,73.832072,1.74,97.57,GREEN
266981,18.496407,73.832072,1.69,121.11,GREEN
267083,18.496407,73.832072,1.69,86.68,GREEN
267184,18.496407,73.832072,1.69,47.80,GREEN
267285,18.496407,73.832072,1.69,0.00,GREEN
267387,18.496407,73.832072,1.69,0.00,GREEN
267490,18.496408,73.832070,1.69,0.00,GREEN
267593,18.496408,73.832070,1.69,0.00,GREEN
267696,18.496408,73.832070,1.69,0.00,GREEN
267799,18.496408,73.832070,1.69,0.00,GREEN
267902,18.496408,73.832070,1.69,0.00,GREEN
268005,18.496408,73.832070,0.20,0.00,GREEN
268107,18.496408,73.832070,0.20,0.00,GREEN
268208,18.496408,73.832070,0.20,0.00,GREEN
268309,18.496408,73.832070,0.20,0.00,GREEN
268411,18.496410,73.832067,0.20,0.00,GREEN
268515,18.496410,73.832067,0.20,300.66,GREEN
268618,18.496410,73.832067,0.20,599.46,GREEN
268721,18.496410,73.832067,0.20,210.70,GREEN
268824,18.496410,73.832067,0.20,0.00,GREEN
268927,18.496410,73.832067,0.20,56.04,GREEN
269030,18.496410,73.832067,0.20,0.00,GREEN
269131,18.496410,73.832067,0.20,138.30,GREEN
269232,18.496410,73.832067,0.20,0.00,GREEN
269333,18.496410,73.832067,0.20,60.78,GREEN
269436,18.496408,73.832062,0.20,295.80,GREEN
269539,18.496408,73.832062,0.20,127.23,GREEN
269642,18.496408,73.832062,0.20,124.57,GREEN
269745,18.496408,73.832062,0.20,385.57,GREEN
269848,18.496408,73.832062,0.20,59.68,GREEN
269951,18.496408,73.832062,0.54,455.32,GREEN
270054,18.496408,73.832062,0.54,182.22,GREEN
270155,18.496408,73.832062,0.54,509.27,GREEN
270256,18.496408,73.832062,0.54,0.00,GREEN
270357,18.496408,73.832062,0.54,0.00,GREEN
270461,18.496407,73.832062,0.54,733.48,GREEN
270564,18.496407,73.832062,0.54,41.04,GREEN
270667,18.496407,73.832062,0.54,346.72,GREEN
270770,18.496407,73.832062,0.54,184.74,GREEN
270873,18.496407,73.832062,0.54,200.50,GREEN
270976,18.496407,73.832062,1.07,0.00,GREEN
271078,18.496407,73.832062,1.07,563.03,GREEN
271180,18.496407,73.832062,1.07,0.00,GREEN
271281,18.496407,73.832062,1.07,0.00,GREEN
271383,18.496407,73.832062,1.07,0.00,GREEN
271486,18.496408,73.832060,1.07,171.74,GREEN
271589,18.496408,73.832060,1.07,0.00,GREEN
271692,18.496408,73.832060,1.07,0.00,GREEN
271795,18.496408,73.832060,1.07,500.50,GREEN
271898,18.496408,73.832060,1.07,0.00,GREEN
272001,18.496408,73.832060,0.44,665.03,GREEN
272103,18.496408,73.832060,0.44,0.00,GREEN
272204,18.496408,73.832060,0.44,0.00,GREEN
272305,18.496408,73.832060,0.44,73.55,GREEN
272407,18.496412,73.832058,0.44,484.79,GREEN
272511,18.496412,73.832058,0.44,522.34,GREEN
272614,18.496412,73.832058,0.44,0.00,GREEN
272717,18.496412,73.832058,0.44,102.79,GREEN
272820,18.496412,73.832058,0.44,914.60,GREEN
272923,18.496412,73.832058,0.44,0.00,GREEN
273026,18.496412,73.832058,0.85,12.64,GREEN
273127,18.496412,73.832058,0.85,0.00,GREEN
273229,18.496412,73.832058,0.85,0.00,GREEN
273330,18.496412,73.832058,0.85,181.42,GREEN
273433,18.496413,73.832060,0.85,144.40,GREEN
273536,18.496413,73.832060,0.85,0.00,GREEN
273639,18.496413,73.832060,0.85,313.84,GREEN
273742,18.496413,73.832060,0.85,0.00,GREEN
273845,18.496413,73.832060,0.85,2641.66,GREEN
273948,18.496413,73.832060,0.39,2464.30,GREEN
274051,18.496413,73.832060,0.39,0.00,GREEN
274152,18.496413,73.832060,0.39,251.24,GREEN
274253,18.496413,73.832060,0.39,266.80,GREEN
274355,18.496413,73.832060,0.39,0.00,GREEN
274458,18.496412,73.832058,0.39,308.12,GREEN
274561,18.496412,73.832058,0.39,113.42,GREEN
274664,18.496412,73.832058,0.39,0.00,GREEN
274767,18.496412,73.832058,0.39,64.73,GREEN
274870,18.496412,73.832058,0.39,1695.33,GREEN
274973,18.496412,73.832058,0.00,489.38,GREEN
275075,18.496412,73.832058,0.00,232.90,GREEN
275176,18.496412,73.832058,0.00,106.60,GREEN
275277,18.496412,73.832058,0.00,0.00,GREEN
275379,18.496412,73.832058,0.00,0.00,GREEN
275482,18.496413,73.832057,0.00,0.00,GREEN
275585,18.496413,73.832057,0.00,0.00,GREEN
275688,18.496413,73.832057,0.00,0.00,GREEN
275791,18.496413,73.832057,0.00,0.00,GREEN
275894,18.496413,73.832057,0.00,0.00,GREEN
275997,18.496413,73.832057,0.00,161.60,GREEN
276098,18.496413,73.832057,0.00,0.00,GREEN
276200,18.496413,73.832057,0.00,0.00,GREEN
276301,18.496413,73.832057,0.00,268.89,GREEN
276404,18.496413,73.832057,0.00,25.05,GREEN
276507,18.496413,73.832057,0.00,93.39,GREEN
276610,18.496413,73.832057,0.00,0.00,GREEN
276713,18.496413,73.832057,0.00,0.00,GREEN
276816,18.496413,73.832057,0.00,0.00,GREEN
276919,18.496413,73.832057,0.00,0.00,GREEN
277022,18.496413,73.832057,0.00,0.00,GREEN
277123,18.496413,73.832057,0.00,514.27,GREEN
277224,18.496413,73.832057,0.00,120.62,GREEN
277325,18.496413,73.832057,0.00,0.00,GREEN
277428,18.496415,73.832058,0.00,0.00,GREEN
277531,18.496415,73.832058,0.00,0.00,GREEN
277634,18.496415,73.832058,0.00,0.00,GREEN
277737,18.496415,73.832058,0.00,286.82,GREEN
277840,18.496415,73.832058,0.00,248.39,GREEN
277943,18.496415,73.832058,0.00,0.00,GREEN
278046,18.496415,73.832058,0.00,0.00,GREEN
278147,18.496415,73.832058,0.00,0.00,GREEN
278248,18.496415,73.832058,0.00,0.00,GREEN
278349,18.496415,73.832058,0.00,0.00,GREEN
278452,18.496417,73.832058,0.00,280.94,GREEN
278555,18.496417,73.832058,0.00,686.59,GREEN
278658,18.496417,73.832058,0.00,0.00,GREEN
278761,18.496417,73.832058,0.00,1288.38,GREEN
278864,18.496417,73.832058,0.00,735.69,GREEN
278967,18.496417,73.832058,1.20,593.46,GREEN
279069,18.496417,73.832058,1.20,398.56,GREEN
279171,18.496417,73.832058,1.20,0.00,GREEN
279272,18.496417,73.832058,1.20,0.00,GREEN
279374,18.496417,73.832058,1.20,35.31,GREEN
279477,18.496418,73.832058,1.20,512.38,GREEN
279580,18.496418,73.832058,1.20,713.73,GREEN
279683,18.496418,73.832058,1.20,509.60,GREEN
279786,18.496418,73.832058,1.20,191.09,GREEN
279889,18.496418,73.832058,1.20,513.20,GREEN
279992,18.496418,73.832058,0.00,474.51,GREEN
280094,18.496418,73.832058,0.00,118.77,GREEN
280195,18.496418,73.832058,0.00,40.46,GREEN
280296,18.496418,73.832058,0.00,0.00,GREEN
280399,18.496420,73.832058,0.00,0.00,GREEN
280502,18.496420,73.832058,0.00,0.00,GREEN
280605,18.496420,73.832058,0.00,0.00,GREEN
280708,18.496420,73.832058,0.00,460.96,GREEN
280811,18.496420,73.832058,0.00,354.88,GREEN
280914,18.496420,73.832058,0.00,137.18,GREEN
281017,18.496420,73.832058,0.00,0.00,GREEN
281118,18.496420,73.832058,0.00,80.61,GREEN
281219,18.496420,73.832058,0.00,110.96,GREEN
281320,18.496420,73.832058,0.00,81.29,GREEN
281423,18.496420,73.832058,0.00,224.15,GREEN
281526,18.496420,73.832058,0.00,0.00,GREEN
281629,18.496420,73.832058,0.00,0.00,GREEN
281732,18.496420,73.832058,0.00,0.00,GREEN
281835,18.496420,73.832058,0.00,0.00,GREEN
281938,18.496420,73.832058,0.00,0.00,GREEN
282041,18.496420,73.832058,0.00,259.99,GREEN
282142,18.496420,73.832058,0.00,0.00,GREEN
282243,18.496420,73.832058,0.00,0.00,GREEN
282344,18.496420,73.832058,0.00,0.00,GREEN
282447,18.496423,73.832057,0.00,0.00,GREEN
282550,18.496423,73.832057,0.00,0.00,GREEN
282653,18.496423,73.832057,0.00,0.00,GREEN
282756,18.496423,73.832057,0.00,65.20,GREEN
282859,18.496423,73.832057,0.00,0.00,GREEN
282962,18.496423,73.832057,1.19,0.00,GREEN
283065,18.496423,73.832057,1.19,149.74,GREEN
283166,18.496423,73.832057,1.19,0.00,GREEN
283267,18.496423,73.832057,1.19,0.00,GREEN
283368,18.496423,73.832057,1.19,0.00,GREEN
283472,18.496427,73.832062,1.19,0.00,GREEN
283575,18.496427,73.832062,1.19,0.00,GREEN
283678,18.496427,73.832062,1.19,0.00,GREEN
283781,18.496427,73.832062,1.19,0.00,GREEN
283884,18.496427,73.832062,1.19,0.00,GREEN
283987,18.496427,73.832062,1.37,0.00,GREEN
284089,18.496427,73.832062,1.37,0.00,GREEN
284190,18.496427,73.832062,1.37,0.00,GREEN
284291,18.496427,73.832062,1.37,89.03,GREEN
284393,18.496427,73.832062,1.37,297.54,GREEN
284496,18.496430,73.832065,1.37,149.46,GREEN
284599,18.496430,73.832065,1.37,28.32,GREEN
284702,18.496430,73.832065,1.37,0.00,GREEN
284805,18.496430,73.832065,1.37,0.00,GREEN
284908,18.496430,73.832065,1.37,0.00,GREEN
285011,18.496430,73.832065,0.65,0.00,GREEN
285113,18.496430,73.832065,0.65,31.06,GREEN
285214,18.496430,73.832065,0.65,0.00,GREEN
285315,18.496430,73.832065,0.65,25.21,GREEN
285416,18.496430,73.832065,0.65,0.00,GREEN
285520,18.496425,73.832082,0.65,0.00,GREEN
285623,18.496425,73.832082,0.65,213.42,GREEN
285726,18.496425,73.832082,0.65,0.00,GREEN
285829,18.496425,73.832082,0.65,0.00,GREEN
285932,18.496425,73.832082,0.65,126.07,GREEN
286035,18.496425,73.832082,1.52,288.08,GREEN
286137,18.496425,73.832082,1.52,0.00,GREEN
286239,18.496425,73.832082,1.52,0.00,GREEN
286340,18.496425,73.832082,1.52,0.00,GREEN
286443,18.496427,73.832083,1.52,0.00,GREEN
286546,18.496427,73.832083,1.52,0.00,GREEN
286649,18.496427,73.832083,1.52,288.06,GREEN
286752,18.496427,73.832083,1.52,561.33,GREEN
286855,18.496427,73.832083,1.52,173.68,GREEN
286958,18.496427,73.832083,0.57,0.00,GREEN
287061,18.496427,73.832083,0.57,0.00,GREEN
287162,18.496427,73.832083,0.57,0.00,GREEN
287263,18.496427,73.832083,0.57,60.58,GREEN
287364,18.496427,73.832083,0.57,0.00,GREEN
287468,18.496427,73.832085,0.57,954.90,GREEN
287571,18.496427,73.832085,0.57,875.26,GREEN
287674,18.496427,73.832085,0.57,2432.10,GREEN
287777,18.496427,73.832085,0.57,1986.20,GREEN
287880,18.496427,73.832085,0.57,341.81,GREEN
287983,18.496427,73.832085,0.69,0.00,GREEN
288085,18.496427,73.832085,0.69,0.00,GREEN
288186,18.496427,73.832085,0.69,0.00,GREEN
288287,18.496427,73.832085,0.69,797.21,GREEN
288389,18.496427,73.832085,0.69,955.81,GREEN
288492,18.496428,73.832088,0.69,1410.30,GREEN
288595,18.496428,73.832088,0.69,1913.79,GREEN
288698,18.496428,73.832088,0.69,1528.20,GREEN
288801,18.496428,73.832088,0.69,986.38,GREEN
288904,18.496428,73.832088,0.69,737.60,GREEN
289007,18.496428,73.832088,1.61,914.84,GREEN
289109,18.496428,73.832088,1.61,1119.57,GREEN
289210,18.496428,73.832088,1.61,1096.03,GREEN
289311,18.496428,73.832088,1.61,290.14,GREEN
289413,18.496427,73.832095,1.61,699.15,GREEN
289517,18.496427,73.832095,1.61,666.62,GREEN
289620,18.496427,73.832095,1.61,0.00,GREEN
289723,18.496427,73.832095,1.61,0.00,GREEN
289826,18.496427,73.832095,1.61,0.00,GREEN
289929,18.496427,73.832095,1.61,0.00,GREEN
290032,18.496427,73.832095,1.07,0.00,GREEN
290133,18.496427,73.832095,1.07,0.00,GREEN
290234,18.496427,73.832095,1.07,0.00,GREEN
290335,18.496427,73.832095,1.07,626.93,GREEN
290438,18.496428,73.832100,1.07,0.00,GREEN
290541,18.496428,73.832100,1.07,0.00,GREEN
290644,18.496428,73.832100,1.07,1279.84,GREEN
290747,18.496428,73.832100,1.07,0.00,GREEN
290850,18.496428,73.832100,1.07,1273.87,GREEN
290953,18.496428,73.832100,1.52,1407.02,GREEN
291055,18.496428,73.832100,1.52,0.00,GREEN
291157,18.496428,73.832100,1.52,1100.10,GREEN
291258,18.496428,73.832100,1.52,2001.88,GREEN
291359,18.496428,73.832100,1.52,0.00,GREEN
291463,18.496425,73.832102,1.52,2551.31,GREEN
291566,18.496425,73.832102,1.52,2117.02,GREEN
291669,18.496425,73.832102,1.52,0.00,GREEN
291772,18.496425,73.832102,1.52,1010.19,GREEN
291875,18.496425,73.832102,1.52,3028.22,GREEN
291978,18.496425,73.832102,0.81,1847.65,GREEN
292080,18.496425,73.832102,0.81,610.07,GREEN
292182,18.496425,73.832102,0.81,1361.90,GREEN
292283,18.496425,73.832102,0.81,403.69,GREEN
292385,18.496425,73.832102,0.81,233.41,GREEN
292488,18.496417,73.832098,0.81,2248.25,GREEN
292591,18.496417,73.832098,0.81,1491.24,GREEN
292694,18.496417,73.832098,0.81,0.00,GREEN
292797,18.496417,73.832098,0.81,1772.00,GREEN
292900,18.496417,73.832098,0.81,2342.79,GREEN
293003,18.496417,73.832098,3.15,3116.71,GREEN
293105,18.496417,73.832098,3.15,799.97,GREEN
293206,18.496417,73.832098,3.15,2437.81,GREEN
293307,18.496417,73.832098,3.15,1470.41,GREEN
293409,18.496408,73.832095,3.15,2884.38,GREEN
293513,18.496408,73.832095,3.15,451.89,GREEN
293616,18.496408,73.832095,3.15,1006.41,GREEN
293719,18.496408,73.832095,3.15,4694.78,GREEN
293822,18.496408,73.832095,3.15,3671.55,GREEN
293925,18.496408,73.832095,3.15,2652.13,GREEN
294028,18.496408,73.832095,3.09,6466.45,GREEN
294129,18.496408,73.832095,3.09,2885.67,GREEN
294231,18.496408,73.832095,3.09,1371.51,GREEN
294332,18.496408,73.832095,3.09,5227.36,GREEN
294434,18.496408,73.832095,3.09,3832.31,GREEN
294537,18.496393,73.832085,3.09,822.18,GREEN
294640,18.496393,73.832085,3.09,3969.15,GREEN
294743,18.496393,73.832085,3.09,2816.62,GREEN
294846,18.496393,73.832085,3.09,6326.69,GREEN
294949,18.496393,73.832085,3.09,6480.60,GREEN
295052,18.496393,73.832085,7.43,8219.32,YELLOW
295154,18.496393,73.832085,7.43,4555.80,GREEN
295255,18.496393,73.832085,7.43,5750.04,GREEN
295357,18.496393,73.832085,7.43,1167.23,GREEN
295460,18.496378,73.832072,7.43,7113.57,YELLOW
295563,18.496378,73.832072,7.43,5183.28,GREEN
295666,18.496378,73.832072,7.43,3922.01,GREEN
295769,18.496378,73.832072,7.43,658.38,GREEN
295872,18.496378,73.832072,7.43,6560.14,GREEN
295975,18.496378,73.832072,8.89,5643.58,GREEN
296077,18.496378,73.832072,8.89,6692.74,GREEN
296178,18.496378,73.832072,8.89,2045.85,GREEN
296279,18.496378,73.832072,8.89,3077.94,GREEN
296381,18.496378,73.832072,8.89,4574.47,GREEN
296484,18.496357,73.832052,8.89,3980.47,GREEN
296587,18.496357,73.832052,8.89,0.00,GREEN
296690,18.496357,73.832052,8.89,4375.84,GREEN
296793,18.496357,73.832052,8.89,6043.37,GREEN
296896,18.496357,73.832052,8.89,374.32,GREEN
296999,18.496357,73.832052,10.57,1596.56,GREEN
297100,18.496357,73.832052,10.57,606.78,GREEN
297202,18.496357,73.832052,10.57,987.56,GREEN
297303,18.496357,73.832052,10.57,4768.42,GREEN
297405,18.496335,73.832032,10.57,618.13,GREEN
297509,18.496335,73.832032,10.57,6237.43,GREEN
297612,18.496335,73.832032,10.57,5400.23,GREEN
297715,18.496335,73.832032,10.57,11641.03,RED
297818,18.496335,73.832032,10.57,7220.65,YELLOW
297921,18.496335,73.832032,10.57,6175.91,GREEN
298024,18.496335,73.832032,12.08,5339.58,GREEN
298125,18.496335,73.832032,12.08,1227.67,GREEN
298227,18.496335,73.832032,12.08,933.75,GREEN
298328,18.496335,73.832032,12.08,841.43,GREEN
298430,18.496335,73.832032,12.08,376.02,GREEN
298533,18.496310,73.832007,12.08,0.00,GREEN
298636,18.496310,73.832007,12.08,2816.06,GREEN
298739,18.496310,73.832007,12.08,3590.27,GREEN
298842,18.496310,73.832007,12.08,2546.38,GREEN
298945,18.496310,73.832007,12.08,6430.27,GREEN
299048,18.496310,73.832007,14.95,2149.81,GREEN
299150,18.496310,73.832007,14.95,5733.41,GREEN
299251,18.496310,73.832007,14.95,6642.29,GREEN
299352,18.496310,73.832007,14.95,9264.30,YELLOW
299455,18.496277,73.831973,14.95,6108.61,GREEN
299558,18.496277,73.831973,14.95,1111.39,GREEN
299661,18.496277,73.831973,14.95,1907.59,GREEN
299764,18.496277,73.831973,14.95,1771.28,GREEN
299867,18.496277,73.831973,14.95,2083.32,GREEN
299970,18.496277,73.831973,16.69,594.86,GREEN
300072,18.496277,73.831973,16.69,1098.48,GREEN
300174,18.496277,73.831973,16.69,209.98,GREEN
300275,18.496277,73.831973,16.69,4039.00,GREEN
300377,18.496277,73.831973,16.69,1156.17,GREEN
300480,18.496243,73.831948,16.69,5028.50,GREEN
300583,18.496243,73.831948,16.69,1082.50,GREEN
300686,18.496243,73.831948,16.69,2841.14,GREEN
300789,18.496243,73.831948,16.69,2278.13,GREEN
300892,18.496243,73.831948,16.69,3801.69,GREEN
300995,18.496243,73.831948,12.37,3211.17,GREEN
301097,18.496243,73.831948,12.37,3558.87,GREEN
301198,18.496243,73.831948,12.37,8503.31,YELLOW
301299,18.496243,73.831948,12.37,5673.65,GREEN
301401,18.496243,73.831948,12.37,1196.43,GREEN
301504,18.496210,73.831918,12.37,6967.70,GREEN
301607,18.496210,73.831918,12.37,10419.51,RED
301710,18.496210,73.831918,12.37,453.51,GREEN
301813,18.496210,73.831918,12.37,2057.07,GREEN
301916,18.496210,73.831918,12.37,2373.48,GREEN
302019,18.496210,73.831918,20.89,4192.45,GREEN
302121,18.496210,73.831918,20.89,4325.33,GREEN
302222,18.496210,73.831918,20.89,6530.77,GREEN
302323,18.496210,73.831918,20.89,5966.16,GREEN
302426,18.496167,73.831885,20.89,1142.82,GREEN
302529,18.496167,73.831885,20.89,2592.14,GREEN
302632,18.496167,73.831885,20.89,1511.33,GREEN
302735,18.496167,73.831885,20.89,8608.88,YELLOW
302838,18.496167,73.831885,20.89,8035.54,YELLOW
302941,18.496167,73.831885,20.89,1907.76,GREEN
303044,18.496167,73.831885,21.58,5711.45,GREEN
303145,18.496167,73.831885,21.58,5139.00,GREEN
303246,18.496167,73.831885,21.58,3204.12,GREEN
303347,18.496167,73.831885,21.58,1925.94,GREEN
303450,18.496127,73.831842,21.58,989.91,GREEN
303553,18.496127,73.831842,21.58,4820.65,GREEN
303656,18.496127,73.831842,21.58,809.39,GREEN
303759,18.496127,73.831842,21.58,7166.08,YELLOW
303862,18.496127,73.831842,21.58,4970.45,GREEN
303965,18.496127,73.831842,23.91,6174.36,GREEN
304068,18.496127,73.831842,23.91,8684.46,YELLOW
304169,18.496127,73.831842,23.91,3039.91,GREEN
304270,18.496127,73.831842,23.91,2451.20,GREEN
304372,18.496127,73.831842,23.91,4147.68,GREEN
304475,18.496080,73.831793,23.91,915.64,GREEN
304578,18.496080,73.831793,23.91,4985.30,GREEN
304681,18.496080,73.831793,23.91,5612.27,GREEN
304784,18.496080,73.831793,23.91,2922.35,GREEN
304887,18.496080,73.831793,23.91,6558.60,GREEN
304990,18.496080,73.831793,27.37,1460.22,GREEN
305092,18.496080,73.831793,27.37,0.00,GREEN
305193,18.496080,73.831793,27.37,5502.67,GREEN
305294,18.496080,73.831793,27.37,3534.14,GREEN
305397,18.496032,73.831735,27.37,2665.67,GREEN
305500,18.496032,73.831735,27.37,6797.43,GREEN
305603,18.496032,73.831735,27.37,5161.14,GREEN
305706,18.496032,73.831735,27.37,403.96,GREEN
305809,18.496032,73.831735,27.37,3619.81,GREEN
305912,18.496032,73.831735,27.37,705.36,GREEN
306015,18.496032,73.831735,31.50,1039.86,GREEN
306116,18.496032,73.831735,31.50,1891.94,GREEN
306217,18.496032,73.831735,31.50,3260.34,GREEN
306318,18.496032,73.831735,31.50,833.67,GREEN
306421,18.495972,73.831683,31.50,11636.93,RED
306524,18.495972,73.831683,31.50,1020.42,GREEN
306627,18.495972,73.831683,31.50,9795.23,YELLOW
306730,18.495972,73.831683,31.50,5986.04,GREEN
306833,18.495972,73.831683,31.50,8769.60,YELLOW
306936,18.495972,73.831683,31.50,2876.93,GREEN
307039,18.495972,73.831683,31.47,10067.08,RED
307140,18.495972,73.831683,31.47,3885.48,GREEN
307241,18.495972,73.831683,31.47,9851.79,YELLOW
307342,18.495972,73.831683,31.47,2364.31,GREEN
307445,18.495907,73.831630,31.47,4237.25,GREEN
307548,18.495907,73.831630,31.47,4961.69,GREEN
307651,18.495907,73.831630,31.47,5435.92,GREEN
307754,18.495907,73.831630,31.47,772.51,GREEN
307857,18.495907,73.831630,31.47,3288.30,GREEN
307960,18.495907,73.831630,33.61,6229.40,GREEN
308063,18.495907,73.831630,33.61,10390.30,RED
308164,18.495907,73.831630,33.61,12425.34,RED
308265,18.495907,73.831630,33.61,6189.77,GREEN
308366,18.495907,73.831630,33.61,4251.43,GREEN
308470,18.495840,73.831568,33.61,4280.95,GREEN
308573,18.495840,73.831568,33.61,11249.35,RED
308676,18.495840,73.831568,33.61,10800.47,RED
308779,18.495840,73.831568,33.61,26061.73,RED
308882,18.495840,73.831568,33.61,13785.61,RED
308985,18.495840,73.831568,36.39,4657.26,GREEN
309087,18.495840,73.831568,36.39,3378.56,GREEN
309189,18.495840,73.831568,36.39,7941.69,YELLOW
309290,18.495840,73.831568,36.39,3495.69,GREEN
309392,18.495840,73.831568,36.39,5842.68,GREEN
309495,18.495775,73.831497,36.39,5874.44,GREEN
309598,18.495775,73.831497,36.39,4025.54,GREEN
309701,18.495775,73.831497,36.39,8050.97,YELLOW
309804,18.495775,73.831497,36.39,11216.97,RED
309907,18.495775,73.831497,36.39,7642.02,YELLOW
310010,18.495775,73.831497,37.13,9655.73,YELLOW
310112,18.495775,73.831497,37.13,1151.73,GREEN
310213,18.495775,73.831497,37.13,4072.07,GREEN
310314,18.495775,73.831497,37.13,1781.70,GREEN
310417,18.495710,73.831415,37.13,7094.13,YELLOW
310520,18.495710,73.831415,37.13,589.06,GREEN
310623,18.495710,73.831415,37.13,3843.01,GREEN
310726,18.495710,73.831415,37.13,8224.33,YELLOW
310829,18.495710,73.831415,37.13,4701.05,GREEN
310932,18.495710,73.831415,37.13,4661.11,GREEN
311035,18.495710,73.831415,39.60,7730.69,YELLOW
311136,18.495710,73.831415,39.60,2257.44,GREEN
311237,18.495710,73.831415,39.60,14004.33,RED
311338,18.495710,73.831415,39.60,3675.61,GREEN
311441,18.495642,73.831332,39.60,12459.22,RED
311544,18.495642,73.831332,39.60,4123.59,GREEN
311647,18.495642,73.831332,39.60,4417.20,GREEN
311750,18.495642,73.831332,39.60,3504.01,GREEN
311853,18.495642,73.831332,39.60,2490.68,GREEN
311956,18.495642,73.831332,41.02,1979.81,GREEN
312059,18.495642,73.831332,41.02,7537.82,YELLOW
312160,18.495642,73.831332,41.02,4240.10,GREEN
312261,18.495642,73.831332,41.02,5155.12,GREEN
312362,18.495642,73.831332,41.02,7761.52,YELLOW
312466,18.495570,73.831252,41.02,5143.64,GREEN
312569,18.495570,73.831252,41.02,1449.85,GREEN
312672,18.495570,73.831252,41.02,6327.44,GREEN
312775,18.495570,73.831252,41.02,7668.73,YELLOW
312878,18.495570,73.831252,41.02,4839.32,GREEN
312981,18.495570,73.831252,40.19,2990.40,GREEN
313083,18.495570,73.831252,40.19,2367.84,GREEN
313185,18.495570,73.831252,40.19,1927.90,GREEN
313286,18.495570,73.831252,40.19,1233.06,GREEN
313388,18.495570,73.831252,40.19,5996.71,GREEN
313491,18.495497,73.831180,40.19,9468.15,YELLOW
313594,18.495497,73.831180,40.19,3718.24,GREEN
313697,18.495497,73.831180,40.19,10952.01,RED
313800,18.495497,73.831180,40.19,6467.30,GREEN
313903,18.495497,73.831180,40.19,9863.75,YELLOW
314006,18.495497,73.831180,38.30,4334.25,GREEN
314108,18.495497,73.831180,38.30,5891.62,GREEN
314209,18.495497,73.831180,38.30,16859.78,RED
314310,18.495497,73.831180,38.30,3259.80,GREEN
314412,18.495427,73.831108,38.30,5632.62,GREEN
314516,18.495427,73.831108,38.30,9231.82,YELLOW
314619,18.495427,73.831108,38.30,5420.12,GREEN
314722,18.495427,73.831108,38.30,1254.72,GREEN
314825,18.495427,73.831108,38.30,6030.94,GREEN
314928,18.495427,73.831108,38.30,7455.89,YELLOW
315031,18.495427,73.831108,38.08,4277.31,GREEN
315132,18.495427,73.831108,38.08,6280.00,GREEN
315233,18.495427,73.831108,38.08,1870.29,GREEN
315334,18.495427,73.831108,38.08,3715.09,GREEN
315437,18.495358,73.831043,38.08,4081.19,GREEN
315540,18.495358,73.831043,38.08,9474.41,YELLOW
315643,18.495358,73.831043,38.08,1713.28,GREEN
315746,18.495358,73.831043,38.08,5244.13,GREEN
315849,18.495358,73.831043,38.08,4702.16,GREEN
315952,18.495358,73.831043,36.30,5757.61,GREEN
316055,18.495358,73.831043,36.30,1980.35,GREEN
316156,18.495358,73.831043,36.30,3523.65,GREEN
316257,18.495358,73.831043,36.30,17344.62,RED
316358,18.495358,73.831043,36.30,12792.31,RED
316462,18.495293,73.830982,36.30,11829.86,RED
316565,18.495293,73.830982,36.30,683.75,GREEN
316668,18.495293,73.830982,36.30,4377.86,GREEN
316771,18.495293,73.830982,36.30,5014.40,GREEN
316874,18.495293,73.830982,36.30,5735.86,GREEN
316977,18.495293,73.830982,35.48,2214.11,GREEN
317079,18.495293,73.830982,35.48,3418.64,GREEN
317180,18.495293,73.830982,35.48,3730.23,GREEN
317281,18.495293,73.830982,35.48,615.75,GREEN
317383,18.495293,73.830982,35.48,6792.33,GREEN
317486,18.495228,73.830918,35.48,3662.77,GREEN
317589,18.495228,73.830918,35.48,1106.37,GREEN
317692,18.495228,73.830918,35.48,3386.73,GREEN
317795,18.495228,73.830918,35.48,5722.36,GREEN
317898,18.495228,73.830918,35.48,7256.00,YELLOW
318001,18.495228,73.830918,35.78,3355.79,GREEN
318103,18.495228,73.830918,35.78,1313.31,GREEN
318204,18.495228,73.830918,35.78,4264.20,GREEN
318305,18.495228,73.830918,35.78,5813.67,GREEN
318407,18.495163,73.830857,35.78,2089.28,GREEN
318511,18.495163,73.830857,35.78,8594.78,YELLOW
318614,18.495163,73.830857,35.78,8764.69,YELLOW
318717,18.495163,73.830857,35.78,6800.09,GREEN
318820,18.495163,73.830857,35.78,7106.09,YELLOW
318923,18.495163,73.830857,35.78,1232.66,GREEN
319026,18.495163,73.830857,34.74,6695.48,GREEN
319127,18.495163,73.830857,34.74,4812.65,GREEN
319228,18.495163,73.830857,34.74,3708.48,GREEN
319329,18.495163,73.830857,34.74,4502.15,GREEN
319432,18.495103,73.830792,34.74,11334.33,RED
319535,18.495103,73.830792,34.74,9475.10,YELLOW
319638,18.495103,73.830792,34.74,6330.34,GREEN
319741,18.495103,73.830792,34.74,4667.51,GREEN
319844,18.495103,73.830792,34.74,4670.53,GREEN
319947,18.495103,73.830792,35.32,9865.62,YELLOW
320050,18.495103,73.830792,35.32,1620.61,GREEN
320151,18.495103,73.830792,35.32,4850.05,GREEN
320252,18.495103,73.830792,35.32,5113.89,GREEN
320353,18.495103,73.830792,35.32,3264.30,GREEN
320456,18.495045,73.830733,35.32,2781.16,GREEN
320559,18.495045,73.830733,35.32,2393.14,GREEN
320662,18.495045,73.830733,35.32,4143.15,GREEN
320765,18.495045,73.830733,35.32,1457.41,GREEN
320868,18.495045,73.830733,35.32,3360.71,GREEN
320971,18.495045,73.830733,32.17,3767.19,GREEN
321073,18.495045,73.830733,32.17,5993.21,GREEN
321175,18.495045,73.830733,32.17,3018.49,GREEN
321276,18.495045,73.830733,32.17,5761.12,GREEN
321378,18.495045,73.830733,32.17,5213.69,GREEN
321481,18.494987,73.830677,32.17,6794.42,GREEN
321584,18.494987,73.830677,32.17,12045.03,RED
321687,18.494987,73.830677,32.17,14900.97,RED
321790,18.494987,73.830677,32.17,7152.41,YELLOW
321893,18.494987,73.830677,32.17,91.92,GREEN
321996,18.494987,73.830677,30.50,9246.58,YELLOW
322098,18.494987,73.830677,30.50,9947.37,YELLOW
322199,18.494987,73.830677,30.50,9628.32,YELLOW
322300,18.494987,73.830677,30.50,2419.60,GREEN
322402,18.494987,73.830677,30.50,3973.11,GREEN
322506,18.494930,73.830623,30.50,6527.70,GREEN
322609,18.494930,73.830623,30.50,5364.54,GREEN
322712,18.494930,73.830623,30.50,2198.39,GREEN
322815,18.494930,73.830623,30.50,1447.53,GREEN
322918,18.494930,73.830623,30.50,5162.61,GREEN
323021,18.494930,73.830623,30.43,5949.00,GREEN
323122,18.494930,73.830623,30.43,4135.82,GREEN
323224,18.494930,73.830623,30.43,5753.89,GREEN
323325,18.494930,73.830623,30.43,3239.30,GREEN
323428,18.494875,73.830572,30.43,3046.31,GREEN
323531,18.494875,73.830572,30.43,6810.30,GREEN
323634,18.494875,73.830572,30.43,1106.28,GREEN
323737,18.494875,73.830572,30.43,4070.94,GREEN
323840,18.494875,73.830572,30.43,5688.36,GREEN
323943,18.494875,73.830572,29.52,8485.71,YELLOW
324046,18.494875,73.830572,29.52,7993.07,YELLOW
324147,18.494875,73.830572,29.52,3203.91,GREEN
324248,18.494875,73.830572,29.52,13148.25,RED
324349,18.494875,73.830572,29.52,9027.29,YELLOW
324452,18.494825,73.830518,29.52,3873.92,GREEN
324555,18.494825,73.830518,29.52,4149.79,GREEN
324658,18.494825,73.830518,29.52,9800.42,YELLOW
324761,18.494825,73.830518,29.52,10799.91,RED
324864,18.494825,73.830518,29.52,8446.35,YELLOW
324967,18.494825,73.830518,27.58,7388.63,YELLOW
325069,18.494825,73.830518,27.58,3203.58,GREEN
325171,18.494825,73.830518,27.58,14218.34,RED
325272,18.494825,73.830518,27.58,19048.28,RED
325374,18.494825,73.830518,27.58,8930.03,YELLOW
325477,18.494773,73.830477,27.58,3230.85,GREEN
325580,18.494773,73.830477,27.58,4431.44,GREEN
325683,18.494773,73.830477,27.58,5951.36,GREEN
325786,18.494773,73.830477,27.58,5788.73,GREEN
325889,18.494773,73.830477,27.58,6420.91,GREEN
325992,18.494773,73.830477,25.67,2756.08,GREEN
326094,18.494773,73.830477,25.67,6082.57,GREEN
326195,18.494773,73.830477,25.67,3518.97,GREEN
326296,18.494773,73.830477,25.67,9625.99,YELLOW
326398,18.494773,73.830477,25.67,10690.02,RED
326501,18.494725,73.830430,25.67,4851.53,GREEN
326604,18.494725,73.830430,25.67,5898.68,GREEN
326707,18.494725,73.830430,25.67,4982.40,GREEN
326810,18.494725,73.830430,25.67,6908.86,GREEN
326913,18.494725,73.830430,25.67,8411.98,YELLOW
327016,18.494725,73.830430,24.35,4863.47,GREEN
327117,18.494725,73.830430,24.35,17312.85,RED
327219,18.494725,73.830430,24.35,16903.27,RED
327320,18.494725,73.830430,24.35,1916.02,GREEN
327423,18.494677,73.830378,24.35,3639.84,GREEN
327526,18.494677,73.830378,24.35,1746.24,GREEN
327629,18.494677,73.830378,24.35,6330.96,GREEN
327732,18.494677,73.830378,24.35,3475.16,GREEN
327835,18.494677,73.830378,24.35,4863.86,GREEN
327938,18.494677,73.830378,26.54,4365.03,GREEN
328041,18.494677,73.830378,26.54,7295.28,YELLOW
328142,18.494677,73.830378,26.54,2164.91,GREEN
328243,18.494677,73.830378,26.54,1117.54,GREEN
328344,18.494677,73.830378,26.54,2393.75,GREEN
328447,18.494625,73.830332,26.54,3400.49,GREEN
328550,18.494625,73.830332,26.54,9174.46,YELLOW
328653,18.494625,73.830332,26.54,3172.96,GREEN
328756,18.494625,73.830332,26.54,4786.97,GREEN
328859,18.494625,73.830332,26.54,9622.77,YELLOW
328962,18.494625,73.830332,25.56,8637.93,YELLOW
329065,18.494625,73.830332,25.56,1074.06,GREEN
329166,18.494625,73.830332,25.56,9815.71,YELLOW
329267,18.494625,73.830332,25.56,3112.01,GREEN
329368,18.494625,73.830332,25.56,6943.56,GREEN
329472,18.494570,73.830280,25.56,4775.49,GREEN
329575,18.494570,73.830280,25.56,1415.43,GREEN
329678,18.494570,73.830280,25.56,5098.43,GREEN
329781,18.494570,73.830280,25.56,8094.67,YELLOW
329884,18.494570,73.830280,25.56,7262.16,YELLOW
329987,18.494570,73.830280,28.95,5398.26,GREEN
330089,18.494570,73.830280,28.95,3707.46,GREEN
330190,18.494570,73.830280,28.95,4382.34,GREEN
330291,18.494570,73.830280,28.95,795.90,GREEN
330393,18.494570,73.830280,28.95,3047.45,GREEN
330496,18.494513,73.830232,28.95,1728.67,GREEN
330599,18.494513,73.830232,28.95,2969.98,GREEN
330702,18.494513,73.830232,28.95,2606.56,GREEN
330805,18.494513,73.830232,28.95,87.78,GREEN
330908,18.494513,73.830232,28.95,7006.23,YELLOW
331011,18.494513,73.830232,29.82,2939.67,GREEN
331112,18.494513,73.830232,29.82,4172.53,GREEN
331214,18.494513,73.830232,29.82,3480.77,GREEN
331315,18.494513,73.830232,29.82,7261.35,YELLOW
331418,18.494448,73.830192,29.82,7998.27,YELLOW
331521,18.494448,73.830192,29.82,5626.13,GREEN
331624,18.494448,73.830192,29.82,2958.57,GREEN
331727,18.494448,73.830192,29.82,7741.79,YELLOW
331830,18.494448,73.830192,29.82,7618.87,YELLOW
331933,18.494448,73.830192,31.60,4430.49,GREEN
332036,18.494448,73.830192,31.60,2676.48,GREEN
332137,18.494448,73.830192,31.60,5896.34,GREEN
332238,18.494448,73.830192,31.60,3896.64,GREEN
332339,18.494448,73.830192,31.60,7345.86,YELLOW
332442,18.494385,73.830140,31.60,1825.15,GREEN
332545,18.494385,73.830140,31.60,1524.07,GREEN
332648,18.494385,73.830140,31.60,2801.61,GREEN
332751,18.494385,73.830140,31.60,2770.06,GREEN
332854,18.494385,73.830140,31.60,1539.07,GREEN
332957,18.494385,73.830140,31.84,3989.59,GREEN
333060,18.494385,73.830140,31.84,820.58,GREEN
333161,18.494385,73.830140,31.84,2029.75,GREEN
333262,18.494385,73.830140,31.84,5710.86,GREEN
333363,18.494385,73.830140,31.84,586.77,GREEN
333467,18.494323,73.830083,31.84,2564.45,GREEN
333570,18.494323,73.830083,31.84,3263.35,GREEN
333673,18.494323,73.830083,31.84,9552.98,YELLOW
333776,18.494323,73.830083,31.84,2343.80,GREEN
333879,18.494323,73.830083,31.84,6145.36,GREEN
333982,18.494323,73.830083,33.00,2358.79,GREEN
334084,18.494323,73.830083,33.00,1111.57,GREEN
334185,18.494323,73.830083,33.00,2874.28,GREEN
334286,18.494323,73.830083,33.00,7745.70,YELLOW
334388,18.494323,73.830083,33.00,6128.81,GREEN
334491,18.494255,73.830025,33.00,1664.72,GREEN
334594,18.494255,73.830025,33.00,9627.19,YELLOW
334697,18.494255,73.830025,33.00,5948.80,GREEN
334800,18.494255,73.830025,33.00,2760.42,GREEN
334903,18.494255,73.830025,33.00,2320.25,GREEN
335006,18.494255,73.830025,32.47,5874.51,GREEN
335108,18.494255,73.830025,32.47,1016.72,GREEN
335209,18.494255,73.830025,32.47,9285.92,YELLOW
335310,18.494255,73.830025,32.47,4496.22,GREEN
335412,18.494185,73.829970,32.47,3091.52,GREEN
335516,18.494185,73.829970,32.47,9926.60,YELLOW
335619,18.494185,73.829970,32.47,7098.29,YELLOW
335722,18.494185,73.829970,32.47,3942.84,GREEN
335825,18.494185,73.829970,32.47,2312.36,GREEN
335928,18.494185,73.829970,32.47,3483.88,GREEN
336031,18.494185,73.829970,33.04,1646.60,GREEN
336132,18.494185,73.829970,33.04,940.63,GREEN
336233,18.494185,73.829970,33.04,5749.38,GREEN
336334,18.494185,73.829970,33.04,12593.66,RED
336437,18.494117,73.829913,33.04,8070.98,YELLOW
336540,18.494117,73.829913,33.04,6224.18,GREEN
336643,18.494117,73.829913,33.04,9489.13,YELLOW
336746,18.494117,73.829913,33.04,12328.63,RED
336849,18.494117,73.829913,33.04,5385.65,GREEN
336952,18.494117,73.829913,34.06,3106.29,GREEN
337055,18.494117,73.829913,34.06,19715.82,RED
337156,18.494117,73.829913,34.06,17913.37,RED
337257,18.494117,73.829913,34.06,8954.06,YELLOW
337358,18.494117,73.829913,34.06,11602.91,RED
337462,18.494053,73.829853,34.06,2452.38,GREEN
337565,18.494053,73.829853,34.06,4155.07,GREEN
337668,18.494053,73.829853,34.06,6228.43,GREEN
337771,18.494053,73.829853,34.06,8986.34,YELLOW
337874,18.494053,73.829853,34.06,14200.25,RED
337977,18.494053,73.829853,34.11,11097.67,RED
338079,18.494053,73.829853,34.11,5394.89,GREEN
338180,18.494053,73.829853,34.11,3802.51,GREEN
338281,18.494053,73.829853,34.11,11291.68,RED
338383,18.494053,73.829853,34.11,14300.51,RED
338486,18.493983,73.829792,34.11,4489.91,GREEN
338589,18.493983,73.829792,34.11,4938.89,GREEN
338692,18.493983,73.829792,34.11,6215.44,GREEN
338795,18.493983,73.829792,34.11,2370.64,GREEN
338898,18.493983,73.829792,34.11,6919.49,GREEN
339001,18.493983,73.829792,35.71,10330.79,RED
339103,18.493983,73.829792,35.71,5129.86,GREEN
339204,18.493983,73.829792,35.71,10223.53,RED
339305,18.493983,73.829792,35.71,9157.70,YELLOW
339407,18.493910,73.829738,35.71,1983.01,GREEN
339511,18.493910,73.829738,35.71,8264.58,YELLOW
339614,18.493910,73.829738,35.71,3863.75,GREEN
339717,18.493910,73.829738,35.71,4512.37,GREEN
339820,18.493910,73.829738,35.71,2932.00,GREEN
339923,18.493910,73.829738,35.71,6212.71,GREEN
340026,18.493910,73.829738,34.13,1002.68,GREEN
340127,18.493910,73.829738,34.13,7904.49,YELLOW
340228,18.493910,73.829738,34.13,1239.58,GREEN
340329,18.493910,73.829738,34.13,8887.81,YELLOW
340432,18.493837,73.829688,34.13,8319.79,YELLOW
340535,18.493837,73.829688,34.13,1539.66,GREEN
340638,18.493837,73.829688,34.13,4334.29,GREEN
340741,18.493837,73.829688,34.13,2551.70,GREEN
340844,18.493837,73.829688,34.13,9461.82,YELLOW
340947,18.493837,73.829688,34.17,8872.36,YELLOW
341050,18.493837,73.829688,34.17,3745.37,GREEN
341151,18.493837,73.829688,34.17,5645.04,GREEN
341252,18.493837,73.829688,34.17,9174.62,YELLOW
341353,18.493837,73.829688,34.17,16336.10,RED
341456,18.493757,73.829635,34.17,17616.26,RED
341559,18.493757,73.829635,34.17,6447.60,GREEN
341662,18.493757,73.829635,34.17,4696.33,GREEN
341765,18.493757,73.829635,34.17,5559.74,GREEN
341868,18.493757,73.829635,34.17,2275.96,GREEN
341971,18.493757,73.829635,37.65,5557.99,GREEN
342073,18.493757,73.829635,37.65,10736.71,RED
342175,18.493757,73.829635,37.65,1623.57,GREEN
342276,18.493757,73.829635,37.65,9401.43,YELLOW
342378,18.493757,73.829635,37.65,4740.80,GREEN
342481,18.493667,73.829592,37.65,7530.66,YELLOW
342584,18.493667,73.829592,37.65,9113.97,YELLOW
342687,18.493667,73.829592,37.65,14966.78,RED
342790,18.493667,73.829592,37.65,16109.09,RED
342893,18.493667,73.829592,37.65,14705.87,RED
342996,18.493667,73.829592,39.39,8045.06,YELLOW
343098,18.493667,73.829592,39.39,4714.38,GREEN
343199,18.493667,73.829592,39.39,19508.90,RED
343300,18.493667,73.829592,39.39,16590.12,RED
343402,18.493667,73.829592,39.39,4025.80,GREEN
343506,18.493585,73.829548,39.39,7624.82,YELLOW
343609,18.493585,73.829548,39.39,13580.31,RED
343712,18.493585,73.829548,39.39,2303.00,GREEN
343815,18.493585,73.829548,39.39,3745.27,GREEN
343918,18.493585,73.829548,39.39,3350.02,GREEN
344021,18.493585,73.829548,38.76,3231.59,GREEN
344122,18.493585,73.829548,38.76,3082.64,GREEN
344223,18.493585,73.829548,38.76,11022.41,RED
344324,18.493585,73.829548,38.76,4779.75,GREEN
344427,18.493497,73.829502,38.76,8029.26,YELLOW
344530,18.493497,73.829502,38.76,4023.87,GREEN
344633,18.493497,73.829502,38.76,10140.70,RED
344736,18.493497,73.829502,38.76,13270.50,RED
344839,18.493497,73.829502,38.76,3691.37,GREEN
344942,18.493497,73.829502,39.71,8173.77,YELLOW
345045,18.493497,73.829502,39.71,6733.66,GREEN
345146,18.493497,73.829502,39.71,4872.39,GREEN
345247,18.493497,73.829502,39.71,5826.48,GREEN
345348,18.493497,73.829502,39.71,730.71,GREEN
345451,18.493407,73.829457,39.71,6005.20,GREEN
345554,18.493407,73.829457,39.71,4085.55,GREEN
345657,18.493407,73.829457,39.71,9074.42,YELLOW
345760,18.493407,73.829457,39.71,4667.16,GREEN
345863,18.493407,73.829457,39.71,3330.37,GREEN
345966,18.493407,73.829457,40.15,8307.00,YELLOW
346068,18.493407,73.829457,40.15,5035.24,GREEN
346170,18.493407,73.829457,40.15,5956.39,GREEN
346271,18.493407,73.829457,40.15,5270.01,GREEN
346373,18.493407,73.829457,40.15,12131.46,RED
346476,18.493313,73.829415,40.15,1687.19,GREEN
346579,18.493313,73.829415,40.15,9176.28,YELLOW
346682,18.493313,73.829415,40.15,2085.77,GREEN
346785,18.493313,73.829415,40.15,3974.40,GREEN
346888,18.493313,73.829415,40.15,6860.94,GREEN
346991,18.493313,73.829415,40.54,10907.85,RED
347093,18.493313,73.829415,40.54,5011.28,GREEN
347194,18.493313,73.829415,40.54,5278.12,GREEN
347295,18.493313,73.829415,40.54,7710.85,YELLOW
347397,18.493313,73.829415,40.54,14442.21,RED
347500,18.493225,73.829370,40.54,5047.28,GREEN
347603,18.493225,73.829370,40.54,4396.66,GREEN
347706,18.493225,73.829370,40.54,15837.06,RED
347809,18.493225,73.829370,40.54,17039.96,RED
347912,18.493225,73.829370,40.54,8643.69,YELLOW
348015,18.493225,73.829370,39.78,1882.68,GREEN
348116,18.493225,73.829370,39.78,5885.51,GREEN
348218,18.493225,73.829370,39.78,5159.03,GREEN
348319,18.493225,73.829370,39.78,8931.74,YELLOW
348422,18.493137,73.829327,39.78,11796.88,RED
348525,18.493137,73.829327,39.78,7384.58,YELLOW
348628,18.493137,73.829327,39.78,2389.25,GREEN
348731,18.493137,73.829327,39.78,10925.49,RED
348834,18.493137,73.829327,39.78,12644.13,RED
348937,18.493137,73.829327,39.52,16777.43,RED
349040,18.493137,73.829327,39.52,12625.58,RED
349141,18.493137,73.829327,39.52,1953.87,GREEN
349242,18.493137,73.829327,39.52,7737.60,YELLOW
349343,18.493137,73.829327,39.52,7851.84,YELLOW
349446,18.493045,73.829287,39.52,9394.97,YELLOW
349549,18.493045,73.829287,39.52,16277.38,RED
349652,18.493045,73.829287,39.52,6685.28,GREEN
349755,18.493045,73.829287,39.52,2928.68,GREEN
349858,18.493045,73.829287,39.52,5682.53,GREEN
349961,18.493045,73.829287,39.21,5469.38,GREEN
350063,18.493045,73.829287,39.21,3004.30,GREEN
350165,18.493045,73.829287,39.21,8318.98,YELLOW
350266,18.493045,73.829287,39.21,5499.73,GREEN
350367,18.493045,73.829287,39.21,2696.57,GREEN
350471,18.492952,73.829257,39.21,13927.47,RED
350574,18.492952,73.829257,39.21,12669.26,RED
350677,18.492952,73.829257,39.21,10728.85,RED
350780,18.492952,73.829257,39.21,12499.66,RED
350883,18.492952,73.829257,39.21,4090.54,GREEN
350986,18.492952,73.829257,38.43,7796.49,YELLOW
351088,18.492952,73.829257,38.43,7781.38,YELLOW
351189,18.492952,73.829257,38.43,5924.46,GREEN
351290,18.492952,73.829257,38.43,5911.29,GREEN
351392,18.492952,73.829257,38.43,532.38,GREEN
351495,18.492873,73.829225,38.43,3331.29,GREEN
351598,18.492873,73.829225,38.43,9942.91,YELLOW
351701,18.492873,73.829225,38.43,8891.42,YELLOW
351804,18.492873,73.829225,38.43,8831.48,YELLOW
351907,18.492873,73.829225,38.43,10901.25,RED
352010,18.492873,73.829225,32.54,1723.46,GREEN
352111,18.492873,73.829225,32.54,2180.57,GREEN
352213,18.492873,73.829225,32.54,5012.98,GREEN
352314,18.492873,73.829225,32.54,3560.21,GREEN
352417,18.492795,73.829197,32.54,5133.86,GREEN
352520,18.492795,73.829197,32.54,4734.40,GREEN
352623,18.492795,73.829197,32.54,5996.38,GREEN
352726,18.492795,73.829197,32.54,7708.05,YELLOW
352829,18.492795,73.829197,32.54,1006.94,GREEN
352932,18.492795,73.829197,34.26,9485.96,YELLOW
353035,18.492795,73.829197,34.26,4611.86,GREEN
353136,18.492795,73.829197,34.26,12911.48,RED
353237,18.492795,73.829197,34.26,8140.52,YELLOW
353338,18.492795,73.829197,34.26,12855.87,RED
353441,18.492718,73.829168,34.26,3995.32,GREEN
353544,18.492718,73.829168,34.26,6646.04,GREEN
353647,18.492718,73.829168,34.26,15016.12,RED
353750,18.492718,73.829168,34.26,6681.69,GREEN
353853,18.492718,73.829168,34.26,3333.14,GREEN
353956,18.492718,73.829168,31.15,2701.09,GREEN
354059,18.492718,73.829168,31.15,9625.64,YELLOW
354160,18.492718,73.829168,31.15,7708.10,YELLOW
354261,18.492718,73.829168,31.15,3770.31,GREEN
354362,18.492718,73.829168,31.15,8309.88,YELLOW
354466,18.492650,73.829142,31.15,6342.14,GREEN
354569,18.492650,73.829142,31.15,12911.97,RED
354672,18.492650,73.829142,31.15,13459.98,RED
354775,18.492650,73.829142,31.15,34410.11,RED
354878,18.492650,73.829142,31.15,36340.04,RED
354981,18.492650,73.829142,29.37,27034.43,RED
355083,18.492650,73.829142,29.37,16824.48,RED
355184,18.492650,73.829142,29.37,14901.62,RED
355285,18.492650,73.829142,29.37,18516.22,RED
355387,18.492650,73.829142,29.37,8442.43,YELLOW
355490,18.492588,73.829122,29.37,3105.43,GREEN
355593,18.492588,73.829122,29.37,10899.14,RED
355696,18.492588,73.829122,29.37,17224.12,RED
355799,18.492588,73.829122,29.37,14151.53,RED
355902,18.492588,73.829122,29.37,10195.67,RED
356005,18.492588,73.829122,26.30,11249.10,RED
356107,18.492588,73.829122,26.30,4719.26,GREEN
356208,18.492588,73.829122,26.30,4960.65,GREEN
356309,18.492588,73.829122,26.30,13775.04,RED
356411,18.492530,73.829103,26.30,6121.78,GREEN
356515,18.492530,73.829103,26.30,1098.03,GREEN
356618,18.492530,73.829103,26.30,6701.84,GREEN
356721,18.492530,73.829103,26.30,4594.31,GREEN
356824,18.492530,73.829103,26.30,1288.28,GREEN
356927,18.492530,73.829103,26.30,7367.00,YELLOW
357030,18.492530,73.829103,24.46,9841.45,YELLOW
357131,18.492530,73.829103,24.46,7848.00,YELLOW
357232,18.492530,73.829103,24.46,20971.90,RED
357333,18.492530,73.829103,24.46,13872.03,RED
357436,18.492468,73.829085,24.46,9656.10,YELLOW
357539,18.492468,73.829085,24.46,12202.83,RED
357642,18.492468,73.829085,24.46,9097.63,YELLOW
357745,18.492468,73.829085,24.46,7252.76,YELLOW
357848,18.492468,73.829085,24.46,7616.70,YELLOW
357951,18.492468,73.829085,26.30,6079.35,GREEN
358054,18.492468,73.829085,26.30,0.00,GREEN
358155,18.492468,73.829085,26.30,5077.37,GREEN
358256,18.492468,73.829085,26.30,3318.83,GREEN
358357,18.492468,73.829085,26.30,4018.49,GREEN
358461,18.492407,73.829065,26.30,4555.72,GREEN
358564,18.492407,73.829065,26.30,2785.58,GREEN
358667,18.492407,73.829065,26.30,10860.61,RED
358770,18.492407,73.829065,26.30,3972.85,GREEN
358873,18.492407,73.829065,26.30,7439.36,YELLOW
358976,18.492407,73.829065,26.06,5119.66,GREEN
359078,18.492407,73.829065,26.06,3304.88,GREEN
359179,18.492407,73.829065,26.06,5465.93,GREEN
359280,18.492407,73.829065,26.06,3882.10,GREEN
359382,18.492407,73.829065,26.06,4179.10,GREEN
359485,18.492347,73.829048,26.06,7165.64,YELLOW
359588,18.492347,73.829048,26.06,6368.85,GREEN
359691,18.492347,73.829048,26.06,8955.54,YELLOW
359794,18.492347,73.829048,26.06,3643.03,GREEN
359897,18.492347,73.829048,26.06,361.75,GREEN
360000,18.492347,73.829048,24.82,3109.24,GREEN
360102,18.492347,73.829048,24.82,6335.78,GREEN
360203,18.492347,73.829048,24.82,5906.15,GREEN
360304,18.492347,73.829048,24.82,6497.47,GREEN
360406,18.492295,73.829033,24.82,2514.94,GREEN
360510,18.492295,73.829033,24.82,5269.51,GREEN
360613,18.492295,73.829033,24.82,3913.03,GREEN
360716,18.492295,73.829033,24.82,4516.97,GREEN
360819,18.492295,73.829033,24.82,11224.83,RED
360922,18.492295,73.829033,24.82,7375.09,YELLOW
361025,18.492295,73.829033,21.54,7868.87,YELLOW
361126,18.492295,73.829033,21.54,6345.19,GREEN
361227,18.492295,73.829033,21.54,16506.73,RED
361328,18.492295,73.829033,21.54,14566.81,RED
361431,18.492245,73.829013,21.54,2331.32,GREEN
361534,18.492245,73.829013,21.54,6210.04,GREEN
361637,18.492245,73.829013,21.54,4160.46,GREEN
361740,18.492245,73.829013,21.54,5709.50,GREEN
361843,18.492245,73.829013,21.54,4499.08,GREEN
361946,18.492245,73.829013,22.54,2302.30,GREEN
362049,18.492245,73.829013,22.54,2808.47,GREEN
362150,18.492245,73.829013,22.54,4160.17,GREEN
362251,18.492245,73.829013,22.54,4389.49,GREEN
362352,18.492245,73.829013,22.54,6033.48,GREEN
362455,18.492190,73.828983,22.54,8994.03,YELLOW
362558,18.492190,73.828983,22.54,4407.39,GREEN
362661,18.492190,73.828983,22.54,3391.34,GREEN
362764,18.492190,73.828983,22.54,4252.56,GREEN
362867,18.492190,73.828983,22.54,4061.55,GREEN
362970,18.492190,73.828983,24.56,3040.67,GREEN
363072,18.492190,73.828983,24.56,4372.39,GREEN
363174,18.492190,73.828983,24.56,4119.32,GREEN
363275,18.492190,73.828983,24.56,1108.82,GREEN
363377,18.492190,73.828983,24.56,1993.70,GREEN
363480,18.492138,73.828962,24.56,1373.70,GREEN
363583,18.492138,73.828962,24.56,992.74,GREEN
363686,18.492138,73.828962,24.56,3924.21,GREEN
363789,18.492138,73.828962,24.56,679.89,GREEN
363892,18.492138,73.828962,24.56,614.22,GREEN
363995,18.492138,73.828962,21.34,1913.43,GREEN
364097,18.492138,73.828962,21.34,1063.56,GREEN
364198,18.492138,73.828962,21.34,1344.16,GREEN
364299,18.492138,73.828962,21.34,2006.37,GREEN
364401,18.492138,73.828962,21.34,1507.76,GREEN
364505,18.492097,73.828947,21.34,1686.94,GREEN
364608,18.492097,73.828947,21.34,1079.02,GREEN
364711,18.492097,73.828947,21.34,983.47,GREEN
364814,18.492097,73.828947,21.34,852.46,GREEN
364917,18.492097,73.828947,21.34,2967.11,GREEN
365020,18.492097,73.828947,16.17,4908.52,GREEN
365121,18.492097,73.828947,16.17,2670.64,GREEN
365223,18.492097,73.828947,16.17,552.19,GREEN
365324,18.492097,73.828947,16.17,4469.40,GREEN
365427,18.492065,73.828932,16.17,4348.69,GREEN
365530,18.492065,73.828932,16.17,5713.12,GREEN
365633,18.492065,73.828932,16.17,5712.43,GREEN
365736,18.492065,73.828932,16.17,2118.57,GREEN
365839,18.492065,73.828932,16.17,6058.75,GREEN
365942,18.492065,73.828932,13.15,4714.55,GREEN
366045,18.492065,73.828932,13.15,3926.65,GREEN
366146,18.492065,73.828932,13.15,7707.54,YELLOW
366247,18.492065,73.828932,13.15,4390.51,GREEN
366348,18.492065,73.828932,13.15,2503.97,GREEN
366451,18.492030,73.828918,13.15,3473.22,GREEN
366554,18.492030,73.828918,13.15,3913.33,GREEN
366657,18.492030,73.828918,13.15,6434.75,GREEN
366760,18.492030,73.828918,13.15,2103.88,GREEN
366863,18.492030,73.828918,13.15,3332.86,GREEN
366966,18.492030,73.828918,14.87,4914.02,GREEN
367068,18.492030,73.828918,14.87,4734.09,GREEN
367170,18.492030,73.828918,14.87,2990.97,GREEN
367271,18.492030,73.828918,14.87,2220.19,GREEN
367373,18.492030,73.828918,14.87,4373.19,GREEN
367476,18.491990,73.828902,14.87,5591.62,GREEN
367579,18.491990,73.828902,14.87,3718.29,GREEN
367682,18.491990,73.828902,14.87,1606.08,GREEN
367785,18.491990,73.828902,14.87,3306.49,GREEN
367888,18.491990,73.828902,14.87,4263.62,GREEN
367991,18.491990,73.828902,17.26,5632.52,GREEN
368093,18.491990,73.828902,17.26,5258.78,GREEN
368194,18.491990,73.828902,17.26,9501.04,YELLOW
368295,18.491990,73.828902,17.26,2371.82,GREEN
368397,18.491990,73.828902,17.26,1892.86,GREEN
368500,18.491943,73.828882,17.26,4958.74,GREEN
368603,18.491943,73.828882,17.26,8624.05,YELLOW
368706,18.491943,73.828882,17.26,6127.88,GREEN
368809,18.491943,73.828882,17.26,1205.64,GREEN
368912,18.491943,73.828882,17.26,781.48,GREEN
369015,18.491943,73.828882,20.48,3538.78,GREEN
369116,18.491943,73.828882,20.48,2759.37,GREEN
369218,18.491943,73.828882,20.48,4931.38,GREEN
369319,18.491943,73.828882,20.48,4531.00,GREEN
369422,18.491897,73.828852,20.48,3502.57,GREEN
369525,18.491897,73.828852,20.48,3181.33,GREEN
369628,18.491897,73.828852,20.48,3127.94,GREEN
369731,18.491897,73.828852,20.48,4212.71,GREEN
369834,18.491897,73.828852,20.48,9579.82,YELLOW
369937,18.491897,73.828852,21.93,8030.32,YELLOW
370040,18.491897,73.828852,21.93,4315.70,GREEN
370141,18.491897,73.828852,21.93,4935.13,GREEN
370242,18.491897,73.828852,21.93,3803.46,GREEN
370343,18.491897,73.828852,21.93,1407.02,GREEN
370446,18.491848,73.828817,21.93,729.61,GREEN
370549,18.491848,73.828817,21.93,4165.49,GREEN
370652,18.491848,73.828817,21.93,4048.39,GREEN
370755,18.491848,73.828817,21.93,2519.26,GREEN
370858,18.491848,73.828817,21.93,8701.12,YELLOW
370961,18.491848,73.828817,22.84,3091.94,GREEN
371063,18.491848,73.828817,22.84,4903.47,GREEN
371165,18.491848,73.828817,22.84,2711.09,GREEN
371266,18.491848,73.828817,22.84,4508.91,GREEN
371367,18.491848,73.828817,22.84,8520.45,YELLOW
371471,18.491797,73.828778,22.84,3130.72,GREEN
371574,18.491797,73.828778,22.84,3997.34,GREEN
371677,18.491797,73.828778,22.84,1093.74,GREEN
371780,18.491797,73.828778,22.84,1791.26,GREEN
371883,18.491797,73.828778,22.84,3497.56,GREEN
371986,18.491797,73.828778,24.43,3831.96,GREEN
372088,18.491797,73.828778,24.43,1785.17,GREEN
372189,18.491797,73.828778,24.43,4053.95,GREEN
372290,18.491797,73.828778,24.43,3936.20,GREEN
372392,18.491797,73.828778,24.43,12839.11,RED
372495,18.491747,73.828735,24.43,3328.32,GREEN
372598,18.491747,73.828735,24.43,7647.27,YELLOW
372701,18.491747,73.828735,24.43,3672.21,GREEN
372804,18.491747,73.828735,24.43,1958.14,GREEN
372907,18.491747,73.828735,24.43,2577.74,GREEN
373010,18.491747,73.828735,26.91,1982.44,GREEN
373112,18.491747,73.828735,26.91,5543.72,GREEN
373213,18.491747,73.828735,26.91,4588.04,GREEN
373314,18.491747,73.828735,26.91,3740.60,GREEN
373417,18.491687,73.828682,26.91,4887.79,GREEN
373520,18.491687,73.828682,26.91,11390.78,RED
373623,18.491687,73.828682,26.91,2920.49,GREEN
373726,18.491687,73.828682,26.91,2690.82,GREEN
373829,18.491687,73.828682,26.91,474.45,GREEN
373932,18.491687,73.828682,30.50,6246.43,GREEN
374035,18.491687,73.828682,30.50,5955.91,GREEN
374136,18.491687,73.828682,30.50,6431.92,GREEN
374237,18.491687,73.828682,30.50,2477.55,GREEN
374338,18.491687,73.828682,30.50,7281.10,YELLOW
374441,18.491627,73.828625,30.50,8355.65,YELLOW
374544,18.491627,73.828625,30.50,5992.42,GREEN
374647,18.491627,73.828625,30.50,7809.58,YELLOW
374750,18.491627,73.828625,30.50,6298.95,GREEN
374853,18.491627,73.828625,30.50,7212.47,YELLOW
374956,18.491627,73.828625,33.02,3216.35,GREEN
375058,18.491627,73.828625,33.02,10162.20,RED
375160,18.491627,73.828625,33.02,4651.97,GREEN
375261,18.491627,73.828625,33.02,7593.13,YELLOW
375362,18.491627,73.828625,33.02,8576.69,YELLOW
375466,18.491565,73.828567,33.02,2563.98,GREEN
375569,18.491565,73.828567,33.02,1173.69,GREEN
375672,18.491565,73.828567,33.02,3368.27,GREEN
375775,18.491565,73.828567,33.02,8022.35,YELLOW
375878,18.491565,73.828567,33.02,7472.31,YELLOW
375981,18.491565,73.828567,33.82,4491.17,GREEN
376083,18.491565,73.828567,33.82,6877.67,GREEN
376184,18.491565,73.828567,33.82,4886.37,GREEN
376285,18.491565,73.828567,33.82,8986.16,YELLOW
376387,18.491565,73.828567,33.82,13015.27,RED
376490,18.491497,73.828517,33.82,9735.82,YELLOW
376593,18.491497,73.828517,33.82,6049.18,GREEN
376696,18.491497,73.828517,33.82,7635.22,YELLOW
376799,18.491497,73.828517,33.82,2815.99,GREEN
376902,18.491497,73.828517,33.82,2848.12,GREEN
377005,18.491497,73.828517,34.63,3504.65,GREEN
377106,18.491497,73.828517,34.63,1323.18,GREEN
377208,18.491497,73.828517,34.63,2916.00,GREEN
377309,18.491497,73.828517,34.63,4543.06,GREEN
377411,18.491425,73.828457,34.63,5266.23,GREEN
377515,18.491425,73.828457,34.63,13432.66,RED
377618,18.491425,73.828457,34.63,13283.84,RED
377721,18.491425,73.828457,34.63,2121.60,GREEN
377824,18.491425,73.828457,34.63,5184.76,GREEN
377927,18.491425,73.828457,37.87,7314.37,YELLOW
378030,18.491425,73.828457,37.87,2242.35,GREEN
378131,18.491425,73.828457,37.87,2929.28,GREEN
378232,18.491425,73.828457,37.87,4532.81,GREEN
378333,18.491425,73.828457,37.87,4701.61,GREEN
378436,18.491350,73.828385,37.87,9918.43,YELLOW
378539,18.491350,73.828385,37.87,3025.18,GREEN
378642,18.491350,73.828385,37.87,11709.53,RED
378745,18.491350,73.828385,37.87,14679.75,RED
378848,18.491350,73.828385,37.87,5562.12,GREEN
378951,18.491350,73.828385,40.78,11151.20,RED
379053,18.491350,73.828385,40.78,9588.76,YELLOW
379154,18.491350,73.828385,40.78,1863.28,GREEN
379255,18.491350,73.828385,40.78,11847.30,RED
379357,18.491350,73.828385,40.78,3957.87,GREEN
379460,18.491270,73.828320,40.78,3772.27,GREEN
379563,18.491270,73.828320,40.78,8654.13,YELLOW
379666,18.491270,73.828320,40.78,12503.67,RED
379769,18.491270,73.828320,40.78,4719.19,GREEN
379872,18.491270,73.828320,40.78,8165.73,YELLOW
379975,18.491270,73.828320,40.36,10453.27,RED
380077,18.491270,73.828320,40.36,14765.49,RED
380178,18.491270,73.828320,40.36,17920.34,RED
380279,18.491270,73.828320,40.36,7431.52,YELLOW
380381,18.491270,73.828320,40.36,16764.82,RED
380485,18.491193,73.828247,40.36,17027.37,RED
380588,18.491193,73.828247,40.36,13104.41,RED
380691,18.491193,73.828247,40.36,11300.41,RED
380794,18.491193,73.828247,40.36,3349.99,GREEN
380897,18.491193,73.828247,40.36,10526.09,RED
381000,18.491193,73.828247,40.87,15446.84,RED
381101,18.491193,73.828247,40.87,6691.73,GREEN
381202,18.491193,73.828247,40.87,4223.47,GREEN
381303,18.491193,73.828247,40.87,8428.81,YELLOW
381406,18.491115,73.828173,40.87,3816.92,GREEN
381509,18.491115,73.828173,40.87,14783.10,RED
381612,18.491115,73.828173,40.87,10145.87,RED
381715,18.491115,73.828173,40.87,6940.32,GREEN
381818,18.491115,73.828173,40.87,9635.42,YELLOW
381921,18.491115,73.828173,41.06,2799.75,GREEN
382024,18.491115,73.828173,41.06,2672.25,GREEN
382125,18.491115,73.828173,41.06,4391.64,GREEN
382226,18.491115,73.828173,41.06,4854.11,GREEN
382327,18.491115,73.828173,41.06,4294.35,GREEN
382430,18.491035,73.828105,41.06,1544.94,GREEN
382533,18.491035,73.828105,41.06,5685.17,GREEN
382636,18.491035,73.828105,41.06,2969.42,GREEN
382739,18.491035,73.828105,41.06,12316.67,RED
382842,18.491035,73.828105,41.06,1234.03,GREEN
382945,18.491035,73.828105,41.34,479.51,GREEN
383048,18.491035,73.828105,41.34,1503.73,GREEN
383149,18.491035,73.828105,41.34,11958.62,RED
383250,18.491035,73.828105,41.34,5228.91,GREEN
383351,18.491035,73.828105,41.34,9598.77,YELLOW
383454,18.490955,73.828047,41.34,5075.98,GREEN
383557,18.490955,73.828047,41.34,2711.47,GREEN
383660,18.490955,73.828047,41.34,450.62,GREEN
383763,18.490955,73.828047,41.34,4934.81,GREEN
383866,18.490955,73.828047,41.34,2501.17,GREEN
383969,18.490955,73.828047,39.23,2910.16,GREEN
384071,18.490955,73.828047,39.23,8440.78,YELLOW
384173,18.490955,73.828047,39.23,4512.00,GREEN
384274,18.490955,73.828047,39.23,669.83,GREEN
384376,18.490955,73.828047,39.23,7360.95,YELLOW
384479,18.490875,73.827988,39.23,7725.14,YELLOW
384582,18.490875,73.827988,39.23,3243.03,GREEN
384685,18.490875,73.827988,39.23,0.00,GREEN
384788,18.490875,73.827988,39.23,6701.61,GREEN
384891,18.490875,73.827988,39.23,3703.03,GREEN
384994,18.490875,73.827988,38.41,4504.20,GREEN
385096,18.490875,73.827988,38.41,731.47,GREEN
385197,18.490875,73.827988,38.41,7658.77,YELLOW
385298,18.490875,73.827988,38.41,8323.25,YELLOW
385400,18.490875,73.827988,38.41,7154.06,YELLOW
385503,18.490795,73.827927,38.41,1173.21,GREEN
385606,18.490795,73.827927,38.41,2517.77,GREEN
385709,18.490795,73.827927,38.41,5994.26,GREEN
385812,18.490795,73.827927,38.41,2448.67,GREEN
385915,18.490795,73.827927,38.41,2517.67,GREEN
386018,18.490795,73.827927,39.48,2658.66,GREEN
386119,18.490795,73.827927,39.48,3770.11,GREEN
386221,18.490795,73.827927,39.48,3071.25,GREEN
386322,18.490795,73.827927,39.48,3945.83,GREEN
386425,18.490720,73.827860,39.48,8659.89,YELLOW
386528,18.490720,73.827860,39.48,769.59,GREEN
386631,18.490720,73.827860,39.48,6402.90,GREEN
386734,18.490720,73.827860,39.48,5782.92,GREEN
386837,18.490720,73.827860,39.48,3278.75,GREEN
386940,18.490720,73.827860,39.41,3747.75,GREEN
387043,18.490720,73.827860,39.41,0.00,GREEN
387144,18.490720,73.827860,39.41,259.41,GREEN
387245,18.490720,73.827860,39.41,3866.15,GREEN
387346,18.490720,73.827860,39.41,4080.69,GREEN
387449,18.490648,73.827790,39.41,2132.22,GREEN
387552,18.490648,73.827790,39.41,1766.56,GREEN
387655,18.490648,73.827790,39.41,9028.74,YELLOW
387758,18.490648,73.827790,39.41,7227.10,YELLOW
387861,18.490648,73.827790,39.41,5988.90,GREEN
387964,18.490648,73.827790,39.37,7067.05,YELLOW
388066,18.490648,73.827790,39.37,3651.21,GREEN
388168,18.490648,73.827790,39.37,4847.69,GREEN
388269,18.490648,73.827790,39.37,9837.47,YELLOW
388371,18.490648,73.827790,39.37,3729.82,GREEN
388474,18.490578,73.827722,39.37,2841.46,GREEN
388577,18.490578,73.827722,39.37,3825.59,GREEN
388680,18.490578,73.827722,39.37,5552.91,GREEN
388783,18.490578,73.827722,39.37,6473.16,GREEN
388886,18.490578,73.827722,39.37,4262.74,GREEN
388989,18.490578,73.827722,39.52,10073.52,RED
389091,18.490578,73.827722,39.52,9990.49,YELLOW
389192,18.490578,73.827722,39.52,7954.48,YELLOW
389293,18.490578,73.827722,39.52,10693.01,RED
389395,18.490578,73.827722,39.52,20589.21,RED
389498,18.490510,73.827655,39.52,6311.17,GREEN
389601,18.490510,73.827655,39.52,6107.47,GREEN
389704,18.490510,73.827655,39.52,6136.06,GREEN
389807,18.490510,73.827655,39.52,6168.75,GREEN
389910,18.490510,73.827655,39.52,3558.25,GREEN
390013,18.490510,73.827655,37.30,7724.93,YELLOW
390114,18.490510,73.827655,37.30,10047.11,RED
390216,18.490510,73.827655,37.30,8477.50,YELLOW
390317,18.490510,73.827655,37.30,3286.88,GREEN
390420,18.490440,73.827593,37.30,2211.76,GREEN
390523,18.490440,73.827593,37.30,3641.54,GREEN
390626,18.490440,73.827593,37.30,6757.87,GREEN
390729,18.490440,73.827593,37.30,8855.41,YELLOW
390832,18.490440,73.827593,37.30,7861.63,YELLOW
390935,18.490440,73.827593,36.69,7619.20,YELLOW
391038,18.490440,73.827593,36.69,3505.96,GREEN
391139,18.490440,73.827593,36.69,5486.73,GREEN
391240,18.490440,73.827593,36.69,8886.05,YELLOW
391341,18.490440,73.827593,36.69,6735.45,GREEN
391444,18.490370,73.827535,36.69,6519.06,GREEN
391547,18.490370,73.827535,36.69,3081.46,GREEN
391650,18.490370,73.827535,36.69,6790.42,GREEN
391753,18.490370,73.827535,36.69,5699.88,GREEN
391856,18.490370,73.827535,36.69,11352.20,RED
391959,18.490370,73.827535,35.48,7162.63,YELLOW
392062,18.490370,73.827535,35.48,943.69,GREEN
392163,18.490370,73.827535,35.48,2385.96,GREEN
392264,18.490370,73.827535,35.48,3812.89,GREEN
392365,18.490370,73.827535,35.48,5582.23,GREEN
392469,18.490305,73.827478,35.48,12389.34,RED
392572,18.490305,73.827478,35.48,11666.90,RED
392675,18.490305,73.827478,35.48,195.90,GREEN
392778,18.490305,73.827478,35.48,839.91,GREEN
392881,18.490305,73.827478,35.48,4263.31,GREEN
392984,18.490305,73.827478,33.60,1892.73,GREEN
393086,18.490305,73.827478,33.60,5152.25,GREEN
393187,18.490305,73.827478,33.60,1498.89,GREEN
393288,18.490305,73.827478,33.60,740.72,GREEN
393390,18.490305,73.827478,33.60,3722.55,GREEN
393493,18.490240,73.827425,33.60,1851.38,GREEN
393596,18.490240,73.827425,33.60,1885.85,GREEN
393699,18.490240,73.827425,33.60,4434.52,GREEN
393802,18.490240,73.827425,33.60,2588.31,GREEN
393905,18.490240,73.827425,33.60,8599.55,YELLOW
394008,18.490240,73.827425,31.21,10161.63,RED
394110,18.490240,73.827425,31.21,3292.90,GREEN
394211,18.490240,73.827425,31.21,12535.56,RED
394312,18.490240,73.827425,31.21,19043.31,RED
394414,18.490178,73.827375,31.21,16309.44,RED
394518,18.490178,73.827375,31.21,7559.04,YELLOW
394621,18.490178,73.827375,31.21,7614.15,YELLOW
394724,18.490178,73.827375,31.21,10181.16,RED
394827,18.490178,73.827375,31.21,10735.31,RED
394930,18.490178,73.827375,31.21,8336.03,YELLOW
395033,18.490178,73.827375,31.06,4042.96,GREEN
395134,18.490178,73.827375,31.06,10965.83,RED
395235,18.490178,73.827375,31.06,16396.55,RED
395336,18.490178,73.827375,31.06,7995.16,YELLOW
395439,18.490118,73.827327,31.06,2779.20,GREEN
395542,18.490118,73.827327,31.06,4953.75,GREEN
395645,18.490118,73.827327,31.06,2744.49,GREEN
395748,18.490118,73.827327,31.06,5809.76,GREEN
395851,18.490118,73.827327,31.06,8546.07,YELLOW
395954,18.490118,73.827327,29.87,4285.13,GREEN
396057,18.490118,73.827327,29.87,5004.98,GREEN
396158,18.490118,73.827327,29.87,6552.58,GREEN
396259,18.490118,73.827327,29.87,3417.60,GREEN
396360,18.490118,73.827327,29.87,4730.48,GREEN
396464,18.490062,73.827290,29.87,1627.08,GREEN
396567,18.490062,73.827290,29.87,6168.11,GREEN
396670,18.490062,73.827290,29.87,1752.74,GREEN
396773,18.490062,73.827290,29.87,415.97,GREEN
396876,18.490062,73.827290,29.87,6509.38,GREEN
396979,18.490062,73.827290,26.34,0.00,GREEN
397081,18.490062,73.827290,26.34,4207.22,GREEN
397182,18.490062,73.827290,26.34,2875.45,GREEN
397283,18.490062,73.827290,26.34,10563.71,RED
397385,18.490062,73.827290,26.34,8973.69,YELLOW
397488,18.490010,73.827247,26.34,4698.58,GREEN
397591,18.490010,73.827247,26.34,5965.52,GREEN
397694,18.490010,73.827247,26.34,8884.35,YELLOW
397797,18.490010,73.827247,26.34,11527.83,RED
397900,18.490010,73.827247,26.34,17923.46,RED
398003,18.490010,73.827247,25.89,13855.84,RED
398105,18.490010,73.827247,25.89,5158.50,GREEN
398206,18.490010,73.827247,25.89,10389.46,RED
398307,18.490010,73.827247,25.89,9460.15,YELLOW
398409,18.489965,73.827205,25.89,8555.31,YELLOW
398513,18.489965,73.827205,25.89,2904.52,GREEN
398616,18.489965,73.827205,25.89,2720.05,GREEN
398719,18.489965,73.827205,25.89,3097.14,GREEN
398822,18.489965,73.827205,25.89,1138.01,GREEN
398925,18.489965,73.827205,25.89,1457.57,GREEN
399028,18.489965,73.827205,23.74,2273.77,GREEN
399129,18.489965,73.827205,23.74,4481.32,GREEN
399230,18.489965,73.827205,23.74,7632.87,YELLOW
399331,18.489965,73.827205,23.74,5320.56,GREEN
399434,18.489923,73.827180,23.74,553.33,GREEN
399537,18.489923,73.827180,23.74,5136.25,GREEN
399640,18.489923,73.827180,23.74,8784.81,YELLOW
399743,18.489923,73.827180,23.74,5288.45,GREEN
399846,18.489923,73.827180,23.74,4836.12,GREEN
399949,18.489923,73.827180,19.82,2352.65,GREEN
400052,18.489923,73.827180,19.82,1293.47,GREEN
400153,18.489923,73.827180,19.82,3848.63,GREEN
400254,18.489923,73.827180,19.82,678.54,GREEN
400355,18.489923,73.827180,19.82,1527.54,GREEN
400458,18.489895,73.827155,19.82,1991.24,GREEN
400561,18.489895,73.827155,19.82,3283.57,GREEN
400664,18.489895,73.827155,19.82,5521.44,GREEN
400767,18.489895,73.827155,19.82,6257.88,GREEN
400870,18.489895,73.827155,19.82,1741.46,GREEN
400973,18.489895,73.827155,14.45,2643.68,GREEN
401076,18.489895,73.827155,14.45,6434.11,GREEN
401177,18.489895,73.827155,14.45,10846.94,RED
401278,18.489895,73.827155,14.45,6274.92,GREEN
401380,18.489895,73.827155,14.45,1346.07,GREEN
401483,18.489875,73.827128,14.45,607.26,GREEN
401586,18.489875,73.827128,14.45,153.62,GREEN
401689,18.489875,73.827128,14.45,3136.33,GREEN
401792,18.489875,73.827128,14.45,2337.17,GREEN
401895,18.489875,73.827128,14.45,3172.98,GREEN
401998,18.489875,73.827128,10.48,6860.20,GREEN
402100,18.489875,73.827128,10.48,7485.21,YELLOW
402201,18.489875,73.827128,10.48,547.98,GREEN
402302,18.489875,73.827128,10.48,1805.78,GREEN
402404,18.489847,73.827152,10.48,1184.48,GREEN
402508,18.489847,73.827152,10.48,1398.60,GREEN
402611,18.489847,73.827152,10.48,1911.69,GREEN
402714,18.489847,73.827152,10.48,5296.58,GREEN
402817,18.489847,73.827152,10.48,5239.58,GREEN
402920,18.489847,73.827152,10.48,302.66,GREEN
403023,18.489847,73.827152,6.17,1045.20,GREEN
403124,18.489847,73.827152,6.17,3681.84,GREEN
403225,18.489847,73.827152,6.17,778.39,GREEN
403326,18.489847,73.827152,6.17,2754.79,GREEN
403429,18.489848,73.827132,6.17,4091.06,GREEN
403532,18.489848,73.827132,6.17,15.64,GREEN
403635,18.489848,73.827132,6.17,307.40,GREEN
403738,18.489848,73.827132,6.17,1232.48,GREEN
403841,18.489848,73.827132,6.17,220.64,GREEN
403944,18.489848,73.827132,5.74,1022.93,GREEN
404046,18.489848,73.827132,5.74,2558.02,GREEN
404148,18.489848,73.827132,5.74,407.08,GREEN
404249,18.489848,73.827132,5.74,664.02,GREEN
404350,18.489848,73.827132,5.74,136.43,GREEN
404453,18.489850,73.827115,5.74,2187.42,GREEN
404556,18.489850,73.827115,5.74,1766.15,GREEN
404659,18.489850,73.827115,5.74,6869.62,GREEN
404762,18.489850,73.827115,5.74,4555.25,GREEN
404865,18.489850,73.827115,5.74,3130.19,GREEN
404968,18.489850,73.827115,3.89,4536.97,GREEN
405070,18.489850,73.827115,3.89,7118.13,YELLOW
405172,18.489850,73.827115,3.89,2246.08,GREEN
405273,18.489850,73.827115,3.89,5140.38,GREEN
405375,18.489850,73.827115,3.89,9094.06,YELLOW
405478,18.489857,73.827093,3.89,12530.31,RED
405581,18.489857,73.827093,3.89,10977.37,RED
405684,18.489857,73.827093,3.89,5713.97,GREEN
405787,18.489857,73.827093,3.89,3206.35,GREEN
405890,18.489857,73.827093,3.89,3002.01,GREEN
405993,18.489857,73.827093,7.56,2589.56,GREEN
406094,18.489857,73.827093,7.56,8873.72,YELLOW
406196,18.489857,73.827093,7.56,8241.83,YELLOW
406297,18.489857,73.827093,7.56,2460.27,GREEN
406399,18.489857,73.827093,7.56,2930.55,GREEN
406502,18.489867,73.827090,7.56,4799.11,GREEN
406605,18.489867,73.827090,7.56,4994.33,GREEN
406708,18.489867,73.827090,7.56,2389.48,GREEN
406811,18.489867,73.827090,7.56,4024.06,GREEN
406914,18.489867,73.827090,7.56,7330.04,YELLOW
407017,18.489867,73.827090,5.70,3977.85,GREEN
407118,18.489867,73.827090,5.70,4387.99,GREEN
407220,18.489867,73.827090,5.70,4027.09,GREEN
407321,18.489867,73.827090,5.70,5984.61,GREEN
407424,18.489885,73.827082,5.70,6050.22,GREEN
407527,18.489885,73.827082,5.70,1602.31,GREEN
407630,18.489885,73.827082,5.70,7308.18,YELLOW
407733,18.489885,73.827082,5.70,6759.33,GREEN
407836,18.489885,73.827082,5.70,9495.94,YELLOW
407939,18.489885,73.827082,7.72,3685.57,GREEN
408042,18.489885,73.827082,7.72,5213.63,GREEN
408143,18.489885,73.827082,7.72,6000.81,GREEN
408244,18.489885,73.827082,7.72,2706.76,GREEN
408345,18.489885,73.827082,7.72,7031.27,YELLOW
408448,18.489905,73.827078,7.72,3008.61,GREEN
408551,18.489905,73.827078,7.72,5468.00,GREEN
408654,18.489905,73.827078,7.72,2055.63,GREEN
408757,18.489905,73.827078,7.72,2253.69,GREEN
408860,18.489905,73.827078,7.72,660.38,GREEN
408963,18.489905,73.827078,6.85,4102.13,GREEN
409065,18.489905,73.827078,6.85,1113.11,GREEN
409167,18.489905,73.827078,6.85,4788.68,GREEN
409268,18.489905,73.827078,6.85,1806.56,GREEN
409369,18.489905,73.827078,6.85,3669.04,GREEN
409472,18.489923,73.827110,6.85,3509.61,GREEN
409575,18.489923,73.827110,6.85,3254.43,GREEN
409678,18.489923,73.827110,6.85,6051.61,GREEN
409781,18.489923,73.827110,6.85,4174.00,GREEN
409884,18.489923,73.827110,6.85,3353.06,GREEN
409987,18.489923,73.827110,11.39,4123.88,GREEN
410089,18.489923,73.827110,11.39,7852.50,YELLOW
410191,18.489923,73.827110,11.39,4890.38,GREEN
410292,18.489923,73.827110,11.39,7224.98,YELLOW
410394,18.489923,73.827110,11.39,2048.08,GREEN
410497,18.489948,73.827155,11.39,4002.03,GREEN
410600,18.489948,73.827155,11.39,4111.66,GREEN
410703,18.489948,73.827155,11.39,602.18,GREEN
410806,18.489948,73.827155,11.39,4482.77,GREEN
410909,18.489948,73.827155,11.39,2826.00,GREEN
411012,18.489948,73.827155,14.58,3293.09,GREEN
411113,18.489948,73.827155,14.58,1219.65,GREEN
411215,18.489948,73.827155,14.58,2543.80,GREEN
411316,18.489948,73.827155,14.58,2453.92,GREEN
411419,18.489973,73.827207,14.58,1763.28,GREEN
411522,18.489973,73.827207,14.58,3221.31,GREEN
411625,18.489973,73.827207,14.58,2210.46,GREEN
411728,18.489973,73.827207,14.58,2772.11,GREEN
411831,18.489973,73.827207,14.58,4171.50,GREEN
411934,18.489973,73.827207,14.74,4824.94,GREEN
412037,18.489973,73.827207,14.74,6285.01,GREEN
412138,18.489973,73.827207,14.74,5045.80,GREEN
412239,18.489973,73.827207,14.74,3230.36,GREEN
412340,18.489973,73.827207,14.74,632.08,GREEN
412443,18.490000,73.827252,14.74,2586.62,GREEN
412546,18.490000,73.827252,14.74,1884.82,GREEN
412649,18.490000,73.827252,14.74,0.00,GREEN
412752,18.490000,73.827252,14.74,2357.16,GREEN
412855,18.490000,73.827252,14.74,5510.15,GREEN
412958,18.490000,73.827252,15.46,2753.52,GREEN
413060,18.490000,73.827252,15.46,1302.96,GREEN
413162,18.490000,73.827252,15.46,29.09,GREEN
413263,18.490000,73.827252,15.46,5201.47,GREEN
413365,18.490000,73.827252,15.46,3974.38,GREEN
413468,18.490035,73.827295,15.46,2019.38,GREEN
413571,18.490035,73.827295,15.46,3229.93,GREEN
413674,18.490035,73.827295,15.46,511.30,GREEN
413777,18.490035,73.827295,15.46,4039.47,GREEN
413880,18.490035,73.827295,15.46,1468.08,GREEN
413983,18.490035,73.827295,20.50,5091.87,GREEN
414084,18.490035,73.827295,20.50,4279.24,GREEN
414186,18.490035,73.827295,20.50,5791.43,GREEN
414287,18.490035,73.827295,20.50,2732.72,GREEN
414389,18.490078,73.827345,20.50,4711.96,GREEN
414493,18.490078,73.827345,20.50,1215.31,GREEN
414596,18.490078,73.827345,20.50,2326.37,GREEN
414699,18.490078,73.827345,20.50,4292.57,GREEN
414802,18.490078,73.827345,20.50,2157.31,GREEN
414905,18.490078,73.827345,20.50,2359.03,GREEN
415008,18.490078,73.827345,25.61,4580.03,GREEN
415109,18.490078,73.827345,25.61,3129.77,GREEN
415210,18.490078,73.827345,25.61,1712.44,GREEN
415311,18.490078,73.827345,25.61,11272.19,RED
415413,18.490128,73.827395,25.61,6669.68,GREEN
415517,18.490128,73.827395,25.61,554.26,GREEN
415620,18.490128,73.827395,25.61,2781.26,GREEN
415723,18.490128,73.827395,25.61,2037.21,GREEN
415826,18.490128,73.827395,25.61,6168.10,GREEN
415929,18.490128,73.827395,26.91,3998.19,GREEN
416032,18.490128,73.827395,26.91,2574.90,GREEN
416133,18.490128,73.827395,26.91,895.21,GREEN
416234,18.490128,73.827395,26.91,3489.17,GREEN
416335,18.490128,73.827395,26.91,871.23,GREEN
416439,18.490178,73.827445,26.91,792.03,GREEN
416542,18.490178,73.827445,26.91,6064.24,GREEN
416645,18.490178,73.827445,26.91,3657.83,GREEN
416748,18.490178,73.827445,26.91,2016.18,GREEN
416851,18.490178,73.827445,26.91,4014.26,GREEN
416954,18.490178,73.827445,27.24,7056.85,YELLOW
417056,18.490178,73.827445,27.24,2169.76,GREEN
417157,18.490178,73.827445,27.24,576.80,GREEN
417258,18.490178,73.827445,27.24,3457.88,GREEN
417360,18.490178,73.827445,27.24,7534.33,YELLOW
417463,18.490238,73.827500,27.24,9368.68,YELLOW
417566,18.490238,73.827500,27.24,3646.65,GREEN
417669,18.490238,73.827500,27.24,6202.88,GREEN
417772,18.490238,73.827500,27.24,2115.67,GREEN
417875,18.490238,73.827500,27.24,1649.82,GREEN
417978,18.490238,73.827500,31.06,7888.56,YELLOW
418080,18.490238,73.827500,31.06,2751.81,GREEN
418181,18.490238,73.827500,31.06,931.15,GREEN
418282,18.490238,73.827500,31.06,14790.97,RED
418383,18.490238,73.827500,31.06,11210.29,RED
418486,18.490307,73.827562,31.06,5888.72,GREEN
418589,18.490307,73.827562,31.06,5663.70,GREEN
418692,18.490307,73.827562,31.06,1858.84,GREEN
418795,18.490307,73.827562,31.06,11208.84,RED
418898,18.490307,73.827562,31.06,11476.38,RED
419001,18.490307,73.827562,34.78,2795.33,GREEN
419103,18.490307,73.827562,34.78,5312.41,GREEN
419205,18.490307,73.827562,34.78,1209.69,GREEN
419306,18.490307,73.827562,34.78,4022.86,GREEN
419409,18.490382,73.827627,34.78,10082.53,RED
419512,18.490382,73.827627,34.78,4695.69,GREEN
419615,18.490382,73.827627,34.78,5109.32,GREEN
419718,18.490382,73.827627,34.78,5810.84,GREEN
419821,18.490382,73.827627,34.78,12901.34,RED
419924,18.490382,73.827627,37.89,3961.63,GREEN
420027,18.490382,73.827627,37.89,2477.81,GREEN
420128,18.490382,73.827627,37.89,6503.47,GREEN
420229,18.490382,73.827627,37.89,4746.47,GREEN
420330,18.490382,73.827627,37.89,4274.28,GREEN
420433,18.490458,73.827677,37.89,3992.41,GREEN
420536,18.490458,73.827677,37.89,9988.08,YELLOW
420639,18.490458,73.827677,37.89,4186.45,GREEN
420742,18.490458,73.827677,37.89,5923.43,GREEN
420845,18.490458,73.827677,37.89,7304.62,YELLOW
420948,18.490458,73.827677,37.35,0.00,GREEN
421051,18.490458,73.827677,37.35,8875.99,YELLOW
421152,18.490458,73.827677,37.35,2807.57,GREEN
421253,18.490458,73.827677,37.35,3260.28,GREEN
421354,18.490458,73.827677,37.35,3613.70,GREEN
421457,18.490538,73.827743,37.35,5775.70,GREEN
421560,18.490538,73.827743,37.35,8992.83,YELLOW
421663,18.490538,73.827743,37.35,10384.63,RED
421766,18.490538,73.827743,37.35,3362.53,GREEN
421869,18.490538,73.827743,37.35,7487.54,YELLOW
421972,18.490538,73.827743,40.63,5495.87,GREEN
422074,18.490538,73.827743,40.63,1450.69,GREEN
422175,18.490538,73.827743,40.63,1397.09,GREEN
422276,18.490538,73.827743,40.63,4416.91,GREEN
422378,18.490538,73.827743,40.63,1310.89,GREEN
422481,18.490627,73.827805,40.63,2621.81,GREEN
422584,18.490627,73.827805,40.63,3686.23,GREEN
422687,18.490627,73.827805,40.63,1551.69,GREEN
422790,18.490627,73.827805,40.63,5583.71,GREEN
422893,18.490627,73.827805,40.63,2332.18,GREEN
422996,18.490627,73.827805,42.08,6460.75,GREEN
423098,18.490627,73.827805,42.08,7668.61,YELLOW
423199,18.490627,73.827805,42.08,6183.58,GREEN
423300,18.490627,73.827805,42.08,7690.67,YELLOW
423402,18.490627,73.827805,42.08,7772.63,YELLOW
423506,18.490715,73.827867,42.08,7106.37,YELLOW
423609,18.490715,73.827867,42.08,2505.53,GREEN
423712,18.490715,73.827867,42.08,3452.85,GREEN
423815,18.490715,73.827867,42.08,2816.76,GREEN
423918,18.490715,73.827867,42.08,6358.05,GREEN
424021,18.490715,73.827867,42.45,8906.33,YELLOW
424122,18.490715,73.827867,42.45,3638.36,GREEN
424223,18.490715,73.827867,42.45,1917.95,GREEN
424324,18.490715,73.827867,42.45,2704.46,GREEN
424427,18.490803,73.827935,42.45,5612.09,GREEN
424530,18.490803,73.827935,42.45,1086.14,GREEN
424633,18.490803,73.827935,42.45,2928.40,GREEN
424736,18.490803,73.827935,42.45,2364.60,GREEN
424839,18.490803,73.827935,42.45,1998.30,GREEN
424942,18.490803,73.827935,43.58,625.48,GREEN
425045,18.490803,73.827935,43.58,6339.82,GREEN
425146,18.490803,73.827935,43.58,2779.96,GREEN
425247,18.490803,73.827935,43.58,5763.59,GREEN
425348,18.490803,73.827935,43.58,6794.55,GREEN
425452,18.490890,73.828017,43.58,1664.84,GREEN
425555,18.490890,73.828017,43.58,217.72,GREEN
425658,18.490890,73.828017,43.58,3667.57,GREEN
425761,18.490890,73.828017,43.58,2966.00,GREEN
425864,18.490890,73.828017,43.58,1553.74,GREEN
425967,18.490890,73.828017,45.19,1862.16,GREEN
426069,18.490890,73.828017,45.19,6383.42,GREEN
426170,18.490890,73.828017,45.19,4411.01,GREEN
426271,18.490890,73.828017,45.19,1992.17,GREEN
426373,18.490890,73.828017,45.19,7425.37,YELLOW
426476,18.490987,73.828083,45.19,6793.43,GREEN
426579,18.490987,73.828083,45.19,2407.70,GREEN
426682,18.490987,73.828083,45.19,9218.06,YELLOW
426785,18.490987,73.828083,45.19,8846.08,YELLOW
426888,18.490987,73.828083,45.19,8041.24,YELLOW
426991,18.490987,73.828083,45.28,5219.74,GREEN
427092,18.490987,73.828083,45.28,1888.86,GREEN
427194,18.490987,73.828083,45.28,3861.66,GREEN
427295,18.490987,73.828083,45.28,6666.36,GREEN
427398,18.491085,73.828155,45.28,11869.84,RED
427501,18.491085,73.828155,45.28,5351.94,GREEN
427604,18.491085,73.828155,45.28,14069.89,RED
427707,18.491085,73.828155,45.28,11579.64,RED
427810,18.491085,73.828155,45.28,3222.40,GREEN
427913,18.491085,73.828155,45.95,7233.81,YELLOW
428016,18.491085,73.828155,45.95,6681.43,GREEN
428117,18.491085,73.828155,45.95,15579.85,RED
428218,18.491085,73.828155,45.95,4813.84,GREEN
428319,18.491085,73.828155,45.95,9004.68,YELLOW
428422,18.491183,73.828230,45.95,8952.90,YELLOW
428525,18.491183,73.828230,45.95,2410.01,GREEN
428628,18.491183,73.828230,45.95,7221.10,YELLOW
428731,18.491183,73.828230,45.95,7078.97,YELLOW
428834,18.491183,73.828230,45.95,11289.79,RED
428937,18.491183,73.828230,47.71,4416.80,GREEN
429039,18.491183,73.828230,47.71,6690.14,GREEN
429141,18.491183,73.828230,47.71,7106.65,YELLOW
429242,18.491183,73.828230,47.71,7882.65,YELLOW
429343,18.491183,73.828230,47.71,7265.67,YELLOW
429446,18.491283,73.828302,47.71,5267.92,GREEN
429549,18.491283,73.828302,47.71,8442.74,YELLOW
429652,18.491283,73.828302,47.71,11087.06,RED
429755,18.491283,73.828302,47.71,3165.02,GREEN
429858,18.491283,73.828302,47.71,13003.72,RED
429961,18.491283,73.828302,47.13,10696.41,RED
430063,18.491283,73.828302,47.13,12901.32,RED
430165,18.491283,73.828302,47.13,13241.62,RED
430266,18.491283,73.828302,47.13,8892.69,YELLOW
430368,18.491283,73.828302,47.13,7195.83,YELLOW
430471,18.491377,73.828377,47.13,6641.04,GREEN
430574,18.491377,73.828377,47.13,979.78,GREEN
430677,18.491377,73.828377,47.13,13317.12,RED
430780,18.491377,73.828377,47.13,12286.74,RED
430883,18.491377,73.828377,47.13,8182.64,YELLOW
430986,18.491377,73.828377,46.49,3993.10,GREEN
431088,18.491377,73.828377,46.49,1319.03,GREEN
431189,18.491377,73.828377,46.49,4370.83,GREEN
431290,18.491377,73.828377,46.49,8515.78,YELLOW
431392,18.491472,73.828450,46.49,13124.48,RED
431496,18.491472,73.828450,46.49,9417.95,YELLOW
431599,18.491472,73.828450,46.49,4520.97,GREEN
431702,18.491472,73.828450,46.49,13824.78,RED
431805,18.491472,73.828450,46.49,10781.08,RED
431908,18.491472,73.828450,46.49,4569.53,GREEN
432011,18.491472,73.828450,45.37,7605.48,YELLOW
432112,18.491472,73.828450,45.37,4647.22,GREEN
432213,18.491472,73.828450,45.37,8350.90,YELLOW
432314,18.491472,73.828450,45.37,6516.52,GREEN
432417,18.491563,73.828520,45.37,5908.23,GREEN
432520,18.491563,73.828520,45.37,8002.04,YELLOW
432623,18.491563,73.828520,45.37,15092.67,RED
432726,18.491563,73.828520,45.37,8070.12,YELLOW
432829,18.491563,73.828520,45.37,7138.47,YELLOW
432932,18.491563,73.828520,44.36,10141.56,RED
433035,18.491563,73.828520,44.36,9557.77,YELLOW
433136,18.491563,73.828520,44.36,2004.78,GREEN
433237,18.491563,73.828520,44.36,9929.71,YELLOW
433338,18.491563,73.828520,44.36,6179.85,GREEN
433441,18.491655,73.828587,44.36,6838.43,GREEN
433544,18.491655,73.828587,44.36,9123.13,YELLOW
433647,18.491655,73.828587,44.36,13936.93,RED
433750,18.491655,73.828587,44.36,8366.99,YELLOW
433853,18.491655,73.828587,44.36,2392.29,GREEN
433956,18.491655,73.828587,43.45,3357.88,GREEN
434059,18.491655,73.828587,43.45,1204.88,GREEN
434160,18.491655,73.828587,43.45,2635.89,GREEN
434261,18.491655,73.828587,43.45,3371.44,GREEN
434362,18.491655,73.828587,43.45,2305.71,GREEN
434466,18.491743,73.828653,43.45,5051.66,GREEN
434569,18.491743,73.828653,43.45,7531.19,YELLOW
434672,18.491743,73.828653,43.45,2674.86,GREEN
434775,18.491743,73.828653,43.45,7974.18,YELLOW
434878,18.491743,73.828653,43.45,7514.29,YELLOW
434981,18.491743,73.828653,42.54,2875.24,GREEN
435083,18.491743,73.828653,42.54,7698.03,YELLOW
435184,18.491743,73.828653,42.54,10342.46,RED
435285,18.491743,73.828653,42.54,8706.05,YELLOW
435387,18.491743,73.828653,42.54,4791.63,GREEN
435490,18.491833,73.828710,42.54,6243.01,GREEN
435593,18.491833,73.828710,42.54,5293.77,GREEN
435696,18.491833,73.828710,42.54,6882.23,GREEN
435799,18.491833,73.828710,42.54,4963.49,GREEN
435902,18.491833,73.828710,42.54,5365.10,GREEN
436005,18.491833,73.828710,40.97,7600.24,YELLOW
436107,18.491833,73.828710,40.97,4085.99,GREEN
436208,18.491833,73.828710,40.97,8091.92,YELLOW
436309,18.491833,73.828710,40.97,3599.28,GREEN
436411,18.491920,73.828763,40.97,6191.28,GREEN
436515,18.491920,73.828763,40.97,5320.91,GREEN
436618,18.491920,73.828763,40.97,12804.02,RED
436721,18.491920,73.828763,40.97,4982.42,GREEN
436824,18.491920,73.828763,40.97,8598.56,YELLOW
436927,18.491920,73.828763,40.97,5078.26,GREEN
437030,18.491920,73.828763,39.80,3395.95,GREEN
437131,18.491920,73.828763,39.80,9118.98,YELLOW
437232,18.491920,73.828763,39.80,14693.50,RED
437333,18.491920,73.828763,39.80,12212.67,RED
437436,18.492000,73.828813,39.80,10390.26,RED
437539,18.492000,73.828813,39.80,1088.28,GREEN
437642,18.492000,73.828813,39.80,14175.84,RED
437745,18.492000,73.828813,39.80,6844.40,GREEN
437848,18.492000,73.828813,39.80,6517.05,GREEN
437951,18.492000,73.828813,37.19,223.47,GREEN
438054,18.492000,73.828813,37.19,6501.87,GREEN
438155,18.492000,73.828813,37.19,3419.35,GREEN
438256,18.492000,73.828813,37.19,5342.92,GREEN
438357,18.492000,73.828813,37.19,9251.53,YELLOW
438461,18.492080,73.828848,37.19,11998.03,RED
438564,18.492080,73.828848,37.19,5598.31,GREEN
438667,18.492080,73.828848,37.19,6958.06,GREEN
438770,18.492080,73.828848,37.19,12580.40,RED
438873,18.492080,73.828848,37.19,5404.34,GREEN
438976,18.492080,73.828848,34.02,4286.70,GREEN
439078,18.492080,73.828848,34.02,7732.70,YELLOW
439179,18.492080,73.828848,34.02,19071.05,RED
439280,18.492080,73.828848,34.02,16209.24,RED
439382,18.492080,73.828848,34.02,4623.91,GREEN
439485,18.492157,73.828885,34.02,16637.31,RED
439588,18.492157,73.828885,34.02,4169.37,GREEN
439691,18.492157,73.828885,34.02,11333.82,RED
439794,18.492157,73.828885,34.02,31541.55,RED
439897,18.492157,73.828885,34.02,4346.80,GREEN
440000,18.492157,73.828885,32.84,48751.43,RED
440102,18.492157,73.828885,32.84,24665.46,RED
440203,18.492157,73.828885,32.84,7468.23,YELLOW
440304,18.492157,73.828885,32.84,4576.51,GREEN
440406,18.492230,73.828913,32.84,1350.00,GREEN
440510,18.492230,73.828913,32.84,882.08,GREEN
440613,18.492230,73.828913,32.84,10207.78,RED
440716,18.492230,73.828913,32.84,8501.97,YELLOW
440819,18.492230,73.828913,32.84,271.90,GREEN
440922,18.492230,73.828913,32.84,7814.88,YELLOW
441025,18.492230,73.828913,28.72,7420.08,YELLOW
441126,18.492230,73.828913,28.72,12769.36,RED
441227,18.492230,73.828913,28.72,4897.87,GREEN
441328,18.492230,73.828913,28.72,1098.96,GREEN
441431,18.492293,73.828938,28.72,9556.97,YELLOW
441534,18.492293,73.828938,28.72,12423.62,RED
441637,18.492293,73.828938,28.72,6262.66,GREEN
441740,18.492293,73.828938,28.72,8271.96,YELLOW
441843,18.492293,73.828938,28.72,5428.82,GREEN
441946,18.492293,73.828938,25.48,12944.80,RED
442049,18.492293,73.828938,25.48,5431.25,GREEN
442150,18.492293,73.828938,25.48,15144.49,RED
442251,18.492293,73.828938,25.48,17111.45,RED
442352,18.492293,73.828938,25.48,12505.93,RED
442455,18.492352,73.828963,25.48,18500.43,RED
442558,18.492352,73.828963,25.48,7715.97,YELLOW
442661,18.492352,73.828963,25.48,9012.40,YELLOW
442764,18.492352,73.828963,25.48,9220.19,YELLOW
442867,18.492352,73.828963,25.48,9394.02,YELLOW
442970,18.492352,73.828963,23.58,2665.94,GREEN
443072,18.492352,73.828963,23.58,9224.39,YELLOW
443174,18.492352,73.828963,23.58,3331.20,GREEN
443275,18.492352,73.828963,23.58,9007.25,YELLOW
443377,18.492352,73.828963,23.58,14560.45,RED
443480,18.492410,73.828985,23.58,13609.52,RED
443583,18.492410,73.828985,23.58,2061.19,GREEN
443686,18.492410,73.828985,23.58,4286.45,GREEN
443789,18.492410,73.828985,23.58,5304.60,GREEN
443892,18.492410,73.828985,23.58,2891.22,GREEN
443995,18.492410,73.828985,23.78,7697.46,YELLOW
444096,18.492410,73.828985,23.78,4090.54,GREEN
444198,18.492410,73.828985,23.78,2061.84,GREEN
444299,18.492410,73.828985,23.78,10707.10,RED
444402,18.492470,73.829005,23.78,1898.09,GREEN
444505,18.492470,73.829005,23.78,5747.87,GREEN
444608,18.492470,73.829005,23.78,1224.20,GREEN
444711,18.492470,73.829005,23.78,7054.27,YELLOW
444814,18.492470,73.829005,23.78,1028.32,GREEN
444917,18.492470,73.829005,24.02,12719.27,RED
445020,18.492470,73.829005,24.02,2158.57,GREEN
445121,18.492470,73.829005,24.02,4829.26,GREEN
445222,18.492470,73.829005,24.02,5332.36,GREEN
445323,18.492470,73.829005,24.02,13128.03,RED
445426,18.492523,73.829023,24.02,4837.12,GREEN
445529,18.492523,73.829023,24.02,6356.72,GREEN
445632,18.492523,73.829023,24.02,11749.95,RED
445735,18.492523,73.829023,24.02,1399.79,GREEN
445838,18.492523,73.829023,24.02,8534.38,YELLOW
445941,18.492523,73.829023,22.34,11030.32,RED
446044,18.492523,73.829023,22.34,13725.01,RED
446145,18.492523,73.829023,22.34,3218.43,GREEN
446246,18.492523,73.829023,22.34,6101.40,GREEN
446347,18.492523,73.829023,22.34,1171.94,GREEN
446450,18.492573,73.829038,22.34,908.47,GREEN
446553,18.492573,73.829038,22.34,2340.31,GREEN
446656,18.492573,73.829038,22.34,4750.33,GREEN
446759,18.492573,73.829038,22.34,5979.18,GREEN
446862,18.492573,73.829038,22.34,673.56,GREEN
446965,18.492573,73.829038,21.71,5625.00,GREEN
447067,18.492573,73.829038,21.71,1973.18,GREEN
447169,18.492573,73.829038,21.71,5042.11,GREEN
447270,18.492573,73.829038,21.71,188.45,GREEN
447372,18.492573,73.829038,21.71,3597.99,GREEN
447475,18.492623,73.829055,21.71,1395.48,GREEN
447578,18.492623,73.829055,21.71,7177.17,YELLOW
447681,18.492623,73.829055,21.71,3301.80,GREEN
447784,18.492623,73.829055,21.71,6541.63,GREEN
447887,18.492623,73.829055,21.71,5150.30,GREEN
447990,18.492623,73.829055,20.43,636.38,GREEN
448092,18.492623,73.829055,20.43,3453.79,GREEN
448193,18.492623,73.829055,20.43,5563.40,GREEN
448294,18.492623,73.829055,20.43,1731.47,GREEN
448396,18.492623,73.829055,20.43,6410.70,GREEN
448499,18.492673,73.829072,20.43,2254.29,GREEN
448602,18.492673,73.829072,20.43,5690.24,GREEN
448705,18.492673,73.829072,20.43,2482.18,GREEN
448808,18.492673,73.829072,20.43,6750.44,GREEN
448911,18.492673,73.829072,20.43,2141.19,GREEN
449014,18.492673,73.829072,20.93,7235.96,YELLOW
449115,18.492673,73.829072,20.93,1991.66,GREEN
449217,18.492673,73.829072,20.93,8150.07,YELLOW
449318,18.492673,73.829072,20.93,2436.87,GREEN
449421,18.492723,73.829090,20.93,4987.22,GREEN
449524,18.492723,73.829090,20.93,4788.44,GREEN
449627,18.492723,73.829090,20.93,8148.53,YELLOW
449730,18.492723,73.829090,20.93,2104.63,GREEN
449833,18.492723,73.829090,20.93,7993.84,YELLOW
449936,18.492723,73.829090,22.35,7299.97,YELLOW
450039,18.492723,73.829090,22.35,7639.37,YELLOW
450140,18.492723,73.829090,22.35,11544.08,RED
450241,18.492723,73.829090,22.35,15598.79,RED
450342,18.492723,73.829090,22.35,13415.23,RED
450445,18.492777,73.829115,22.35,7859.79,YELLOW
450548,18.492777,73.829115,22.35,9456.42,YELLOW
450651,18.492777,73.829115,22.35,2225.08,GREEN
450754,18.492777,73.829115,22.35,4404.39,GREEN
450857,18.492777,73.829115,22.35,2775.60,GREEN
450960,18.492777,73.829115,23.34,8422.39,YELLOW
451062,18.492777,73.829115,23.34,9569.40,YELLOW
451164,18.492777,73.829115,23.34,15534.26,RED
451265,18.492777,73.829115,23.34,12837.37,RED
451366,18.492777,73.829115,23.34,5012.53,GREEN
451470,18.492830,73.829138,23.34,7949.05,YELLOW
451573,18.492830,73.829138,23.34,8046.19,YELLOW
451676,18.492830,73.829138,23.34,10605.39,RED
451779,18.492830,73.829138,23.34,9288.12,YELLOW
451882,18.492830,73.829138,23.34,4893.05,GREEN
451985,18.492830,73.829138,22.98,6268.33,GREEN
452087,18.492830,73.829138,22.98,2668.97,GREEN
452188,18.492830,73.829138,22.98,5777.37,GREEN
452289,18.492830,73.829138,22.98,1231.89,GREEN
452391,18.492830,73.829138,22.98,6092.25,GREEN
452494,18.492888,73.829162,22.98,10728.31,RED
452597,18.492888,73.829162,22.98,16600.09,RED
452700,18.492888,73.829162,22.98,2276.24,GREEN
452803,18.492888,73.829162,22.98,13458.57,RED
452906,18.492888,73.829162,22.98,13636.58,RED
453009,18.492888,73.829162,25.95,5568.14,GREEN
453110,18.492888,73.829162,25.95,9105.31,YELLOW
453212,18.492888,73.829162,25.95,3894.84,GREEN
453313,18.492888,73.829162,25.95,12182.83,RED
453415,18.492950,73.829187,25.95,8762.99,YELLOW
453519,18.492950,73.829187,25.95,21152.61,RED
453622,18.492950,73.829187,25.95,18452.39,RED
453725,18.492950,73.829187,25.95,14164.65,RED
453828,18.492950,73.829187,25.95,10727.72,RED
453931,18.492950,73.829187,25.67,5885.27,GREEN
454034,18.492950,73.829187,25.67,6612.09,GREEN
454135,18.492950,73.829187,25.67,0.00,GREEN
454236,18.492950,73.829187,25.67,9664.34,YELLOW
454337,18.492950,73.829187,25.67,2187.32,GREEN
454440,18.493015,73.829217,25.67,6413.55,GREEN
454543,18.493015,73.829217,25.67,9440.65,YELLOW
454646,18.493015,73.829217,25.67,4495.02,GREEN
454749,18.493015,73.829217,25.67,5748.31,GREEN
454852,18.493015,73.829217,25.67,9302.03,YELLOW
454955,18.493015,73.829217,27.13,354.72,GREEN
455058,18.493015,73.829217,27.13,7563.62,YELLOW
455159,18.493015,73.829217,27.13,4222.18,GREEN
455260,18.493015,73.829217,27.13,8136.11,YELLOW
455361,18.493015,73.829217,27.13,4600.12,GREEN
455465,18.493082,73.829245,27.13,8008.77,YELLOW
455568,18.493082,73.829245,27.13,5262.90,GREEN
455671,18.493082,73.829245,27.13,5451.46,GREEN
455774,18.493082,73.829245,27.13,6280.63,GREEN
455877,18.493082,73.829245,27.13,9637.90,YELLOW
455980,18.493082,73.829245,28.48,4542.83,GREEN
456082,18.493082,73.829245,28.48,8096.13,YELLOW
456184,18.493082,73.829245,28.48,5698.56,GREEN
456285,18.493082,73.829245,28.48,9258.67,YELLOW
456387,18.493082,73.829245,28.48,14057.15,RED
456490,18.493148,73.829272,28.48,4861.43,GREEN
456593,18.493148,73.829272,28.48,3323.22,GREEN
456696,18.493148,73.829272,28.48,3087.51,GREEN
456799,18.493148,73.829272,28.48,6384.29,GREEN
456902,18.493148,73.829272,28.48,7010.19,YELLOW
457005,18.493148,73.829272,28.63,10924.35,RED
457107,18.493148,73.829272,28.63,13326.03,RED
457208,18.493148,73.829272,28.63,5250.08,GREEN
457309,18.493148,73.829272,28.63,9378.12,YELLOW
457411,18.493213,73.829302,28.63,10870.98,RED
457515,18.493213,73.829302,28.63,15005.48,RED
457618,18.493213,73.829302,28.63,14249.46,RED
457721,18.493213,73.829302,28.63,1360.79,GREEN
457824,18.493213,73.829302,28.63,10530.85,RED
457927,18.493213,73.829302,28.63,7512.41,YELLOW
458030,18.493213,73.829302,28.32,7727.64,YELLOW
458131,18.493213,73.829302,28.32,4423.17,GREEN
458232,18.493213,73.829302,28.32,4683.17,GREEN
458333,18.493213,73.829302,28.32,10115.94,RED
458436,18.493277,73.829330,28.32,4798.53,GREEN
458539,18.493277,73.829330,28.32,6870.75,GREEN
458642,18.493277,73.829330,28.32,3103.84,GREEN
458745,18.493277,73.829330,28.32,3355.80,GREEN
458848,18.493277,73.829330,28.32,2844.86,GREEN
458951,18.493277,73.829330,28.34,6365.16,GREEN
459054,18.493277,73.829330,28.34,1387.04,GREEN
459155,18.493277,73.829330,28.34,1764.01,GREEN
459256,18.493277,73.829330,28.34,4496.78,GREEN
459357,18.493277,73.829330,28.34,8469.03,YELLOW
459461,18.493342,73.829363,28.34,3381.07,GREEN
459564,18.493342,73.829363,28.34,4055.86,GREEN
459667,18.493342,73.829363,28.34,4361.77,GREEN
459770,18.493342,73.829363,28.34,493.46,GREEN
459873,18.493342,73.829363,28.34,1546.18,GREEN
459976,18.493342,73.829363,29.02,502.47,GREEN
460078,18.493342,73.829363,29.02,3049.05,GREEN
460180,18.493342,73.829363,29.02,0.00,GREEN
460281,18.493342,73.829363,29.02,5893.68,GREEN
460383,18.493342,73.829363,29.02,4174.82,GREEN
460486,18.493408,73.829403,29.02,5037.57,GREEN
460589,18.493408,73.829403,29.02,1536.79,GREEN
460692,18.493408,73.829403,29.02,9364.98,YELLOW
460795,18.493408,73.829403,29.02,4160.99,GREEN
460898,18.493408,73.829403,29.02,4333.73,GREEN
461001,18.493408,73.829403,30.60,1808.11,GREEN
461103,18.493408,73.829403,30.60,7289.05,YELLOW
461204,18.493408,73.829403,30.60,1065.05,GREEN
461305,18.493408,73.829403,30.60,5308.98,GREEN
461406,18.493408,73.829403,30.60,7207.62,YELLOW
461509,18.493478,73.829445,30.60,6146.88,GREEN
461612,18.493478,73.829445,30.60,0.00,GREEN
461715,18.493478,73.829445,30.60,3294.21,GREEN
461818,18.493478,73.829445,30.60,2177.53,GREEN
461921,18.493478,73.829445,30.60,7174.78,YELLOW
462024,18.493478,73.829445,31.06,3756.78,GREEN
462127,18.493478,73.829445,31.06,5105.29,GREEN
462228,18.493478,73.829445,31.06,7338.53,YELLOW
462329,18.493478,73.829445,31.06,5675.41,GREEN
462431,18.493478,73.829445,31.06,12731.74,RED
462534,18.493550,73.829492,31.06,8157.84,YELLOW
462637,18.493550,73.829492,31.06,3212.33,GREEN
462740,18.493550,73.829492,31.06,4118.23,GREEN
462843,18.493550,73.829492,31.06,4832.88,GREEN
462946,18.493550,73.829492,31.06,1483.19,GREEN
463049,18.493550,73.829492,31.97,16573.13,RED
463151,18.493550,73.829492,31.97,18288.73,RED
463252,18.493550,73.829492,31.97,13908.22,RED
463353,18.493550,73.829492,31.97,5188.14,GREEN
463456,18.493620,73.829543,31.97,5925.52,GREEN
463559,18.493620,73.829543,31.97,21410.21,RED
463662,18.493620,73.829543,31.97,5394.53,GREEN
463765,18.493620,73.829543,31.97,11533.29,RED
463868,18.493620,73.829543,31.97,10659.62,RED
463971,18.493620,73.829543,32.74,13926.47,RED
464073,18.493620,73.829543,32.74,5734.20,GREEN
464175,18.493620,73.829543,32.74,8034.72,YELLOW
464276,18.493620,73.829543,32.74,6440.99,GREEN
464378,18.493620,73.829543,32.74,6360.49,GREEN
464481,18.493693,73.829593,32.74,12085.30,RED
464584,18.493693,73.829593,32.74,9978.56,YELLOW
464687,18.493693,73.829593,32.74,6454.96,GREEN
464790,18.493693,73.829593,32.74,1931.09,GREEN
464893,18.493693,73.829593,32.74,9102.56,YELLOW
464996,18.493693,73.829593,33.58,7218.77,YELLOW
465098,18.493693,73.829593,33.58,6091.47,GREEN
465199,18.493693,73.829593,33.58,8322.83,YELLOW
465300,18.493693,73.829593,33.58,11812.69,RED
465402,18.493693,73.829593,33.58,7178.65,YELLOW
465506,18.493770,73.829645,33.58,2997.12,GREEN
465609,18.493770,73.829645,33.58,4983.60,GREEN
465712,18.493770,73.829645,33.58,2486.81,GREEN
465815,18.493770,73.829645,33.58,5297.75,GREEN
465918,18.493770,73.829645,33.58,7353.47,YELLOW
466021,18.493770,73.829645,34.71,3254.27,GREEN
466122,18.493770,73.829645,34.71,8110.53,YELLOW
466224,18.493770,73.829645,34.71,5944.36,GREEN
466325,18.493770,73.829645,34.71,2057.35,GREEN
466428,18.493843,73.829697,34.71,7238.60,YELLOW
466531,18.493843,73.829697,34.71,2125.63,GREEN
466634,18.493843,73.829697,34.71,10998.76,RED
466737,18.493843,73.829697,34.71,6763.10,GREEN
466840,18.493843,73.829697,34.71,7127.47,YELLOW
466943,18.493843,73.829697,34.85,8587.48,YELLOW
467046,18.493843,73.829697,34.85,1333.34,GREEN
467147,18.493843,73.829697,34.85,10031.86,RED
467248,18.493843,73.829697,34.85,3165.21,GREEN
467349,18.493843,73.829697,34.85,8670.56,YELLOW
467452,18.493920,73.829750,34.85,5515.33,GREEN
467555,18.493920,73.829750,34.85,2142.04,GREEN
467658,18.493920,73.829750,34.85,8758.57,YELLOW
467761,18.493920,73.829750,34.85,1962.79,GREEN
467864,18.493920,73.829750,34.85,5408.38,GREEN
467967,18.493920,73.829750,35.39,3259.86,GREEN
468069,18.493920,73.829750,35.39,4303.65,GREEN
468171,18.493920,73.829750,35.39,2101.08,GREEN
468272,18.493920,73.829750,35.39,5223.07,GREEN
468374,18.493920,73.829750,35.39,6084.86,GREEN
468477,18.493998,73.829805,35.39,865.55,GREEN
468580,18.493998,73.829805,35.39,7078.19,YELLOW
468683,18.493998,73.829805,35.39,5874.50,GREEN
468786,18.493998,73.829805,35.39,6805.51,GREEN
468889,18.493998,73.829805,35.39,3075.27,GREEN
468992,18.493998,73.829805,36.13,4769.64,GREEN
469094,18.493998,73.829805,36.13,16198.70,RED
469195,18.493998,73.829805,36.13,5655.01,GREEN
469296,18.493998,73.829805,36.13,8450.11,YELLOW
469398,18.493998,73.829805,36.13,4614.97,GREEN
469501,18.494075,73.829855,36.13,3322.07,GREEN
469604,18.494075,73.829855,36.13,2641.22,GREEN
469707,18.494075,73.829855,36.13,7645.63,YELLOW
469810,18.494075,73.829855,36.13,4850.15,GREEN
469913,18.494075,73.829855,36.13,4630.08,GREEN
470016,18.494075,73.829855,35.74,1906.54,GREEN
470117,18.494075,73.829855,35.74,2195.43,GREEN
470219,18.494075,73.829855,35.74,12934.25,RED
470320,18.494075,73.829855,35.74,5392.53,GREEN
470423,18.494150,73.829907,35.74,4689.81,GREEN
470526,18.494150,73.829907,35.74,5873.96,GREEN
470629,18.494150,73.829907,35.74,1348.08,GREEN
470732,18.494150,73.829907,35.74,2448.89,GREEN
470835,18.494150,73.829907,35.74,1414.98,GREEN
470938,18.494150,73.829907,35.52,3944.22,GREEN
471041,18.494150,73.829907,35.52,6208.44,GREEN
471142,18.494150,73.829907,35.52,6765.27,GREEN
471243,18.494150,73.829907,35.52,5775.94,GREEN
471344,18.494150,73.829907,35.52,10318.05,RED
471447,18.494227,73.829963,35.52,4091.36,GREEN
471550,18.494227,73.829963,35.52,7531.66,YELLOW
471653,18.494227,73.829963,35.52,7795.79,YELLOW
471756,18.494227,73.829963,35.52,5641.61,GREEN
471859,18.494227,73.829963,35.52,673.22,GREEN
471962,18.494227,73.829963,37.23,3358.17,GREEN
472065,18.494227,73.829963,37.23,7319.08,YELLOW
472166,18.494227,73.829963,37.23,3425.44,GREEN
472267,18.494227,73.829963,37.23,6310.80,GREEN
472368,18.494227,73.829963,37.23,10286.80,RED
472470,18.494303,73.830022,37.23,7808.24,YELLOW
472574,18.494303,73.830022,37.23,2845.05,GREEN
472677,18.494303,73.830022,37.23,4309.44,GREEN
472780,18.494303,73.830022,37.23,3590.38,GREEN
472883,18.494303,73.830022,37.23,8385.46,YELLOW
472986,18.494303,73.830022,37.23,14944.96,RED
473089,18.494303,73.830022,38.10,13207.04,RED
473190,18.494303,73.830022,38.10,8090.97,YELLOW
473291,18.494303,73.830022,38.10,9963.33,YELLOW
473393,18.494303,73.830022,38.10,8704.49,YELLOW
473496,18.494380,73.830070,38.10,1175.28,GREEN
473599,18.494380,73.830070,38.10,8070.56,YELLOW
473702,18.494380,73.830070,38.10,13239.29,RED
473805,18.494380,73.830070,38.10,8518.14,YELLOW
473908,18.494380,73.830070,38.10,8857.07,YELLOW
474011,18.494380,73.830070,36.21,14698.63,RED
474113,18.494380,73.830070,36.21,9181.62,YELLOW
474214,18.494380,73.830070,36.21,1626.58,GREEN
474315,18.494380,73.830070,36.21,6807.84,GREEN
474418,18.494452,73.830120,36.21,21323.74,RED
474521,18.494452,73.830120,36.21,25932.09,RED
474624,18.494452,73.830120,36.21,25490.70,RED
474727,18.494452,73.830120,36.21,17189.40,RED
474830,18.494452,73.830120,36.21,17146.47,RED
474933,18.494452,73.830120,36.21,26102.46,RED
475036,18.494452,73.830120,34.02,7112.23,YELLOW
475137,18.494452,73.830120,34.02,7815.63,YELLOW
475238,18.494452,73.830120,34.02,8803.66,YELLOW
475339,18.494452,73.830120,34.02,9294.94,YELLOW
475442,18.494518,73.830167,34.02,9184.35,YELLOW
475545,18.494518,73.830167,34.02,11436.82,RED
475648,18.494518,73.830167,34.02,4976.42,GREEN
475751,18.494518,73.830167,34.02,5680.92,GREEN
475854,18.494518,73.830167,34.02,5296.20,GREEN
475957,18.494518,73.830167,32.34,3130.58,GREEN
476060,18.494518,73.830167,32.34,3390.54,GREEN
476161,18.494518,73.830167,32.34,7813.34,YELLOW
476262,18.494518,73.830167,32.34,14801.57,RED
476363,18.494518,73.830167,32.34,15126.75,RED
476467,18.494580,73.830220,32.34,5523.89,GREEN
476570,18.494580,73.830220,32.34,3128.77,GREEN
476673,18.494580,73.830220,32.34,2154.71,GREEN
476776,18.494580,73.830220,32.34,2136.74,GREEN
476879,18.494580,73.830220,32.34,1521.42,GREEN
476982,18.494580,73.830220,31.93,6730.66,GREEN
477084,18.494580,73.830220,31.93,3301.88,GREEN
477186,18.494580,73.830220,31.93,1787.14,GREEN
477287,18.494580,73.830220,31.93,3913.56,GREEN
477389,18.494580,73.830220,31.93,11846.69,RED
477492,18.494645,73.830272,31.93,14154.45,RED
477595,18.494645,73.830272,31.93,11485.69,RED
477698,18.494645,73.830272,31.93,3925.51,GREEN
477801,18.494645,73.830272,31.93,4590.85,GREEN
477904,18.494645,73.830272,31.93,6962.56,GREEN
478007,18.494645,73.830272,33.98,5997.13,GREEN
478109,18.494645,73.830272,33.98,6429.13,GREEN
478210,18.494645,73.830272,33.98,12927.92,RED
478311,18.494645,73.830272,33.98,14864.54,RED
478413,18.494703,73.830332,33.98,7964.40,YELLOW
478517,18.494703,73.830332,33.98,2810.55,GREEN
478620,18.494703,73.830332,33.98,3291.37,GREEN
478723,18.494703,73.830332,33.98,7852.03,YELLOW
478826,18.494703,73.830332,33.98,2091.36,GREEN
478929,18.494703,73.830332,33.98,3565.19,GREEN
479032,18.494703,73.830332,32.52,2590.38,GREEN
479133,18.494703,73.830332,32.52,10934.42,RED
479235,18.494703,73.830332,32.52,12269.64,RED
479336,18.494703,73.830332,32.52,4632.70,GREEN
479439,18.494767,73.830387,32.52,5308.04,GREEN
479542,18.494767,73.830387,32.52,2176.15,GREEN
479645,18.494767,73.830387,32.52,3902.05,GREEN
479748,18.494767,73.830387,32.52,2860.35,GREEN
479851,18.494767,73.830387,32.52,6013.91,GREEN
479954,18.494767,73.830387,33.67,8635.42,YELLOW
480057,18.494767,73.830387,33.67,9542.98,YELLOW
480158,18.494767,73.830387,33.67,11122.41,RED
480259,18.494767,73.830387,33.67,6200.45,GREEN
480360,18.494767,73.830387,33.67,7212.66,YELLOW
480464,18.494828,73.830438,33.67,7467.40,YELLOW
480567,18.494828,73.830438,33.67,10350.53,RED
480670,18.494828,73.830438,33.67,6206.38,GREEN
480773,18.494828,73.830438,33.67,4146.69,GREEN
480876,18.494828,73.830438,33.67,1410.67,GREEN
480979,18.494828,73.830438,32.85,3948.57,GREEN
481081,18.494828,73.830438,32.85,2300.88,GREEN
481183,18.494828,73.830438,32.85,3947.48,GREEN
481284,18.494828,73.830438,32.85,2857.85,GREEN
481386,18.494828,73.830438,32.85,3963.72,GREEN
481489,18.494890,73.830497,32.85,2460.03,GREEN
481592,18.494890,73.830497,32.85,2816.96,GREEN
481695,18.494890,73.830497,32.85,6946.34,GREEN
481798,18.494890,73.830497,32.85,1697.07,GREEN
481901,18.494890,73.830497,32.85,4200.32,GREEN
482004,18.494890,73.830497,35.24,1589.29,GREEN
482106,18.494890,73.830497,35.24,262.28,GREEN
482207,18.494890,73.830497,35.24,8663.63,YELLOW
482308,18.494890,73.830497,35.24,2886.66,GREEN
482410,18.494957,73.830563,35.24,1426.15,GREEN
482514,18.494957,73.830563,35.24,11761.22,RED
482617,18.494957,73.830563,35.24,7330.20,YELLOW
482720,18.494957,73.830563,35.24,2928.80,GREEN
482823,18.494957,73.830563,35.24,5699.83,GREEN
482926,18.494957,73.830563,35.24,9304.52,YELLOW
483029,18.494957,73.830563,38.26,3153.85,GREEN
483130,18.494957,73.830563,38.26,11840.28,RED
483232,18.494957,73.830563,38.26,5886.94,GREEN
483333,18.494957,73.830563,38.26,9076.34,YELLOW
483436,18.495023,73.830630,38.26,7706.34,YELLOW
483539,18.495023,73.830630,38.26,9359.87,YELLOW
483642,18.495023,73.830630,38.26,699.88,GREEN
483745,18.495023,73.830630,38.26,4014.68,GREEN
483848,18.495023,73.830630,38.26,8174.08,YELLOW
483951,18.495023,73.830630,37.43,12621.56,RED
484054,18.495023,73.830630,37.43,16280.36,RED
484155,18.495023,73.830630,37.43,10170.33,RED
484256,18.495023,73.830630,37.43,4993.94,GREEN
484357,18.495023,73.830630,37.43,5345.80,GREEN
484461,18.495092,73.830695,37.43,10552.20,RED
484564,18.495092,73.830695,37.43,5608.64,GREEN
484667,18.495092,73.830695,37.43,7629.10,YELLOW
484770,18.495092,73.830695,37.43,11433.96,RED
484873,18.495092,73.830695,37.43,6250.44,GREEN
484976,18.495092,73.830695,37.76,4701.84,GREEN
485078,18.495092,73.830695,37.76,5194.41,GREEN
485180,18.495092,73.830695,37.76,5581.07,GREEN
485281,18.495092,73.830695,37.76,7072.69,YELLOW
485383,18.495092,73.830695,37.76,1398.92,GREEN
485486,18.495162,73.830760,37.76,4416.10,GREEN
485589,18.495162,73.830760,37.76,5764.04,GREEN
485692,18.495162,73.830760,37.76,4602.35,GREEN
485795,18.495162,73.830760,37.76,5694.29,GREEN
485898,18.495162,73.830760,37.76,6214.48,GREEN
486001,18.495162,73.830760,38.08,7433.95,YELLOW
486103,18.495162,73.830760,38.08,2243.76,GREEN
486204,18.495162,73.830760,38.08,4211.23,GREEN
486305,18.495162,73.830760,38.08,448.81,GREEN
486407,18.495230,73.830822,38.08,2747.78,GREEN
486511,18.495230,73.830822,38.08,11106.79,RED
486614,18.495230,73.830822,38.08,6775.86,GREEN
486717,18.495230,73.830822,38.08,1831.65,GREEN
486820,18.495230,73.830822,38.08,6945.93,GREEN
486923,18.495230,73.830822,38.08,6200.93,GREEN
487026,18.495230,73.830822,36.30,3783.13,GREEN
487127,18.495230,73.830822,36.30,5210.72,GREEN
487229,18.495230,73.830822,36.30,1985.32,GREEN
487330,18.495230,73.830822,36.30,2083.75,GREEN
487433,18.495303,73.830885,36.30,1446.15,GREEN
487536,18.495303,73.830885,36.30,4931.83,GREEN
487639,18.495303,73.830885,36.30,9123.69,YELLOW
487742,18.495303,73.830885,36.30,8363.08,YELLOW
487845,18.495303,73.830885,36.30,5711.62,GREEN
487948,18.495303,73.830885,38.97,6116.83,GREEN
488051,18.495303,73.830885,38.97,7299.31,YELLOW
488152,18.495303,73.830885,38.97,5849.60,GREEN
488253,18.495303,73.830885,38.97,2532.08,GREEN
488354,18.495303,73.830885,38.97,1790.57,GREEN
488458,18.495383,73.830955,38.97,6141.10,GREEN
488561,18.495383,73.830955,38.97,7156.35,YELLOW
488664,18.495383,73.830955,38.97,463.04,GREEN
488767,18.495383,73.830955,38.97,2798.29,GREEN
488870,18.495383,73.830955,38.97,3834.47,GREEN
488973,18.495383,73.830955,41.58,5076.07,GREEN
489076,18.495383,73.830955,41.58,5164.17,GREEN
489177,18.495383,73.830955,41.58,12018.96,RED
489278,18.495383,73.830955,41.58,4467.73,GREEN
489380,18.495383,73.830955,41.58,9502.78,YELLOW
489483,18.495462,73.831023,41.58,18586.72,RED
489586,18.495462,73.831023,41.58,5418.89,GREEN
489689,18.495462,73.831023,41.58,8083.70,YELLOW
489792,18.495462,73.831023,41.58,7351.58,YELLOW
489895,18.495462,73.831023,41.58,6836.91,GREEN
489998,18.495462,73.831023,39.61,10357.39,RED
490100,18.495462,73.831023,39.61,8510.17,YELLOW
490201,18.495462,73.831023,39.61,3979.13,GREEN
490302,18.495462,73.831023,39.61,82.12,GREEN
490404,18.495535,73.831090,39.61,9326.75,YELLOW
490508,18.495535,73.831090,39.61,6068.97,GREEN
490611,18.495535,73.831090,39.61,6524.47,GREEN
490714,18.495535,73.831090,39.61,6003.92,GREEN
490817,18.495535,73.831090,39.61,9194.58,YELLOW
490920,18.495535,73.831090,39.61,5393.25,GREEN
491023,18.495535,73.831090,38.76,4803.15,GREEN
491124,18.495535,73.831090,38.76,5520.97,GREEN
491226,18.495535,73.831090,38.76,619.93,GREEN
491327,18.495535,73.831090,38.76,7118.50,YELLOW
491430,18.495612,73.831160,38.76,5702.65,GREEN
491533,18.495612,73.831160,38.76,4105.83,GREEN
491636,18.495612,73.831160,38.76,14153.50,RED
491739,18.495612,73.831160,38.76,3856.86,GREEN
491842,18.495612,73.831160,38.76,4959.67,GREEN
491945,18.495612,73.831160,38.76,2564.63,GREEN
492048,18.495612,73.831160,40.39,3063.06,GREEN
492149,18.495612,73.831160,40.39,3284.60,GREEN
492250,18.495612,73.831160,40.39,8871.75,YELLOW
492351,18.495612,73.831160,40.39,4363.46,GREEN
492454,18.495687,73.831227,40.39,4670.36,GREEN
492557,18.495687,73.831227,40.39,1923.41,GREEN
492660,18.495687,73.831227,40.39,436.95,GREEN
492763,18.495687,73.831227,40.39,2337.74,GREEN
492866,18.495687,73.831227,40.39,6200.40,GREEN
492969,18.495687,73.831227,39.47,2508.57,GREEN
493072,18.495687,73.831227,39.47,7190.81,YELLOW
493173,18.495687,73.831227,39.47,9697.29,YELLOW
493274,18.495687,73.831227,39.47,2537.56,GREEN
493376,18.495687,73.831227,39.47,4165.72,GREEN
493479,18.495760,73.831293,39.47,4877.25,GREEN
493582,18.495760,73.831293,39.47,6313.06,GREEN
493685,18.495760,73.831293,39.47,6298.28,GREEN
493788,18.495760,73.831293,39.47,1422.77,GREEN
493891,18.495760,73.831293,39.47,1197.70,GREEN
493994,18.495760,73.831293,38.97,3230.65,GREEN
494096,18.495760,73.831293,38.97,4767.20,GREEN
494197,18.495760,73.831293,38.97,3580.35,GREEN
494298,18.495760,73.831293,38.97,3816.33,GREEN
494400,18.495760,73.831293,38.97,2276.32,GREEN
494503,18.495830,73.831360,38.97,1371.17,GREEN
494606,18.495830,73.831360,38.97,11529.61,RED
494709,18.495830,73.831360,38.97,6386.41,GREEN
494812,18.495830,73.831360,38.97,12091.91,RED
494915,18.495830,73.831360,38.97,9197.62,YELLOW
495018,18.495830,73.831360,37.11,110.49,GREEN
495120,18.495830,73.831360,37.11,5611.67,GREEN
495221,18.495830,73.831360,37.11,641.02,GREEN
495322,18.495830,73.831360,37.11,7801.44,YELLOW
495425,18.495897,73.831427,37.11,4684.27,GREEN
495528,18.495897,73.831427,37.11,9483.89,YELLOW
495631,18.495897,73.831427,37.11,6368.40,GREEN
495734,18.495897,73.831427,37.11,5839.29,GREEN
495837,18.495897,73.831427,37.11,6380.10,GREEN
495940,18.495897,73.831427,37.11,5862.49,GREEN
496043,18.495897,73.831427,37.28,5881.82,GREEN
496144,18.495897,73.831427,37.28,2465.38,GREEN
496245,18.495897,73.831427,37.28,2502.35,GREEN
496346,18.495897,73.831427,37.28,0.00,GREEN
496449,18.495967,73.831498,37.28,2712.85,GREEN
496552,18.495967,73.831498,37.28,3143.88,GREEN
496655,18.495967,73.831498,37.28,14460.67,RED
496758,18.495967,73.831498,37.28,2036.40,GREEN
496861,18.495967,73.831498,37.28,8255.54,YELLOW
496964,18.495967,73.831498,37.85,4009.67,GREEN
497067,18.495967,73.831498,37.85,9185.77,YELLOW
497168,18.495967,73.831498,37.85,10063.89,RED
497269,18.495967,73.831498,37.85,692.70,GREEN
497371,18.495967,73.831498,37.85,3033.64,GREEN
497474,18.496037,73.831570,37.85,9320.39,YELLOW
497577,18.496037,73.831570,37.85,7563.23,YELLOW
497680,18.496037,73.831570,37.85,1102.89,GREEN
497783,18.496037,73.831570,37.85,3278.11,GREEN
497886,18.496037,73.831570,37.85,552.30,GREEN
497989,18.496037,73.831570,38.24,7224.58,YELLOW
498091,18.496037,73.831570,38.24,7076.43,YELLOW
498192,18.496037,73.831570,38.24,2043.40,GREEN
498293,18.496037,73.831570,38.24,5208.04,GREEN
498395,18.496037,73.831570,38.24,9457.46,YELLOW
498498,18.496110,73.831642,38.24,6950.65,GREEN
498601,18.496110,73.831642,38.24,6424.66,GREEN
498704,18.496110,73.831642,38.24,4058.16,GREEN
498807,18.496110,73.831642,38.24,7491.62,YELLOW
498910,18.496110,73.831642,38.24,2584.15,GREEN
499013,18.496110,73.831642,40.15,219.06,GREEN
499115,18.496110,73.831642,40.15,5148.83,GREEN
499216,18.496110,73.831642,40.15,7377.77,YELLOW
499317,18.496110,73.831642,40.15,6679.05,GREEN
499420,18.496183,73.831713,40.15,2768.25,GREEN
499523,18.496183,73.831713,40.15,7323.61,YELLOW
499626,18.496183,73.831713,40.15,3402.18,GREEN
499729,18.496183,73.831713,40.15,645.20,GREEN
499832,18.496183,73.831713,40.15,4587.92,GREEN
499935,18.496183,73.831713,40.15,4039.50,GREEN
500038,18.496183,73.831713,39.34,18134.29,RED
500139,18.496183,73.831713,39.34,6055.48,GREEN
500240,18.496183,73.831713,39.34,7836.82,YELLOW
500341,18.496183,73.831713,39.34,3500.25,GREEN
500444,18.496255,73.831782,39.34,4527.55,GREEN
500547,18.496255,73.831782,39.34,2541.20,GREEN
500650,18.496255,73.831782,39.34,7339.33,YELLOW
500753,18.496255,73.831782,39.34,7751.87,YELLOW
500856,18.496255,73.831782,39.34,10538.50,RED
500959,18.496255,73.831782,38.91,6468.72,GREEN
501062,18.496255,73.831782,38.91,7037.01,YELLOW
501163,18.496255,73.831782,38.91,8442.15,YELLOW
501264,18.496255,73.831782,38.91,14983.29,RED
501365,18.496255,73.831782,38.91,9943.66,YELLOW
501469,18.496325,73.831852,38.91,5415.28,GREEN
501572,18.496325,73.831852,38.91,5805.40,GREEN
501675,18.496325,73.831852,38.91,1305.19,GREEN
501778,18.496325,73.831852,38.91,3636.65,GREEN
501881,18.496325,73.831852,38.91,1152.35,GREEN
501984,18.496325,73.831852,37.97,6066.54,GREEN
502086,18.496325,73.831852,37.97,7186.74,YELLOW
502188,18.496325,73.831852,37.97,1647.17,GREEN
502289,18.496325,73.831852,37.97,5076.05,GREEN
502391,18.496325,73.831852,37.97,7062.02,YELLOW
502494,18.496402,73.831920,37.97,6265.02,GREEN
502597,18.496402,73.831920,37.97,5623.83,GREEN
502700,18.496402,73.831920,37.97,3512.45,GREEN
502803,18.496402,73.831920,37.97,14045.41,RED
502906,18.496402,73.831920,37.97,10299.52,RED
503009,18.496402,73.831920,38.89,1944.39,GREEN
503111,18.496402,73.831920,38.89,10184.87,RED
503212,18.496402,73.831920,38.89,9443.13,YELLOW
503313,18.496402,73.831920,38.89,11248.25,RED
503416,18.496475,73.831983,38.89,5049.82,GREEN
503519,18.496475,73.831983,38.89,804.56,GREEN
503622,18.496475,73.831983,38.89,1686.97,GREEN
503725,18.496475,73.831983,38.89,2870.62,GREEN
503828,18.496475,73.831983,38.89,4976.08,GREEN
503931,18.496475,73.831983,38.89,2556.34,GREEN
504034,18.496475,73.831983,38.52,3179.19,GREEN
504135,18.496475,73.831983,38.52,2486.01,GREEN
504237,18.496475,73.831983,38.52,3939.00,GREEN
504338,18.496475,73.831983,38.52,2906.37,GREEN
504441,18.496547,73.832052,38.52,728.86,GREEN
504544,18.496547,73.832052,38.52,4485.61,GREEN
504647,18.496547,73.832052,38.52,10162.38,RED
504750,18.496547,73.832052,38.52,6653.26,GREEN
504853,18.496547,73.832052,38.52,6334.74,GREEN
504956,18.496547,73.832052,38.61,2068.77,GREEN
505059,18.496547,73.832052,38.61,4510.31,GREEN
505160,18.496547,73.832052,38.61,6827.70,GREEN
505261,18.496547,73.832052,38.61,16211.32,RED
505362,18.496547,73.832052,38.61,10180.15,RED
505466,18.496617,73.832122,38.61,1381.96,GREEN
505569,18.496617,73.832122,38.61,4123.79,GREEN
505672,18.496617,73.832122,38.61,2234.08,GREEN
505775,18.496617,73.832122,38.61,2068.40,GREEN
505878,18.496617,73.832122,38.61,773.62,GREEN
505981,18.496617,73.832122,38.15,2677.06,GREEN
506083,18.496617,73.832122,38.15,1230.55,GREEN
506185,18.496617,73.832122,38.15,3634.18,GREEN
506286,18.496617,73.832122,38.15,4558.47,GREEN
506387,18.496617,73.832122,38.15,6593.30,GREEN
506491,18.496685,73.832192,38.15,2288.87,GREEN
506594,18.496685,73.832192,38.15,9871.09,YELLOW
506697,18.496685,73.832192,38.15,4334.53,GREEN
506800,18.496685,73.832192,38.15,4382.72,GREEN
506903,18.496685,73.832192,38.15,2913.37,GREEN
507006,18.496685,73.832192,37.69,1073.30,GREEN
507108,18.496685,73.832192,37.69,8650.96,YELLOW
507210,18.496685,73.832192,37.69,4659.96,GREEN
507311,18.496685,73.832192,37.69,935.14,GREEN
507413,18.496753,73.832265,37.69,6876.92,GREEN
507517,18.496753,73.832265,37.69,6321.55,GREEN
507620,18.496753,73.832265,37.69,6885.73,GREEN
507723,18.496753,73.832265,37.69,4674.98,GREEN
507826,18.496753,73.832265,37.69,8906.61,YELLOW
507929,18.496753,73.832265,37.69,7567.23,YELLOW
508032,18.496753,73.832265,37.78,1262.72,GREEN
508133,18.496753,73.832265,37.78,940.02,GREEN
508235,18.496753,73.832265,37.78,4090.68,GREEN
508336,18.496753,73.832265,37.78,4900.70,GREEN
508439,18.496822,73.832343,37.78,2118.06,GREEN
508542,18.496822,73.832343,37.78,3350.01,GREEN
508645,18.496822,73.832343,37.78,4973.09,GREEN
508748,18.496822,73.832343,37.78,6937.99,GREEN
508851,18.496822,73.832343,37.78,9697.04,YELLOW
508954,18.496822,73.832343,39.00,3606.48,GREEN
509057,18.496822,73.832343,39.00,9957.33,YELLOW
509158,18.496822,73.832343,39.00,18844.74,RED
509259,18.496822,73.832343,39.00,14941.14,RED
509360,18.496822,73.832343,39.00,7651.69,YELLOW
509464,18.496890,73.832422,39.00,11119.96,RED
509567,18.496890,73.832422,39.00,6771.41,GREEN
509670,18.496890,73.832422,39.00,8701.15,YELLOW
509773,18.496890,73.832422,39.00,4213.68,GREEN
509876,18.496890,73.832422,39.00,7651.99,YELLOW
509979,18.496890,73.832422,38.89,6065.93,GREEN
510081,18.496890,73.832422,38.89,1544.00,GREEN
510183,18.496890,73.832422,38.89,4246.17,GREEN
510284,18.496890,73.832422,38.89,11627.71,RED
510386,18.496890,73.832422,38.89,824.66,GREEN
510489,18.496955,73.832493,38.89,2318.53,GREEN
510592,18.496955,73.832493,38.89,697.06,GREEN
510695,18.496955,73.832493,38.89,9068.31,YELLOW
510798,18.496955,73.832493,38.89,18894.46,RED
510901,18.496955,73.832493,38.89,10195.10,RED
511004,18.496955,73.832493,37.10,9829.88,YELLOW
511106,18.496955,73.832493,37.10,17620.36,RED
511207,18.496955,73.832493,37.10,4602.84,GREEN
511308,18.496955,73.832493,37.10,17614.08,RED
511410,18.497018,73.832553,37.10,4698.33,GREEN
511514,18.497018,73.832553,37.10,14573.93,RED
511617,18.497018,73.832553,37.10,8498.21,YELLOW
511720,18.497018,73.832553,37.10,9797.47,YELLOW
511823,18.497018,73.832553,37.10,29244.53,RED
511926,18.497018,73.832553,37.10,31476.25,RED
512029,18.497018,73.832553,33.98,13065.96,RED
512130,18.497018,73.832553,33.98,14989.34,RED
512232,18.497018,73.832553,33.98,16049.26,RED
512333,18.497018,73.832553,33.98,16945.87,RED
512435,18.497075,73.832612,33.98,1308.01,GREEN
512539,18.497075,73.832612,33.98,3728.53,GREEN
512642,18.497075,73.832612,33.98,5743.61,GREEN
512745,18.497075,73.832612,33.98,3687.88,GREEN
512848,18.497075,73.832612,33.98,4936.74,GREEN
512951,18.497075,73.832612,33.98,266.70,GREEN
513054,18.497075,73.832612,32.15,2772.96,GREEN
513155,18.497075,73.832612,32.15,2285.55,GREEN
513257,18.497075,73.832612,32.15,1223.62,GREEN
513358,18.497075,73.832612,32.15,4059.55,GREEN
513462,18.497125,73.832665,32.15,180.24,GREEN
513565,18.497125,73.832665,32.15,4941.56,GREEN
513668,18.497125,73.832665,32.15,4349.02,GREEN
513771,18.497125,73.832665,32.15,3502.27,GREEN
513874,18.497125,73.832665,32.15,1604.60,GREEN
513977,18.497125,73.832665,28.47,5917.53,GREEN
514079,18.497125,73.832665,28.47,3202.32,GREEN
514181,18.497125,73.832665,28.47,2797.83,GREEN
514282,18.497125,73.832665,28.47,7140.74,YELLOW
514384,18.497125,73.832665,28.47,9590.48,YELLOW
514487,18.497172,73.832715,28.47,13895.38,RED
514590,18.497172,73.832715,28.47,22320.04,RED
514693,18.497172,73.832715,28.47,8354.61,YELLOW
514796,18.497172,73.832715,28.47,337.16,GREEN
514899,18.497172,73.832715,28.47,7407.80,YELLOW
515002,18.497172,73.832715,27.15,1439.17,GREEN
515104,18.497172,73.832715,27.15,7532.32,YELLOW
515205,18.497172,73.832715,27.15,5117.65,GREEN
515306,18.497172,73.832715,27.15,9620.12,YELLOW
515408,18.497172,73.832715,27.15,5136.04,GREEN
515511,18.497220,73.832748,27.15,1232.12,GREEN
515614,18.497220,73.832748,27.15,6427.65,GREEN
515717,18.497220,73.832748,27.15,6764.98,GREEN
515820,18.497220,73.832748,27.15,7175.41,YELLOW
515923,18.497220,73.832748,27.15,8542.82,YELLOW
516026,18.497220,73.832748,24.52,7432.82,YELLOW
516128,18.497220,73.832748,24.52,4300.45,GREEN
516229,18.497220,73.832748,24.52,5098.85,GREEN
516330,18.497220,73.832748,24.52,5116.66,GREEN
516433,18.497268,73.832785,24.52,11289.52,RED
516536,18.497268,73.832785,24.52,12764.49,RED
516639,18.497268,73.832785,24.52,10522.53,RED
516742,18.497268,73.832785,24.52,7871.53,YELLOW
516845,18.497268,73.832785,24.52,5392.36,GREEN
516948,18.497268,73.832785,24.48,3832.85,GREEN
517051,18.497268,73.832785,24.48,9583.19,YELLOW
517152,18.497268,73.832785,24.48,10606.47,RED
517253,18.497268,73.832785,24.48,8836.48,YELLOW
517354,18.497268,73.832785,24.48,8305.64,YELLOW
517458,18.497315,73.832838,24.48,3664.62,GREEN
517561,18.497315,73.832838,24.48,4188.35,GREEN
517664,18.497315,73.832838,24.48,6249.15,GREEN
517767,18.497315,73.832838,24.48,1729.13,GREEN
517870,18.497315,73.832838,24.48,1247.37,GREEN
517973,18.497315,73.832838,27.21,2062.57,GREEN
518076,18.497315,73.832838,27.21,4965.65,GREEN
518177,18.497315,73.832838,27.21,3610.77,GREEN
518278,18.497315,73.832838,27.21,19393.06,RED
518380,18.497315,73.832838,27.21,21822.32,RED
518483,18.497370,73.832898,27.21,3158.91,GREEN
518586,18.497370,73.832898,27.21,2526.80,GREEN
518689,18.497370,73.832898,27.21,5508.28,GREEN
518792,18.497370,73.832898,27.21,9359.54,YELLOW
518895,18.497370,73.832898,27.21,6400.75,GREEN
518998,18.497370,73.832898,28.59,2491.30,GREEN
519100,18.497370,73.832898,28.59,5695.02,GREEN
519201,18.497370,73.832898,28.59,9332.81,YELLOW
519302,18.497370,73.832898,28.59,5994.98,GREEN
519404,18.497425,73.832950,28.59,3642.23,GREEN
519508,18.497425,73.832950,28.59,5708.55,GREEN
519611,18.497425,73.832950,28.59,7659.02,YELLOW
519714,18.497425,73.832950,28.59,3622.78,GREEN
519817,18.497425,73.832950,28.59,1006.70,GREEN
519920,18.497425,73.832950,28.59,2758.48,GREEN
520023,18.497425,73.832950,28.48,2357.53,GREEN
520124,18.497425,73.832950,28.48,3981.54,GREEN
520226,18.497425,73.832950,28.48,7601.79,YELLOW
520327,18.497425,73.832950,28.48,4433.67,GREEN
520430,18.497483,73.833012,28.48,9717.46,YELLOW
520533,18.497483,73.833012,28.48,3197.15,GREEN
520636,18.497483,73.833012,28.48,990.93,GREEN
520739,18.497483,73.833012,28.48,11264.83,RED
520842,18.497483,73.833012,28.48,3197.85,GREEN
520945,18.497483,73.833012,28.48,1443.74,GREEN
521048,18.497483,73.833012,33.26,7026.35,YELLOW
521149,18.497483,73.833012,33.26,7671.28,YELLOW
521250,18.497483,73.833012,33.26,4140.71,GREEN
521351,18.497483,73.833012,33.26,6166.81,GREEN
521454,18.497547,73.833077,33.26,4030.05,GREEN
521557,18.497547,73.833077,33.26,6842.41,GREEN
521660,18.497547,73.833077,33.26,4454.40,GREEN
521763,18.497547,73.833077,33.26,7800.87,YELLOW
521866,18.497547,73.833077,33.26,6358.43,GREEN
521969,18.497547,73.833077,33.80,86.06,GREEN
522072,18.497547,73.833077,33.80,3274.20,GREEN
522173,18.497547,73.833077,33.80,5147.85,GREEN
522274,18.497547,73.833077,33.80,10845.30,RED
522376,18.497547,73.833077,33.80,9752.56,YELLOW
522479,18.497615,73.833130,33.80,3575.63,GREEN
522582,18.497615,73.833130,33.80,12526.86,RED
522685,18.497615,73.833130,33.80,9521.98,YELLOW
522788,18.497615,73.833130,33.80,9423.05,YELLOW
522891,18.497615,73.833130,33.80,12435.20,RED
522994,18.497615,73.833130,32.28,1461.78,GREEN
523096,18.497615,73.833130,32.28,7049.43,YELLOW
523197,18.497615,73.833130,32.28,3408.01,GREEN
523298,18.497615,73.833130,32.28,2272.72,GREEN
523400,18.497615,73.833130,32.28,3008.98,GREEN
523503,18.497682,73.833168,32.28,2564.19,GREEN
523606,18.497682,73.833168,32.28,10262.58,RED
523709,18.497682,73.833168,32.28,1209.25,GREEN
523812,18.497682,73.833168,32.28,1326.98,GREEN
523915,18.497682,73.833168,32.28,9355.63,YELLOW
524018,18.497682,73.833168,30.32,2029.74,GREEN
524120,18.497682,73.833168,30.32,7852.82,YELLOW
524221,18.497682,73.833168,30.32,5073.49,GREEN
524322,18.497682,73.833168,30.32,16395.45,RED
524425,18.497752,73.833208,30.32,489.73,GREEN
524528,18.497752,73.833208,30.32,6645.98,GREEN
524631,18.497752,73.833208,30.32,6149.43,GREEN
524734,18.497752,73.833208,30.32,6063.82,GREEN
524837,18.497752,73.833208,30.32,6421.37,GREEN
524940,18.497752,73.833208,30.32,15090.44,RED
525043,18.497752,73.833208,30.69,3914.06,GREEN
525144,18.497752,73.833208,30.69,1352.14,GREEN
525245,18.497752,73.833208,30.69,6343.09,GREEN
525346,18.497752,73.833208,30.69,3141.57,GREEN
525448,18.497752,73.833208,30.69,1413.87,GREEN
525551,18.497825,73.833255,30.69,1222.04,GREEN
525654,18.497825,73.833255,30.69,445.55,GREEN
525757,18.497825,73.833255,30.69,4542.32,GREEN
525860,18.497825,73.833255,30.69,1777.03,GREEN
525963,18.497825,73.833255,30.69,2577.54,GREEN
526066,18.497825,73.833255,30.93,2645.70,GREEN
526168,18.497825,73.833255,30.93,11298.87,RED
526269,18.497825,73.833255,30.93,1324.10,GREEN
526370,18.497825,73.833255,30.93,7673.54,YELLOW
526472,18.497900,73.833292,30.93,1569.85,GREEN
526576,18.497900,73.833292,30.93,6135.20,GREEN
526679,18.497900,73.833292,30.93,9077.28,YELLOW
526782,18.497900,73.833292,30.93,2140.87,GREEN
526885,18.497900,73.833292,30.93,4212.34,GREEN
526988,18.497900,73.833292,30.93,3578.96,GREEN
527091,18.497900,73.833292,31.32,10710.60,RED
527192,18.497900,73.833292,31.32,4616.85,GREEN
527294,18.497900,73.833292,31.32,4006.55,GREEN
527396,18.497900,73.833292,31.32,4040.69,GREEN
527499,18.497977,73.833325,31.32,4393.84,GREEN
527602,18.497977,73.833325,31.32,4398.26,GREEN
527705,18.497977,73.833325,31.32,1171.86,GREEN
527808,18.497977,73.833325,31.32,8570.19,YELLOW
527911,18.497977,73.833325,31.32,3926.10,GREEN
528014,18.497977,73.833325,32.71,4487.53,GREEN
528116,18.497977,73.833325,32.71,2014.63,GREEN
528217,18.497977,73.833325,32.71,5027.59,GREEN
528318,18.497977,73.833325,32.71,6124.51,GREEN
528421,18.498055,73.833353,32.71,9248.28,YELLOW
528524,18.498055,73.833353,32.71,3123.28,GREEN
528627,18.498055,73.833353,32.71,3746.94,GREEN
528730,18.498055,73.833353,32.71,5201.61,GREEN
528833,18.498055,73.833353,32.71,10001.28,RED
528936,18.498055,73.833353,32.71,4070.54,GREEN
529039,18.498055,73.833353,33.06,576.06,GREEN
529140,18.498055,73.833353,33.06,6386.86,GREEN
529241,18.498055,73.833353,33.06,12372.99,RED
529342,18.498055,73.833353,33.06,11421.38,RED
529445,18.498138,73.833385,33.06,9203.61,YELLOW
529548,18.498138,73.833385,33.06,3890.71,GREEN
529651,18.498138,73.833385,33.06,11441.18,RED
529754,18.498138,73.833385,33.06,7342.21,YELLOW
529857,18.498138,73.833385,33.06,10854.80,RED
529960,18.498138,73.833385,33.58,6763.18,GREEN
530063,18.498138,73.833385,33.58,9121.20,YELLOW
530164,18.498138,73.833385,33.58,4650.30,GREEN
530265,18.498138,73.833385,33.58,4402.06,GREEN
530366,18.498138,73.833385,33.58,4332.13,GREEN
530470,18.498222,73.833412,33.58,4800.00,GREEN
530573,18.498222,73.833412,33.58,3655.53,GREEN
530676,18.498222,73.833412,33.58,8909.96,YELLOW
530779,18.498222,73.833412,33.58,12916.69,RED
530882,18.498222,73.833412,33.58,8113.53,YELLOW
530985,18.498222,73.833412,33.85,15831.21,RED
531087,18.498222,73.833412,33.85,14984.96,RED
531189,18.498222,73.833412,33.85,14713.69,RED
531290,18.498222,73.833412,33.85,11753.10,RED
531392,18.498222,73.833412,33.85,7064.43,YELLOW
531495,18.498305,73.833443,33.85,5886.96,GREEN
531598,18.498305,73.833443,33.85,5897.13,GREEN
531701,18.498305,73.833443,33.85,5615.42,GREEN
531804,18.498305,73.833443,33.85,3777.46,GREEN
531907,18.498305,73.833443,33.85,8351.65,YELLOW
532010,18.498305,73.833443,34.52,4130.50,GREEN
532112,18.498305,73.833443,34.52,5397.15,GREEN
532213,18.498305,73.833443,34.52,7224.34,YELLOW
532314,18.498305,73.833443,34.52,12194.83,RED
532417,18.498390,73.833477,34.52,12534.44,RED
532520,18.498390,73.833477,34.52,894.59,GREEN
532623,18.498390,73.833477,34.52,14771.20,RED
532726,18.498390,73.833477,34.52,12793.84,RED
532829,18.498390,73.833477,34.52,1420.44,GREEN
532932,18.498390,73.833477,34.52,7063.23,YELLOW
533035,18.498390,73.833477,35.10,8522.51,YELLOW
533136,18.498390,73.833477,35.10,8200.34,YELLOW
533238,18.498390,73.833477,35.10,7208.74,YELLOW
533339,18.498390,73.833477,35.10,10083.00,RED
533442,18.498473,73.833508,35.10,913.65,GREEN
533545,18.498473,73.833508,35.10,10266.11,RED
533648,18.498473,73.833508,35.10,13701.73,RED
533751,18.498473,73.833508,35.10,4233.95,GREEN
533854,18.498473,73.833508,35.10,4460.48,GREEN
533957,18.498473,73.833508,35.67,5075.15,GREEN
534060,18.498473,73.833508,35.67,11497.15,RED
534161,18.498473,73.833508,35.67,5699.55,GREEN
534262,18.498473,73.833508,35.67,11588.02,RED
534363,18.498473,73.833508,35.67,9491.06,YELLOW
534467,18.498562,73.833537,35.67,4516.84,GREEN
534570,18.498562,73.833537,35.67,1568.76,GREEN
534673,18.498562,73.833537,35.67,8650.91,YELLOW
534776,18.498562,73.833537,35.67,10035.53,RED
534879,18.498562,73.833537,35.67,6881.83,GREEN
534982,18.498562,73.833537,35.87,2261.62,GREEN
535084,18.498562,73.833537,35.87,3755.14,GREEN
535186,18.498562,73.833537,35.87,23013.13,RED
535287,18.498562,73.833537,35.87,11829.82,RED
535389,18.498562,73.833537,35.87,10258.40,RED
535492,18.498650,73.833565,35.87,2545.83,GREEN
535595,18.498650,73.833565,35.87,3476.75,GREEN
535698,18.498650,73.833565,35.87,5305.80,GREEN
535801,18.498650,73.833565,35.87,6525.93,GREEN
535904,18.498650,73.833565,35.87,10959.95,RED
536007,18.498650,73.833565,36.26,6580.99,GREEN
536109,18.498650,73.833565,36.26,8311.44,YELLOW
536210,18.498650,73.833565,36.26,4113.45,GREEN
536311,18.498650,73.833565,36.26,8378.97,YELLOW
536413,18.498738,73.833593,36.26,4070.38,GREEN
536517,18.498738,73.833593,36.26,660.84,GREEN
536620,18.498738,73.833593,36.26,3247.60,GREEN
536723,18.498738,73.833593,36.26,3801.75,GREEN
536826,18.498738,73.833593,36.26,8258.58,YELLOW
536929,18.498738,73.833593,36.26,5815.98,GREEN
537032,18.498738,73.833593,36.52,353.24,GREEN
537133,18.498738,73.833593,36.52,10661.32,RED
537235,18.498738,73.833593,36.52,12333.85,RED
537336,18.498738,73.833593,36.52,3818.61,GREEN
537439,18.498830,73.833615,36.52,1882.17,GREEN
537542,18.498830,73.833615,36.52,595.24,GREEN
537645,18.498830,73.833615,36.52,1674.73,GREEN
537748,18.498830,73.833615,36.52,19234.76,RED
537851,18.498830,73.833615,36.52,7956.63,YELLOW
537954,18.498830,73.833615,35.91,11481.40,RED
538057,18.498830,73.833615,35.91,6568.53,GREEN
538158,18.498830,73.833615,35.91,7876.20,YELLOW
538259,18.498830,73.833615,35.91,21227.66,RED
538360,18.498830,73.833615,35.91,8213.42,YELLOW
538464,18.498928,73.833620,35.91,4468.96,GREEN
538567,18.498928,73.833620,35.91,4965.10,GREEN
538670,18.498928,73.833620,35.91,9488.49,YELLOW
538773,18.498928,73.833620,35.91,9535.11,YELLOW
538876,18.498928,73.833620,35.91,16205.43,RED
538979,18.498928,73.833620,37.65,885.11,GREEN
539081,18.498928,73.833620,37.65,5106.45,GREEN
539183,18.498928,73.833620,37.65,13740.00,RED
539284,18.498928,73.833620,37.65,7244.68,YELLOW
539386,18.498928,73.833620,37.65,11800.73,RED
539489,18.499020,73.833635,37.65,3315.62,GREEN
539592,18.499020,73.833635,37.65,10785.70,RED
539695,18.499020,73.833635,37.65,2727.71,GREEN
539798,18.499020,73.833635,37.65,6430.33,GREEN
539901,18.499020,73.833635,37.65,2236.60,GREEN
540004,18.499020,73.833635,36.82,4049.71,GREEN
540106,18.499020,73.833635,36.82,11511.74,RED
540207,18.499020,73.833635,36.82,7420.40,YELLOW
540308,18.499020,73.833635,36.82,5087.95,GREEN
540410,18.499108,73.833655,36.82,9821.51,YELLOW
540514,18.499108,73.833655,36.82,6751.01,GREEN
540617,18.499108,73.833655,36.82,10582.01,RED
540720,18.499108,73.833655,36.82,4824.14,GREEN
540823,18.499108,73.833655,36.82,2532.40,GREEN
540926,18.499108,73.833655,36.82,4228.32,GREEN
541029,18.499108,73.833655,35.71,5876.80,GREEN
541130,18.499108,73.833655,35.71,6339.14,GREEN
541232,18.499108,73.833655,35.71,4327.70,GREEN
541333,18.499108,73.833655,35.71,5899.18,GREEN
541436,18.499192,73.833690,35.71,2825.00,GREEN
541539,18.499192,73.833690,35.71,11470.06,RED
541642,18.499192,73.833690,35.71,10605.01,RED
541745,18.499192,73.833690,35.71,10059.88,RED
541848,18.499192,73.833690,35.71,9892.33,YELLOW
541951,18.499192,73.833690,36.41,8008.09,YELLOW
542054,18.499192,73.833690,36.41,2198.49,GREEN
542155,18.499192,73.833690,36.41,14868.85,RED
542256,18.499192,73.833690,36.41,13398.80,RED
542357,18.499192,73.833690,36.41,13003.36,RED
542461,18.499280,73.833722,36.41,4822.21,GREEN
542564,18.499280,73.833722,36.41,7207.50,YELLOW
542667,18.499280,73.833722,36.41,8962.28,YELLOW
542770,18.499280,73.833722,36.41,6090.62,GREEN
542873,18.499280,73.833722,36.41,6057.24,GREEN
542976,18.499280,73.833722,37.04,10321.52,RED
543078,18.499280,73.833722,37.04,2349.73,GREEN
543180,18.499280,73.833722,37.04,3029.72,GREEN
543281,18.499280,73.833722,37.04,14324.25,RED
543383,18.499280,73.833722,37.04,44.69,GREEN
543486,18.499368,73.833763,37.04,5358.69,GREEN
543589,18.499368,73.833763,37.04,363.54,GREEN
543692,18.499368,73.833763,37.04,4877.96,GREEN
543795,18.499368,73.833763,37.04,6400.62,GREEN
543898,18.499368,73.833763,37.04,6492.18,GREEN
544001,18.499368,73.833763,37.52,1932.70,GREEN
544103,18.499368,73.833763,37.52,3371.26,GREEN
544204,18.499368,73.833763,37.52,8501.82,YELLOW
544305,18.499368,73.833763,37.52,12399.66,RED
544407,18.499453,73.833813,37.52,6356.33,GREEN
544511,18.499453,73.833813,37.52,6225.23,GREEN
544614,18.499453,73.833813,37.52,4509.23,GREEN
544717,18.499453,73.833813,37.52,156.38,GREEN
544820,18.499453,73.833813,37.52,5548.79,GREEN
544923,18.499453,73.833813,37.52,8131.19,YELLOW
545026,18.499453,73.833813,37.80,6564.72,GREEN
545127,18.499453,73.833813,37.80,5020.37,GREEN
545229,18.499453,73.833813,37.80,7046.28,YELLOW
545330,18.499453,73.833813,37.80,4291.25,GREEN
545433,18.499533,73.833865,37.80,6242.92,GREEN
545536,18.499533,73.833865,37.80,11690.37,RED
545639,18.499533,73.833865,37.80,4321.44,GREEN
545742,18.499533,73.833865,37.80,10154.19,RED
545845,18.499533,73.833865,37.80,7254.36,YELLOW
545948,18.499533,73.833865,37.80,7302.02,YELLOW
546051,18.499533,73.833865,37.80,1098.40,GREEN
546152,18.499533,73.833865,37.80,4074.20,GREEN
546253,18.499533,73.833865,37.80,10642.40,RED
546354,18.499533,73.833865,37.80,9841.03,YELLOW
546458,18.499613,73.833922,37.80,6393.13,GREEN
546561,18.499613,73.833922,37.80,4271.45,GREEN
546664,18.499613,73.833922,37.80,8639.06,YELLOW
546767,18.499613,73.833922,37.80,5529.56,GREEN
546870,18.499613,73.833922,37.80,6407.84,GREEN
546973,18.499613,73.833922,38.19,20481.68,RED
547076,18.499613,73.833922,38.19,1160.39,GREEN
547177,18.499613,73.833922,38.19,20967.48,RED
547278,18.499613,73.833922,38.19,10369.29,RED
547380,18.499613,73.833922,38.19,5961.60,GREEN
547483,18.499693,73.833980,38.19,1885.05,GREEN
547586,18.499693,73.833980,38.19,10490.78,RED
547689,18.499693,73.833980,38.19,14425.19,RED
547792,18.499693,73.833980,38.19,22305.94,RED
547895,18.499693,73.833980,38.19,7979.62,YELLOW
547998,18.499693,73.833980,38.15,13252.97,RED
548100,18.499693,73.833980,38.15,6937.91,GREEN
548201,18.499693,73.833980,38.15,5811.55,GREEN
548302,18.499693,73.833980,38.15,4081.43,GREEN
548404,18.499772,73.834038,38.15,15260.84,RED
548508,18.499772,73.834038,38.15,10112.29,RED
548611,18.499772,73.834038,38.15,7442.50,YELLOW
548714,18.499772,73.834038,38.15,13645.81,RED
548817,18.499772,73.834038,38.15,17101.28,RED
548920,18.499772,73.834038,38.15,11320.37,RED
549023,18.499772,73.834038,38.93,225.55,GREEN
549124,18.499772,73.834038,38.93,13826.10,RED
549226,18.499772,73.834038,38.93,16267.90,RED
549327,18.499772,73.834038,38.93,4156.01,GREEN
549430,18.499850,73.834100,38.93,8984.10,YELLOW
549533,18.499850,73.834100,38.93,3600.47,GREEN
549636,18.499850,73.834100,38.93,9101.77,YELLOW
549739,18.499850,73.834100,38.93,7314.38,YELLOW
549842,18.499850,73.834100,38.93,10542.64,RED
549945,18.499850,73.834100,38.93,4652.46,GREEN
550048,18.499850,73.834100,39.54,6197.53,GREEN
550149,18.499850,73.834100,39.54,8960.92,YELLOW
550250,18.499850,73.834100,39.54,1733.94,GREEN
550351,18.499850,73.834100,39.54,9993.43,YELLOW
550454,18.499928,73.834160,39.54,4855.55,GREEN
550557,18.499928,73.834160,39.54,4570.66,GREEN
550660,18.499928,73.834160,39.54,10822.22,RED
550763,18.499928,73.834160,39.54,5250.08,GREEN
550866,18.499928,73.834160,39.54,7444.05,YELLOW
550969,18.499928,73.834160,39.26,6282.77,GREEN
551072,18.499928,73.834160,39.26,4034.93,GREEN
551173,18.499928,73.834160,39.26,8651.32,YELLOW
551274,18.499928,73.834160,39.26,7622.91,YELLOW
551376,18.499928,73.834160,39.26,4662.88,GREEN
551479,18.500007,73.834223,39.26,9321.05,YELLOW
551582,18.500007,73.834223,39.26,530.78,GREEN
551685,18.500007,73.834223,39.26,1242.43,GREEN
551788,18.500007,73.834223,39.26,2358.52,GREEN
551891,18.500007,73.834223,39.26,1767.75,GREEN
551994,18.500007,73.834223,39.97,6705.97,GREEN
552096,18.500007,73.834223,39.97,7473.93,YELLOW
552197,18.500007,73.834223,39.97,2261.12,GREEN
552298,18.500007,73.834223,39.97,4034.98,GREEN
552400,18.500007,73.834223,39.97,5741.24,GREEN
552503,18.500085,73.834290,39.97,9982.56,YELLOW
552606,18.500085,73.834290,39.97,2458.75,GREEN
552709,18.500085,73.834290,39.97,4689.63,GREEN
552812,18.500085,73.834290,39.97,6315.98,GREEN
552915,18.500085,73.834290,39.97,2190.03,GREEN
553018,18.500085,73.834290,40.10,1808.24,GREEN
553120,18.500085,73.834290,40.10,9457.65,YELLOW
553221,18.500085,73.834290,40.10,4617.58,GREEN
553322,18.500085,73.834290,40.10,4985.87,GREEN
553425,18.500167,73.834353,40.10,1267.85,GREEN
553528,18.500167,73.834353,40.10,5967.45,GREEN
553631,18.500167,73.834353,40.10,1582.54,GREEN
553734,18.500167,73.834353,40.10,7132.37,YELLOW
553837,18.500167,73.834353,40.10,7195.31,YELLOW
553940,18.500167,73.834353,40.10,6424.57,GREEN
554043,18.500167,73.834353,40.23,6510.22,GREEN
554144,18.500167,73.834353,40.23,4746.01,GREEN
554245,18.500167,73.834353,40.23,4293.18,GREEN
554346,18.500167,73.834353,40.23,2979.15,GREEN
554448,18.500167,73.834353,40.23,6179.32,GREEN
554551,18.500248,73.834420,40.23,2548.07,GREEN
554654,18.500248,73.834420,40.23,3348.87,GREEN
554757,18.500248,73.834420,40.23,4142.99,GREEN
554860,18.500248,73.834420,40.23,2988.14,GREEN
554963,18.500248,73.834420,40.23,2270.49,GREEN
555066,18.500248,73.834420,40.48,6466.74,GREEN
555168,18.500248,73.834420,40.48,5084.91,GREEN
555269,18.500248,73.834420,40.48,954.18,GREEN
555371,18.500248,73.834420,40.48,1974.12,GREEN
555474,18.500330,73.834485,40.48,2730.84,GREEN
555577,18.500330,73.834485,40.48,5134.55,GREEN
555680,18.500330,73.834485,40.48,4094.17,GREEN
555783,18.500330,73.834485,40.48,6027.80,GREEN
555886,18.500330,73.834485,40.48,6020.30,GREEN
555989,18.500330,73.834485,41.71,804.00,GREEN
556091,18.500330,73.834485,41.71,5927.17,GREEN
556192,18.500330,73.834485,41.71,2421.05,GREEN
556293,18.500330,73.834485,41.71,2716.53,GREEN
556395,18.500330,73.834485,41.71,9269.33,YELLOW
556498,18.500415,73.834553,41.71,3839.62,GREEN
556601,18.500415,73.834553,41.71,2464.41,GREEN
556704,18.500415,73.834553,41.71,0.00,GREEN
556807,18.500415,73.834553,41.71,4928.73,GREEN
556910,18.500415,73.834553,41.71,6574.23,GREEN
557013,18.500415,73.834553,42.41,3460.52,GREEN
557115,18.500415,73.834553,42.41,10142.18,RED
557216,18.500415,73.834553,42.41,5362.65,GREEN
557317,18.500415,73.834553,42.41,5864.83,GREEN
557420,18.500502,73.834618,42.41,3683.81,GREEN
557523,18.500502,73.834618,42.41,1555.37,GREEN
557626,18.500502,73.834618,42.41,3958.70,GREEN
557729,18.500502,73.834618,42.41,5026.64,GREEN
557832,18.500502,73.834618,42.41,2517.25,GREEN
557935,18.500502,73.834618,42.41,3804.02,GREEN
558038,18.500502,73.834618,42.63,3120.63,GREEN
558139,18.500502,73.834618,42.63,9919.10,YELLOW
558240,18.500502,73.834618,42.63,6105.99,GREEN
558341,18.500502,73.834618,42.63,3578.42,GREEN
558444,18.500592,73.834680,42.63,5042.22,GREEN
558547,18.500592,73.834680,42.63,7374.04,YELLOW
558650,18.500592,73.834680,42.63,2797.30,GREEN
558753,18.500592,73.834680,42.63,1366.60,GREEN
558856,18.500592,73.834680,42.63,1209.99,GREEN
558959,18.500592,73.834680,42.52,2497.23,GREEN
559062,18.500592,73.834680,42.52,4407.79,GREEN
559163,18.500592,73.834680,42.52,2276.77,GREEN
559264,18.500592,73.834680,42.52,1995.06,GREEN
559365,18.500592,73.834680,42.52,2291.29,GREEN
559469,18.500685,73.834730,42.52,3806.52,GREEN
559572,18.500685,73.834730,42.52,6330.23,GREEN
559675,18.500685,73.834730,42.52,2825.30,GREEN
559778,18.500685,73.834730,42.52,3355.97,GREEN
559881,18.500685,73.834730,42.52,852.45,GREEN
559984,18.500685,73.834730,42.63,5030.08,GREEN
560086,18.500685,73.834730,42.63,2430.86,GREEN
560188,18.500685,73.834730,42.63,8724.29,YELLOW
560289,18.500685,73.834730,42.63,7898.88,YELLOW
560391,18.500685,73.834730,42.63,4736.46,GREEN
560494,18.500787,73.834773,42.63,964.84,GREEN
560597,18.500787,73.834773,42.63,6231.49,GREEN
560700,18.500787,73.834773,42.63,4580.27,GREEN
560803,18.500787,73.834773,42.63,2461.69,GREEN
560906,18.500787,73.834773,42.63,1252.16,GREEN
561009,18.500787,73.834773,41.98,5625.80,GREEN
561111,18.500787,73.834773,41.98,3539.21,GREEN
561212,18.500787,73.834773,41.98,6833.41,GREEN
561313,18.500787,73.834773,41.98,4434.39,GREEN
561416,18.500892,73.834810,41.98,3167.56,GREEN
561519,18.500892,73.834810,41.98,6217.92,GREEN
561622,18.500892,73.834810,41.98,4351.92,GREEN
561725,18.500892,73.834810,41.98,4102.74,GREEN
561828,18.500892,73.834810,41.98,3929.24,GREEN
561931,18.500892,73.834810,41.98,14447.31,RED
562034,18.500892,73.834810,42.17,8374.60,YELLOW
562135,18.500892,73.834810,42.17,9192.36,YELLOW
562237,18.500892,73.834810,42.17,1485.10,GREEN
562338,18.500892,73.834810,42.17,9680.36,YELLOW
562441,18.500993,73.834842,42.17,2386.90,GREEN
562544,18.500993,73.834842,42.17,5309.55,GREEN
562647,18.500993,73.834842,42.17,8587.87,YELLOW
562750,18.500993,73.834842,42.17,1380.86,GREEN
562853,18.500993,73.834842,42.17,6028.41,GREEN
562956,18.500993,73.834842,40.11,5550.18,GREEN
563059,18.500993,73.834842,40.11,3651.55,GREEN
563160,18.500993,73.834842,40.11,13845.90,RED
563261,18.500993,73.834842,40.11,17125.25,RED
563362,18.500993,73.834842,40.11,5584.83,GREEN
563466,18.501097,73.834873,40.11,5224.59,GREEN
563569,18.501097,73.834873,40.11,8740.94,YELLOW
563672,18.501097,73.834873,40.11,5814.63,GREEN
563775,18.501097,73.834873,40.11,1939.23,GREEN
563878,18.501097,73.834873,40.11,9161.98,YELLOW
563981,18.501097,73.834873,42.23,11274.28,RED
564083,18.501097,73.834873,42.23,1889.04,GREEN
564185,18.501097,73.834873,42.23,5704.88,GREEN
564286,18.501097,73.834873,42.23,6791.10,GREEN
564388,18.501097,73.834873,42.23,3078.14,GREEN
564491,18.501203,73.834902,42.23,4645.60,GREEN
564594,18.501203,73.834902,42.23,3416.26,GREEN
564697,18.501203,73.834902,42.23,8302.22,YELLOW
564800,18.501203,73.834902,42.23,463.96,GREEN
564903,18.501203,73.834902,42.23,4788.06,GREEN
565006,18.501203,73.834902,43.67,4637.84,GREEN
565108,18.501203,73.834902,43.67,15323.89,RED
565209,18.501203,73.834902,43.67,6633.80,GREEN
565310,18.501203,73.834902,43.67,4277.90,GREEN
565412,18.501313,73.834928,43.67,6258.53,GREEN
565516,18.501313,73.834928,43.67,15510.02,RED
565619,18.501313,73.834928,43.67,12016.33,RED
565722,18.501313,73.834928,43.67,4810.03,GREEN
565825,18.501313,73.834928,43.67,4374.36,GREEN
565928,18.501313,73.834928,43.67,3323.50,GREEN
566031,18.501313,73.834928,43.80,3040.78,GREEN
566132,18.501313,73.834928,43.80,3147.63,GREEN
566234,18.501313,73.834928,43.80,7666.07,YELLOW
566335,18.501313,73.834928,43.80,3339.67,GREEN
566438,18.501423,73.834957,43.80,5373.68,GREEN
566541,18.501423,73.834957,43.80,3366.22,GREEN
566644,18.501423,73.834957,43.80,2721.29,GREEN
566747,18.501423,73.834957,43.80,4604.31,GREEN
566850,18.501423,73.834957,43.80,6771.06,GREEN
566953,18.501423,73.834957,43.84,3561.19,GREEN
567056,18.501423,73.834957,43.84,5505.89,GREEN
567157,18.501423,73.834957,43.84,1632.34,GREEN
567258,18.501423,73.834957,43.84,6263.34,GREEN
567359,18.501423,73.834957,43.84,3438.93,GREEN
567463,18.501535,73.834980,43.84,1765.22,GREEN
567566,18.501535,73.834980,43.84,3401.32,GREEN
567669,18.501535,73.834980,43.84,4453.53,GREEN
567772,18.501535,73.834980,43.84,18241.87,RED
567875,18.501535,73.834980,43.84,13473.76,RED
567978,18.501535,73.834980,44.60,7150.93,YELLOW
568080,18.501535,73.834980,44.60,21489.32,RED
568182,18.501535,73.834980,44.60,3230.73,GREEN
568283,18.501535,73.834980,44.60,15434.20,RED
568385,18.501535,73.834980,44.60,6111.37,GREEN
568488,18.501645,73.835003,44.60,3685.75,GREEN
568591,18.501645,73.835003,44.60,1218.54,GREEN
568694,18.501645,73.835003,44.60,3343.15,GREEN
568797,18.501645,73.835003,44.60,6493.77,GREEN
568900,18.501645,73.835003,44.60,3319.40,GREEN
569003,18.501645,73.835003,44.06,1376.89,GREEN
569105,18.501645,73.835003,44.06,769.78,GREEN
569206,18.501645,73.835003,44.06,5054.48,GREEN
569307,18.501645,73.835003,44.06,3699.29,GREEN
569409,18.501757,73.835028,44.06,1890.90,GREEN
569513,18.501757,73.835028,44.06,10203.55,RED
569616,18.501757,73.835028,44.06,4366.73,GREEN
569719,18.501757,73.835028,44.06,5521.89,GREEN
569822,18.501757,73.835028,44.06,1094.36,GREEN
569925,18.501757,73.835028,44.06,5531.35,GREEN
570028,18.501757,73.835028,44.58,6812.12,GREEN
570129,18.501757,73.835028,44.58,3323.40,GREEN
570231,18.501757,73.835028,44.58,8084.16,YELLOW
570332,18.501757,73.835028,44.58,12725.44,RED
570435,18.501873,73.835047,44.58,10640.81,RED
570538,18.501873,73.835047,44.58,6169.57,GREEN
570641,18.501873,73.835047,44.58,2442.97,GREEN
570744,18.501873,73.835047,44.58,11109.68,RED
570847,18.501873,73.835047,44.58,4109.79,GREEN
570950,18.501873,73.835047,44.21,2499.99,GREEN
571053,18.501873,73.835047,44.21,7011.46,YELLOW
571154,18.501873,73.835047,44.21,7790.67,YELLOW
571255,18.501873,73.835047,44.21,5282.10,GREEN
571356,18.501873,73.835047,44.21,6060.95,GREEN
571460,18.501980,73.835067,44.21,3978.90,GREEN
571563,18.501980,73.835067,44.21,4619.25,GREEN
571666,18.501980,73.835067,44.21,3672.37,GREEN
571769,18.501980,73.835067,44.21,12267.09,RED
571872,18.501980,73.835067,44.21,10583.30,RED
571975,18.501980,73.835067,42.36,6232.53,GREEN
572077,18.501980,73.835067,42.36,4121.84,GREEN
572179,18.501980,73.835067,42.36,5914.60,GREEN
572280,18.501980,73.835067,42.36,8960.20,YELLOW
572382,18.501980,73.835067,42.36,6174.32,GREEN
572485,18.502082,73.835085,42.36,3982.31,GREEN
572588,18.502082,73.835085,42.36,11841.01,RED
572691,18.502082,73.835085,42.36,6953.93,GREEN
572794,18.502082,73.835085,42.36,8013.33,YELLOW
572897,18.502082,73.835085,42.36,7912.35,YELLOW
573000,18.502082,73.835085,41.78,6426.21,GREEN
573102,18.502082,73.835085,41.78,7856.19,YELLOW
573203,18.502082,73.835085,41.78,3671.68,GREEN
573304,18.502082,73.835085,41.78,5440.92,GREEN
573406,18.502082,73.835085,41.78,6641.20,GREEN
573509,18.502183,73.835102,41.78,4162.63,GREEN
573612,18.502183,73.835102,41.78,1485.41,GREEN
573715,18.502183,73.835102,41.78,3609.04,GREEN
573818,18.502183,73.835102,41.78,1486.24,GREEN
573921,18.502183,73.835102,41.78,6823.71,GREEN
574024,18.502183,73.835102,40.73,5197.04,GREEN
574126,18.502183,73.835102,40.73,7286.61,YELLOW
574227,18.502183,73.835102,40.73,2120.31,GREEN
574328,18.502183,73.835102,40.73,4759.75,GREEN
574431,18.502282,73.835117,40.73,6534.21,GREEN
574534,18.502282,73.835117,40.73,3038.63,GREEN
574637,18.502282,73.835117,40.73,11209.44,RED
574740,18.502282,73.835117,40.73,10220.63,RED
574843,18.502282,73.835117,40.73,4919.46,GREEN
574946,18.502282,73.835117,39.93,7070.72,YELLOW
575049,18.502282,73.835117,39.93,9368.84,YELLOW
575150,18.502282,73.835117,39.93,1011.03,GREEN
575251,18.502282,73.835117,39.93,7136.92,YELLOW
575352,18.502282,73.835117,39.93,4555.12,GREEN
575455,18.502378,73.835130,39.93,2283.74,GREEN
575558,18.502378,73.835130,39.93,6809.78,GREEN
575661,18.502378,73.835130,39.93,4898.98,GREEN
575764,18.502378,73.835130,39.93,2953.94,GREEN
575867,18.502378,73.835130,39.93,2893.39,GREEN
575970,18.502378,73.835130,38.65,9770.05,YELLOW
576073,18.502378,73.835130,38.65,8669.97,YELLOW
576174,18.502378,73.835130,38.65,11710.76,RED
576275,18.502378,73.835130,38.65,14272.29,RED
576377,18.502378,73.835130,38.65,10225.84,RED
576480,18.502467,73.835138,38.65,8153.14,YELLOW
576583,18.502467,73.835138,38.65,7938.11,YELLOW
576686,18.502467,73.835138,38.65,7213.78,YELLOW
576789,18.502467,73.835138,38.65,9154.92,YELLOW
576892,18.502467,73.835138,38.65,7689.37,YELLOW
576995,18.502467,73.835138,37.00,6483.36,GREEN
577097,18.502467,73.835138,37.00,14640.88,RED
577198,18.502467,73.835138,37.00,5108.50,GREEN
577299,18.502467,73.835138,37.00,6927.24,GREEN
577401,18.502467,73.835138,37.00,8480.16,YELLOW
577504,18.502553,73.835140,37.00,7812.15,YELLOW
577607,18.502553,73.835140,37.00,6269.41,GREEN
577710,18.502553,73.835140,37.00,3484.51,GREEN
577813,18.502553,73.835140,37.00,1545.64,GREEN
577916,18.502553,73.835140,37.00,2799.10,GREEN
578019,18.502553,73.835140,34.43,1021.08,GREEN
578121,18.502553,73.835140,34.43,9124.21,YELLOW
578222,18.502553,73.835140,34.43,6897.25,GREEN
578323,18.502553,73.835140,34.43,0.00,GREEN
578426,18.502628,73.835143,34.43,2194.35,GREEN
578529,18.502628,73.835143,34.43,536.45,GREEN
578632,18.502628,73.835143,34.43,855.19,GREEN
578735,18.502628,73.835143,34.43,857.20,GREEN
578838,18.502628,73.835143,34.43,770.70,GREEN
578941,18.502628,73.835143,34.43,3247.05,GREEN
579044,18.502628,73.835143,30.17,3166.97,GREEN
579145,18.502628,73.835143,30.17,2953.95,GREEN
579246,18.502628,73.835143,30.17,2347.57,GREEN
579347,18.502628,73.835143,30.17,815.42,GREEN
579450,18.502688,73.835145,30.17,3507.87,GREEN
579553,18.502688,73.835145,30.17,717.65,GREEN
579656,18.502688,73.835145,30.17,1133.99,GREEN
579759,18.502688,73.835145,30.17,1567.70,GREEN
579862,18.502688,73.835145,30.17,496.30,GREEN
579965,18.502688,73.835145,23.82,1114.30,GREEN
580068,18.502688,73.835145,23.82,1179.40,GREEN
580169,18.502688,73.835145,23.82,2210.12,GREEN
580270,18.502688,73.835145,23.82,2563.02,GREEN
580372,18.502688,73.835145,23.82,2111.32,GREEN
580475,18.502733,73.835142,23.82,1523.98,GREEN
580578,18.502733,73.835142,23.82,1251.24,GREEN
580681,18.502733,73.835142,23.82,2362.42,GREEN
580784,18.502733,73.835142,23.82,1420.96,GREEN
580887,18.502733,73.835142,23.82,1532.09,GREEN
580990,18.502733,73.835142,18.02,0.00,GREEN
581092,18.502733,73.835142,18.02,0.00,GREEN
581193,18.502733,73.835142,18.02,715.73,GREEN
581294,18.502733,73.835142,18.02,3209.98,GREEN
581397,18.502760,73.835140,18.02,2067.15,GREEN
581500,18.502760,73.835140,18.02,2118.20,GREEN
581603,18.502760,73.835140,18.02,97.13,GREEN
581706,18.502760,73.835140,18.02,21.21,GREEN
581809,18.502760,73.835140,18.02,1018.26,GREEN
581912,18.502760,73.835140,18.02,1464.99,GREEN
582015,18.502760,73.835140,11.35,942.51,GREEN
582116,18.502760,73.835140,11.35,1095.45,GREEN
582217,18.502760,73.835140,11.35,1348.76,GREEN
582318,18.502760,73.835140,11.35,1414.44,GREEN
582421,18.502777,73.835142,11.35,1391.34,GREEN
582524,18.502777,73.835142,11.35,2534.71,GREEN
582627,18.502777,73.835142,11.35,3666.86,GREEN
582730,18.502777,73.835142,11.35,1747.67,GREEN
582833,18.502777,73.835142,11.35,0.00,GREEN
582936,18.502777,73.835142,6.87,382.51,GREEN
583039,18.502777,73.835142,6.87,709.30,GREEN
583140,18.502777,73.835142,6.87,0.00,GREEN
583241,18.502777,73.835142,6.87,645.70,GREEN
583342,18.502777,73.835142,6.87,699.58,GREEN
583446,18.502785,73.835143,6.87,356.34,GREEN
583549,18.502785,73.835143,6.87,0.00,GREEN
583652,18.502785,73.835143,6.87,1086.95,GREEN
583755,18.502785,73.835143,6.87,684.86,GREEN
583858,18.502785,73.835143,6.87,1189.20,GREEN
583961,18.502785,73.835143,4.35,526.65,GREEN
584063,18.502785,73.835143,4.35,289.93,GREEN
584164,18.502785,73.835143,4.35,1493.02,GREEN
584265,18.502785,73.835143,4.35,462.92,GREEN
584366,18.502785,73.835143,4.35,722.66,GREEN
584470,18.502793,73.835147,4.35,257.27,GREEN
584573,18.502793,73.835147,4.35,668.97,GREEN
584676,18.502793,73.835147,4.35,0.00,GREEN
584779,18.502793,73.835147,4.35,462.39,GREEN
584882,18.502793,73.835147,4.35,1025.58,GREEN
584985,18.502793,73.835147,3.57,1016.46,GREEN
585087,18.502793,73.835147,3.57,51.54,GREEN
585188,18.502793,73.835147,3.57,187.95,GREEN
585289,18.502793,73.835147,3.57,1000.05,GREEN
585391,18.502793,73.835147,3.57,0.00,GREEN
585494,18.502797,73.835148,3.57,986.75,GREEN
585597,18.502797,73.835148,3.57,2485.13,GREEN
585700,18.502797,73.835148,3.57,1476.94,GREEN
585803,18.502797,73.835148,3.57,2501.41,GREEN
585906,18.502797,73.835148,3.57,4028.16,GREEN
586009,18.502797,73.835148,1.67,4861.74,GREEN
586111,18.502797,73.835148,1.67,4929.92,GREEN
586212,18.502797,73.835148,1.67,4189.13,GREEN
586313,18.502797,73.835148,1.67,2462.91,GREEN
586416,18.502798,73.835155,1.67,251.81,GREEN
586519,18.502798,73.835155,1.67,1944.60,GREEN
586622,18.502798,73.835155,1.67,1409.55,GREEN
586725,18.502798,73.835155,1.67,0.00,GREEN
586828,18.502798,73.835155,1.67,1244.39,GREEN
586931,18.502798,73.835155,1.67,378.03,GREEN
587034,18.502798,73.835155,2.69,691.25,GREEN
587135,18.502798,73.835155,2.69,2020.66,GREEN
587236,18.502798,73.835155,2.69,917.62,GREEN
587337,18.502798,73.835155,2.69,0.00,GREEN
587440,18.502798,73.835158,2.69,1445.61,GREEN
587543,18.502798,73.835158,2.69,1455.22,GREEN
587646,18.502798,73.835158,2.69,520.00,GREEN
587749,18.502798,73.835158,2.69,2748.90,GREEN
587852,18.502798,73.835158,2.69,908.35,GREEN
587955,18.502798,73.835158,1.78,1181.00,GREEN
588058,18.502798,73.835158,1.78,2295.15,GREEN
588159,18.502798,73.835158,1.78,1657.74,GREEN
588260,18.502798,73.835158,1.78,947.82,GREEN
588361,18.502798,73.835158,1.78,1331.90,GREEN
588465,18.502800,73.835162,1.78,55.97,GREEN
588568,18.502800,73.835162,1.78,3469.67,GREEN
588671,18.502800,73.835162,1.78,480.77,GREEN
588774,18.502800,73.835162,1.78,670.46,GREEN
588877,18.502800,73.835162,1.78,2368.89,GREEN
588980,18.502800,73.835162,1.93,1780.31,GREEN
589082,18.502800,73.835162,1.93,505.48,GREEN
589183,18.502800,73.835162,1.93,804.81,GREEN
589284,18.502800,73.835162,1.93,1062.00,GREEN
589386,18.502800,73.835162,1.93,506.50,GREEN
589489,18.502805,73.835170,1.93,671.78,GREEN
589592,18.502805,73.835170,1.93,0.00,GREEN
589695,18.502805,73.835170,1.93,1005.40,GREEN
589798,18.502805,73.835170,1.93,1683.83,GREEN
589901,18.502805,73.835170,1.93,2188.85,GREEN
590004,18.502805,73.835170,4.04,1835.87,GREEN
590106,18.502805,73.835170,4.04,448.59,GREEN
590207,18.502805,73.835170,4.04,1980.65,GREEN
590308,18.502805,73.835170,4.04,1003.67,GREEN
590410,18.502802,73.835178,4.04,902.26,GREEN
590514,18.502802,73.835178,4.04,1486.87,GREEN
590617,18.502802,73.835178,4.04,0.00,GREEN
590720,18.502802,73.835178,4.04,886.10,GREEN
590823,18.502802,73.835178,4.04,871.65,GREEN
590926,18.502802,73.835178,4.04,0.00,GREEN
591029,18.502802,73.835178,3.96,2252.39,GREEN
591130,18.502802,73.835178,3.96,1116.81,GREEN
591231,18.502802,73.835178,3.96,509.24,GREEN
591332,18.502802,73.835178,3.96,74.11,GREEN
591435,18.502795,73.835185,3.96,0.00,GREEN
591538,18.502795,73.835185,3.96,318.33,GREEN
591641,18.502795,73.835185,3.96,303.66,GREEN
591744,18.502795,73.835185,3.96,1224.29,GREEN
591847,18.502795,73.835185,3.96,1167.94,GREEN
591950,18.502795,73.835185,3.04,0.00,GREEN
592053,18.502795,73.835185,3.04,1508.92,GREEN
592154,18.502795,73.835185,3.04,198.77,GREEN
592255,18.502795,73.835185,3.04,501.19,GREEN
592356,18.502795,73.835185,3.04,99.29,GREEN
592459,18.502793,73.835198,3.04,1590.89,GREEN
592562,18.502793,73.835198,3.04,2044.82,GREEN
592665,18.502793,73.835198,3.04,2158.83,GREEN
592768,18.502793,73.835198,3.04,2631.93,GREEN
592871,18.502793,73.835198,3.04,2381.83,GREEN
592974,18.502793,73.835198,3.04,418.47,GREEN
593077,18.502793,73.835198,4.50,729.84,GREEN
593178,18.502793,73.835198,4.50,0.00,GREEN
593279,18.502793,73.835198,4.50,0.00,GREEN
593381,18.502793,73.835198,4.50,485.67,GREEN
593484,18.502787,73.835212,4.50,0.00,GREEN
593587,18.502787,73.835212,4.50,0.00,GREEN
593690,18.502787,73.835212,4.50,461.40,GREEN
593793,18.502787,73.835212,4.50,444.13,GREEN
593896,18.502787,73.835212,4.50,576.35,GREEN
593999,18.502787,73.835212,4.48,887.46,GREEN
594101,18.502787,73.835212,4.48,386.39,GREEN
594202,18.502787,73.835212,4.48,1043.37,GREEN
594303,18.502787,73.835212,4.48,315.86,GREEN
594405,18.502778,73.835215,4.48,0.00,GREEN
594509,18.502778,73.835215,4.48,0.00,GREEN
594612,18.502778,73.835215,4.48,413.25,GREEN
594715,18.502778,73.835215,4.48,0.00,GREEN
594818,18.502778,73.835215,4.48,558.61,GREEN
594921,18.502778,73.835215,4.48,0.00,GREEN
595024,18.502778,73.835215,2.15,0.00,GREEN
595125,18.502778,73.835215,2.15,0.00,GREEN
595227,18.502778,73.835215,2.15,0.00,GREEN
595328,18.502778,73.835215,2.15,530.54,GREEN
595430,18.502778,73.835215,2.15,0.00,GREEN
595533,18.502767,73.835208,2.15,1.83,GREEN
595636,18.502767,73.835208,2.15,0.00,GREEN
595739,18.502767,73.835208,2.15,0.00,GREEN
595842,18.502767,73.835208,2.15,0.00,GREEN
595945,18.502767,73.835208,2.15,9.23,GREEN
596048,18.502767,73.835208,4.78,0.00,GREEN
596150,18.502767,73.835208,4.78,0.00,GREEN
596251,18.502767,73.835208,4.78,0.00,GREEN
596352,18.502767,73.835208,4.78,53.43,GREEN
596455,18.502765,73.835202,4.78,268.42,GREEN
596558,18.502765,73.835202,4.78,0.00,GREEN
596661,18.502765,73.835202,4.78,263.79,GREEN
596764,18.502765,73.835202,4.78,336.32,GREEN
596867,18.502765,73.835202,4.78,0.00,GREEN
596970,18.502765,73.835202,1.52,0.00,GREEN
597072,18.502765,73.835202,1.52,1779.01,GREEN
597174,18.502765,73.835202,1.52,1764.52,GREEN
597275,18.502765,73.835202,1.52,896.58,GREEN
597377,18.502765,73.835202,1.52,83.56,GREEN
597480,18.502763,73.835200,1.52,210.32,GREEN
597583,18.502763,73.835200,1.52,0.00,GREEN
597686,18.502763,73.835200,1.52,0.00,GREEN
597789,18.502763,73.835200,1.52,0.00,GREEN
597892,18.502763,73.835200,1.52,286.31,GREEN
597995,18.502763,73.835200,0.00,0.00,GREEN
598096,18.502763,73.835200,0.00,122.03,GREEN
598198,18.502763,73.835200,0.00,0.00,GREEN
598299,18.502763,73.835200,0.00,0.00,GREEN
598402,18.502760,73.835200,0.00,0.00,GREEN
598505,18.502760,73.835200,0.00,0.00,GREEN
598608,18.502760,73.835200,0.00,406.87,GREEN
598711,18.502760,73.835200,0.00,2.37,GREEN
598814,18.502760,73.835200,0.00,567.86,GREEN
598917,18.502760,73.835200,0.00,694.03,GREEN
599020,18.502760,73.835200,0.00,140.89,GREEN
599121,18.502760,73.835200,0.00,241.60,GREEN
599222,18.502760,73.835200,0.00,123.85,GREEN
599323,18.502760,73.835200,0.00,0.00,GREEN
599426,18.502760,73.835198,0.00,0.00,GREEN
599529,18.502760,73.835198,0.00,384.54,GREEN
599632,18.502760,73.835198,0.00,80.84,GREEN
599735,18.502760,73.835198,0.00,0.00,GREEN
599838,18.502760,73.835198,0.00,0.00,GREEN
599941,18.502760,73.835198,0.00,1012.10,GREEN
600043,18.502760,73.835198,0.00,1168.21,GREEN
600145,18.502760,73.835198,0.00,0.00,GREEN
600246,18.502760,73.835198,0.00,29.14,GREEN
600347,18.502760,73.835198,0.00,161.71,GREEN
600451,18.502760,73.835195,0.00,0.00,GREEN
600554,18.502760,73.835195,0.00,233.08,GREEN
600657,18.502760,73.835195,0.00,377.86,GREEN
600760,18.502760,73.835195,0.00,0.00,GREEN
600863,18.502760,73.835195,0.00,0.00,GREEN
600966,18.502760,73.835195,1.94,0.00,GREEN
601068,18.502760,73.835195,1.94,0.00,GREEN
601169,18.502760,73.835195,1.94,486.04,GREEN
601270,18.502760,73.835195,1.94,1631.42,GREEN
601372,18.502760,73.835195,1.94,1279.24,GREEN
601475,18.502758,73.835183,1.94,2587.47,GREEN
601578,18.502758,73.835183,1.94,937.41,GREEN
601681,18.502758,73.835183,1.94,510.47,GREEN
601784,18.502758,73.835183,1.94,1282.25,GREEN
601887,18.502758,73.835183,1.94,0.00,GREEN
601990,18.502758,73.835183,3.41,1663.90,GREEN
602091,18.502758,73.835183,3.41,2352.55,GREEN
602193,18.502758,73.835183,3.41,21.07,GREEN
602294,18.502758,73.835183,3.41,0.00,GREEN
602396,18.502758,73.835183,3.41,341.97,GREEN
602499,18.502757,73.835180,3.41,1528.60,GREEN
602602,18.502757,73.835180,3.41,979.43,GREEN
602705,18.502757,73.835180,3.41,104.33,GREEN
602808,18.502757,73.835180,3.41,308.75,GREEN
602911,18.502757,73.835180,3.41,0.00,GREEN
603014,18.502757,73.835180,1.52,182.68,GREEN
603115,18.502757,73.835180,1.52,1122.69,GREEN
603217,18.502757,73.835180,1.52,0.00,GREEN
603318,18.502757,73.835180,1.52,0.00,GREEN
603421,18.502757,73.835182,1.52,371.16,GREEN
603524,18.502757,73.835182,1.52,0.00,GREEN
603627,18.502757,73.835182,1.52,0.00,GREEN
603730,18.502757,73.835182,1.52,551.09,GREEN
603833,18.502757,73.835182,1.52,0.00,GREEN
603936,18.502757,73.835182,1.89,637.56,GREEN
604039,18.502757,73.835182,1.89,468.54,GREEN
604140,18.502757,73.835182,1.89,0.00,GREEN
604241,18.502757,73.835182,1.89,0.00,GREEN
604342,18.502757,73.835182,1.89,0.00,GREEN
604445,18.502752,73.835185,1.89,779.74,GREEN
604548,18.502752,73.835185,1.89,0.00,GREEN
604651,18.502752,73.835185,1.89,2409.59,GREEN
604754,18.502752,73.835185,1.89,1832.52,GREEN
604857,18.502752,73.835185,1.89,341.46,GREEN
604960,18.502752,73.835185,0.91,453.66,GREEN
605063,18.502752,73.835185,0.91,789.10,GREEN
605164,18.502752,73.835185,0.91,0.00,GREEN
605265,18.502752,73.835185,0.91,2003.72,GREEN
605366,18.502752,73.835185,0.91,378.81,GREEN
605470,18.502745,73.835185,0.91,2064.68,GREEN
605573,18.502745,73.835185,0.91,614.61,GREEN
605676,18.502745,73.835185,0.91,0.00,GREEN
605779,18.502745,73.835185,0.91,633.79,GREEN
605882,18.502745,73.835185,0.91,119.52,GREEN
605985,18.502745,73.835185,2.30,770.28,GREEN
606087,18.502745,73.835185,2.30,489.92,GREEN
606188,18.502745,73.835185,2.30,0.00,GREEN
606289,18.502745,73.835185,2.30,0.00,GREEN
606391,18.502745,73.835185,2.30,0.00,GREEN
606494,18.502737,73.835183,2.30,686.26,GREEN
606597,18.502737,73.835183,2.30,0.00,GREEN
606700,18.502737,73.835183,2.30,877.78,GREEN
606803,18.502737,73.835183,2.30,0.00,GREEN
606906,18.502737,73.835183,2.30,0.00,GREEN
607009,18.502737,73.835183,3.07,389.66,GREEN
607111,18.502737,73.835183,3.07,1765.71,GREEN
607212,18.502737,73.835183,3.07,593.84,GREEN
607313,18.502737,73.835183,3.07,535.80,GREEN
607416,18.502727,73.835180,3.07,151.19,GREEN
607519,18.502727,73.835180,3.07,0.00,GREEN
607622,18.502727,73.835180,3.07,308.54,GREEN
607725,18.502727,73.835180,3.07,41.94,GREEN
607828,18.502727,73.835180,3.07,424.79,GREEN
607931,18.502727,73.835180,3.07,3780.29,GREEN
608034,18.502727,73.835180,3.41,1690.78,GREEN
608135,18.502727,73.835180,3.41,2656.23,GREEN
608236,18.502727,73.835180,3.41,4073.85,GREEN
608337,18.502727,73.835180,3.41,5330.09,GREEN
608440,18.502712,73.835172,3.41,4362.99,GREEN
608543,18.502712,73.835172,3.41,0.00,GREEN
608646,18.502712,73.835172,3.41,4246.70,GREEN
608749,18.502712,73.835172,3.41,0.00,GREEN
608852,18.502712,73.835172,3.41,11475.20,RED
608955,18.502712,73.835172,7.56,9570.60,YELLOW
609058,18.502712,73.835172,7.56,3645.90,GREEN
609159,18.502712,73.835172,7.56,5654.75,GREEN
609260,18.502712,73.835172,7.56,1155.04,GREEN
609361,18.502712,73.835172,7.56,3385.63,GREEN
609465,18.502695,73.835165,7.56,7405.77,YELLOW
609568,18.502695,73.835165,7.56,6892.70,GREEN
609671,18.502695,73.835165,7.56,8529.40,YELLOW
609774,18.502695,73.835165,7.56,4904.99,GREEN
609877,18.502695,73.835165,7.56,8705.28,YELLOW
609980,18.502695,73.835165,6.63,8010.27,YELLOW
610082,18.502695,73.835165,6.63,3546.14,GREEN
610183,18.502695,73.835165,6.63,4826.48,GREEN
610284,18.502695,73.835165,6.63,2580.79,GREEN
610386,18.502695,73.835165,6.63,1865.39,GREEN
610489,18.502677,73.835157,6.63,6872.87,GREEN
610592,18.502677,73.835157,6.63,6798.49,GREEN
610695,18.502677,73.835157,6.63,10126.54,RED
610798,18.502677,73.835157,6.63,5812.23,GREEN
610901,18.502677,73.835157,6.63,4131.34,GREEN
611004,18.502677,73.835157,8.67,5129.76,GREEN
611106,18.502677,73.835157,8.67,5827.24,GREEN
611207,18.502677,73.835157,8.67,3530.75,GREEN
611308,18.502677,73.835157,8.67,4654.52,GREEN
611410,18.502652,73.835155,8.67,531.67,GREEN
611514,18.502652,73.835155,8.67,5816.34,GREEN
611617,18.502652,73.835155,8.67,5649.56,GREEN
611720,18.502652,73.835155,8.67,1824.81,GREEN
611823,18.502652,73.835155,8.67,7753.45,YELLOW
611926,18.502652,73.835155,8.67,200.35,GREEN
612029,18.502652,73.835155,10.41,4821.53,GREEN
612130,18.502652,73.835155,10.41,5566.90,GREEN
612231,18.502652,73.835155,10.41,6836.82,GREEN
612332,18.502652,73.835155,10.41,2180.26,GREEN
612435,18.502628,73.835155,10.41,1072.10,GREEN
612538,18.502628,73.835155,10.41,1545.35,GREEN
612641,18.502628,73.835155,10.41,866.05,GREEN
612744,18.502628,73.835155,10.41,4123.91,GREEN
612847,18.502628,73.835155,10.41,2974.93,GREEN
612950,18.502628,73.835155,11.41,0.00,GREEN
613053,18.502628,73.835155,11.41,1021.65,GREEN
613154,18.502628,73.835155,11.41,690.92,GREEN
613255,18.502628,73.835155,11.41,361.80,GREEN
613356,18.502628,73.835155,11.41,248.24,GREEN
613460,18.502600,73.835153,11.41,4945.03,GREEN
613563,18.502600,73.835153,11.41,3254.81,GREEN
613666,18.502600,73.835153,11.41,341.36,GREEN
613769,18.502600,73.835153,11.41,5003.38,GREEN
613872,18.502600,73.835153,11.41,1604.87,GREEN
613975,18.502600,73.835153,11.78,2239.20,GREEN
614077,18.502600,73.835153,11.78,772.51,GREEN
614179,18.502600,73.835153,11.78,877.09,GREEN
614280,18.502600,73.835153,11.78,1803.88,GREEN
614382,18.502600,73.835153,11.78,1083.04,GREEN
614485,18.502570,73.835152,11.78,12016.65,RED
614588,18.502570,73.835152,11.78,2204.33,GREEN
614691,18.502570,73.835152,11.78,11506.43,RED
614794,18.502570,73.835152,11.78,10615.71,RED
614897,18.502570,73.835152,11.78,7598.04,YELLOW
615000,18.502570,73.835152,13.00,9286.95,YELLOW
615102,18.502570,73.835152,13.00,17342.70,RED
615203,18.502570,73.835152,13.00,13441.11,RED
615304,18.502570,73.835152,13.00,3450.75,GREEN
615406,18.502538,73.835155,13.00,5456.29,GREEN
615510,18.502538,73.835155,13.00,1469.59,GREEN
615613,18.502538,73.835155,13.00,5548.07,GREEN
615716,18.502538,73.835155,13.00,2432.14,GREEN
615819,18.502538,73.835155,13.00,2844.46,GREEN
615922,18.502538,73.835155,13.00,3624.45,GREEN
616025,18.502538,73.835155,14.15,1502.13,GREEN
616126,18.502538,73.835155,14.15,4013.95,GREEN
616228,18.502538,73.835155,14.15,4521.15,GREEN
616329,18.502538,73.835155,14.15,6925.66,GREEN
616432,18.502498,73.835153,14.15,4351.72,GREEN
616535,18.502498,73.835153,14.15,6582.25,GREEN
616638,18.502498,73.835153,14.15,2561.35,GREEN
616741,18.502498,73.835153,14.15,3560.81,GREEN
616844,18.502498,73.835153,14.15,2603.02,GREEN
616947,18.502498,73.835153,17.61,4686.99,GREEN
617050,18.502498,73.835153,17.61,1642.57,GREEN
617151,18.502498,73.835153,17.61,7634.18,YELLOW
617252,18.502498,73.835153,17.61,5208.17,GREEN
617353,18.502498,73.835153,17.61,1537.06,GREEN
617456,18.502452,73.835147,17.61,1930.34,GREEN
617559,18.502452,73.835147,17.61,3090.11,GREEN
617662,18.502452,73.835147,17.61,575.31,GREEN
617765,18.502452,73.835147,17.61,1902.93,GREEN
617868,18.502452,73.835147,17.61,2005.83,GREEN
617971,18.502452,73.835147,19.46,1090.49,GREEN
618073,18.502452,73.835147,19.46,3129.46,GREEN
618175,18.502452,73.835147,19.46,491.31,GREEN
618276,18.502452,73.835147,19.46,6198.12,GREEN
618378,18.502452,73.835147,19.46,5581.49,GREEN
618481,18.502402,73.835137,19.46,9352.74,YELLOW
618584,18.502402,73.835137,19.46,7057.92,YELLOW
618687,18.502402,73.835137,19.46,12699.80,RED
618790,18.502402,73.835137,19.46,3275.43,GREEN
618893,18.502402,73.835137,19.46,2764.00,GREEN
618996,18.502402,73.835137,20.15,2035.64,GREEN
619098,18.502402,73.835137,20.15,6906.10,GREEN
619199,18.502402,73.835137,20.15,6712.38,GREEN
619300,18.502402,73.835137,20.15,3333.85,GREEN
619402,18.502402,73.835137,20.15,3322.64,GREEN
619506,18.502348,73.835123,20.15,154.92,GREEN
619609,18.502348,73.835123,20.15,2691.40,GREEN
619712,18.502348,73.835123,20.15,3180.24,GREEN
619815,18.502348,73.835123,20.15,11567.17,RED
619918,18.502348,73.835123,20.15,5779.75,GREEN
620021,18.502348,73.835123,21.63,12971.61,RED
620122,18.502348,73.835123,21.63,10785.40,RED
620224,18.502348,73.835123,21.63,6636.40,GREEN
620325,18.502348,73.835123,21.63,2020.64,GREEN
620428,18.502295,73.835115,21.63,15716.97,RED
620531,18.502295,73.835115,21.63,8992.33,YELLOW
620634,18.502295,73.835115,21.63,5984.23,GREEN
620737,18.502295,73.835115,21.63,10504.85,RED
620840,18.502295,73.835115,21.63,15553.72,RED
620943,18.502295,73.835115,21.91,8753.86,YELLOW
621046,18.502295,73.835115,21.91,5657.78,GREEN
621147,18.502295,73.835115,21.91,2965.38,GREEN
621248,18.502295,73.835115,21.91,9131.21,YELLOW
621349,18.502295,73.835115,21.91,6882.88,GREEN
621452,18.502238,73.835107,21.91,11845.83,RED
621555,18.502238,73.835107,21.91,13350.00,RED
621658,18.502238,73.835107,21.91,2584.54,GREEN
621761,18.502238,73.835107,21.91,17953.04,RED
621864,18.502238,73.835107,21.91,12399.33,RED
621967,18.502238,73.835107,22.82,10886.31,RED
622070,18.502238,73.835107,22.82,11371.01,RED
622171,18.502238,73.835107,22.82,2837.81,GREEN
622272,18.502238,73.835107,22.82,8064.56,YELLOW
622374,18.502238,73.835107,22.82,5591.68,GREEN
622477,18.502180,73.835098,22.82,10670.72,RED
622580,18.502180,73.835098,22.82,5550.23,GREEN
622683,18.502180,73.835098,22.82,5356.96,GREEN
622786,18.502180,73.835098,22.82,1959.54,GREEN
622889,18.502180,73.835098,22.82,3080.45,GREEN
622992,18.502180,73.835098,23.67,6920.90,GREEN
623094,18.502180,73.835098,23.67,3560.24,GREEN
623195,18.502180,73.835098,23.67,5743.11,GREEN
623296,18.502180,73.835098,23.67,8933.92,YELLOW
623398,18.502180,73.835098,23.67,5998.08,GREEN
623501,18.502120,73.835097,23.67,1914.68,GREEN
623604,18.502120,73.835097,23.67,7130.11,YELLOW
623707,18.502120,73.835097,23.67,2619.13,GREEN
623810,18.502120,73.835097,23.67,3597.81,GREEN
623913,18.502120,73.835097,23.67,203.04,GREEN
624016,18.502120,73.835097,25.85,3710.88,GREEN
624118,18.502120,73.835097,25.85,6576.15,GREEN
624219,18.502120,73.835097,25.85,1278.85,GREEN
624320,18.502120,73.835097,25.85,7849.12,YELLOW
624423,18.502055,73.835093,25.85,6599.11,GREEN
624526,18.502055,73.835093,25.85,7070.65,YELLOW
624629,18.502055,73.835093,25.85,6784.09,GREEN
624732,18.502055,73.835093,25.85,8897.38,YELLOW
624835,18.502055,73.835093,25.85,8001.89,YELLOW
624938,18.502055,73.835093,25.85,5356.60,GREEN
625041,18.502055,73.835093,26.98,11547.35,RED
625142,18.502055,73.835093,26.98,1361.97,GREEN
625243,18.502055,73.835093,26.98,6497.37,GREEN
625344,18.502055,73.835093,26.98,9041.51,YELLOW
625445,18.502055,73.835093,26.98,12017.91,RED
625549,18.501982,73.835110,26.98,3684.01,GREEN
625652,18.501982,73.835110,26.98,4791.75,GREEN
625755,18.501982,73.835110,26.98,2830.69,GREEN
625858,18.501982,73.835110,26.98,6352.77,GREEN
625961,18.501982,73.835110,26.98,8131.21,YELLOW
626064,18.501982,73.835110,27.28,3454.12,GREEN
626166,18.501982,73.835110,27.28,4632.17,GREEN
626267,18.501982,73.835110,27.28,6663.61,GREEN
626369,18.501982,73.835110,27.28,4491.05,GREEN
626472,18.501907,73.835100,27.28,9740.86,YELLOW
626575,18.501907,73.835100,27.28,4680.30,GREEN
626678,18.501907,73.835100,27.28,583.47,GREEN
626781,18.501907,73.835100,27.28,2172.14,GREEN
626884,18.501907,73.835100,27.28,1866.97,GREEN
626987,18.501907,73.835100,29.17,3329.24,GREEN
627089,18.501907,73.835100,29.17,4275.56,GREEN
627190,18.501907,73.835100,29.17,5096.70,GREEN
627291,18.501907,73.835100,29.17,5860.70,GREEN
627393,18.501907,73.835100,29.17,4653.42,GREEN
627496,18.501832,73.835090,29.17,2152.13,GREEN
627599,18.501832,73.835090,29.17,6949.69,GREEN
627702,18.501832,73.835090,29.17,3576.62,GREEN
627805,18.501832,73.835090,29.17,7247.51,YELLOW
627908,18.501832,73.835090,29.17,5756.87,GREEN
628011,18.501832,73.835090,29.87,10309.27,RED
628113,18.501832,73.835090,29.87,8750.92,YELLOW
628214,18.501832,73.835090,29.87,425.92,GREEN
628315,18.501832,73.835090,29.87,868.53,GREEN
628418,18.501755,73.835083,29.87,727.46,GREEN
628521,18.501755,73.835083,29.87,2716.13,GREEN
628624,18.501755,73.835083,29.87,7427.02,YELLOW
628727,18.501755,73.835083,29.87,8549.24,YELLOW
628830,18.501755,73.835083,29.87,1100.27,GREEN
628933,18.501755,73.835083,29.87,5452.57,GREEN
629036,18.501755,73.835083,30.87,5410.70,GREEN
629137,18.501755,73.835083,30.87,1689.61,GREEN
629238,18.501755,73.835083,30.87,2428.19,GREEN
629339,18.501755,73.835083,30.87,4503.26,GREEN
629442,18.501677,73.835072,30.87,6414.80,GREEN
629545,18.501677,73.835072,30.87,12159.40,RED
629648,18.501677,73.835072,30.87,8843.95,YELLOW
629751,18.501677,73.835072,30.87,4739.32,GREEN
629854,18.501677,73.835072,30.87,12178.36,RED
629957,18.501677,73.835072,32.06,5259.59,GREEN
630060,18.501677,73.835072,32.06,5837.13,GREEN
630161,18.501677,73.835072,32.06,8444.75,YELLOW
630262,18.501677,73.835072,32.06,8046.47,YELLOW
630363,18.501677,73.835072,32.06,6553.89,GREEN
630467,18.501597,73.835057,32.06,9934.77,YELLOW
630570,18.501597,73.835057,32.06,10045.11,RED
630673,18.501597,73.835057,32.06,8453.29,YELLOW
630776,18.501597,73.835057,32.06,18438.23,RED
630879,18.501597,73.835057,32.06,7185.95,YELLOW
630982,18.501597,73.835057,32.80,6696.83,GREEN
631084,18.501597,73.835057,32.80,4045.13,GREEN
631186,18.501597,73.835057,32.80,9070.07,YELLOW
631287,18.501597,73.835057,32.80,1061.93,GREEN
631389,18.501597,73.835057,32.80,4331.72,GREEN
631492,18.501517,73.835037,32.80,6560.36,GREEN
631595,18.501517,73.835037,32.80,3620.28,GREEN
631698,18.501517,73.835037,32.80,5431.21,GREEN
631801,18.501517,73.835037,32.80,13433.77,RED
631904,18.501517,73.835037,32.80,7495.62,YELLOW
632007,18.501517,73.835037,33.24,0.00,GREEN
632109,18.501517,73.835037,33.24,4252.10,GREEN
632210,18.501517,73.835037,33.24,3768.69,GREEN
632311,18.501517,73.835037,33.24,7354.94,YELLOW
632413,18.501517,73.835037,33.24,5952.06,GREEN
632516,18.501433,73.835010,33.24,5855.38,GREEN
632619,18.501433,73.835010,33.24,4525.76,GREEN
632722,18.501433,73.835010,33.24,6612.34,GREEN
632825,18.501433,73.835010,33.24,6105.44,GREEN
632928,18.501433,73.835010,33.24,7609.77,YELLOW
633031,18.501433,73.835010,33.74,1200.42,GREEN
633133,18.501433,73.835010,33.74,2547.49,GREEN
633234,18.501433,73.835010,33.74,1507.25,GREEN
633335,18.501433,73.835010,33.74,6999.38,GREEN
633438,18.501352,73.834975,33.74,8542.23,YELLOW
633541,18.501352,73.834975,33.74,6927.21,GREEN
633644,18.501352,73.834975,33.74,3670.75,GREEN
633747,18.501352,73.834975,33.74,11815.67,RED
633850,18.501352,73.834975,33.74,11792.51,RED
633953,18.501352,73.834975,34.37,12083.12,RED
634056,18.501352,73.834975,34.37,1900.95,GREEN
634157,18.501352,73.834975,34.37,14373.02,RED
634258,18.501352,73.834975,34.37,1982.39,GREEN
634359,18.501352,73.834975,34.37,11639.49,RED
634463,18.501267,73.834955,34.37,6780.70,GREEN
634566,18.501267,73.834955,34.37,6829.30,GREEN
634669,18.501267,73.834955,34.37,8670.18,YELLOW
634772,18.501267,73.834955,34.37,8509.24,YELLOW
634875,18.501267,73.834955,34.37,23775.70,RED
634978,18.501267,73.834955,35.00,7945.58,YELLOW
635080,18.501267,73.834955,35.00,3790.93,GREEN
635182,18.501267,73.834955,35.00,1375.36,GREEN
635283,18.501267,73.834955,35.00,6492.86,GREEN
635385,18.501267,73.834955,35.00,8069.41,YELLOW
635488,18.501180,73.834925,35.00,3774.62,GREEN
635591,18.501180,73.834925,35.00,3941.99,GREEN
635694,18.501180,73.834925,35.00,7112.51,YELLOW
635797,18.501180,73.834925,35.00,9064.69,YELLOW
635900,18.501180,73.834925,35.00,6890.00,GREEN
636003,18.501180,73.834925,36.21,1845.94,GREEN
636105,18.501180,73.834925,36.21,1978.81,GREEN
636206,18.501180,73.834925,36.21,3709.21,GREEN
636307,18.501180,73.834925,36.21,17174.78,RED
636409,18.501092,73.834905,36.21,7251.79,YELLOW
636513,18.501092,73.834905,36.21,7791.39,YELLOW
636616,18.501092,73.834905,36.21,2068.18,GREEN
636719,18.501092,73.834905,36.21,3390.34,GREEN
636822,18.501092,73.834905,36.21,3022.93,GREEN
636925,18.501092,73.834905,36.21,2242.28,GREEN
637028,18.501092,73.834905,36.71,4747.12,GREEN
637129,18.501092,73.834905,36.71,2325.28,GREEN
637231,18.501092,73.834905,36.71,3544.52,GREEN
637332,18.501092,73.834905,36.71,3861.53,GREEN
637435,18.501002,73.834887,36.71,7631.23,YELLOW
637538,18.501002,73.834887,36.71,5607.41,GREEN
637641,18.501002,73.834887,36.71,2071.28,GREEN
637744,18.501002,73.834887,36.71,5381.68,GREEN
637847,18.501002,73.834887,36.71,11460.37,RED
637950,18.501002,73.834887,37.37,8082.41,YELLOW
638053,18.501002,73.834887,37.37,8835.25,YELLOW
638154,18.501002,73.834887,37.37,12603.98,RED
638255,18.501002,73.834887,37.37,5453.95,GREEN
638356,18.501002,73.834887,37.37,5771.86,GREEN
638460,18.500913,73.834862,37.37,6945.96,GREEN
638563,18.500913,73.834862,37.37,3516.77,GREEN
638666,18.500913,73.834862,37.37,3711.26,GREEN
638769,18.500913,73.834862,37.37,2391.81,GREEN
638872,18.500913,73.834862,37.37,991.05,GREEN
638975,18.500913,73.834862,37.47,6611.56,GREEN
639077,18.500913,73.834862,37.47,3706.63,GREEN
639179,18.500913,73.834862,37.47,6908.28,GREEN
639280,18.500913,73.834862,37.47,5366.10,GREEN
639382,18.500913,73.834862,37.47,6363.62,GREEN
639485,18.500823,73.834828,37.47,5568.02,GREEN
639588,18.500823,73.834828,37.47,2431.61,GREEN
639691,18.500823,73.834828,37.47,3094.38,GREEN
639794,18.500823,73.834828,37.47,4353.40,GREEN
639897,18.500823,73.834828,37.47,6845.35,GREEN
640000,18.500823,73.834828,37.45,3593.66,GREEN
640102,18.500823,73.834828,37.45,9427.96,YELLOW
640203,18.500823,73.834828,37.45,4320.89,GREEN
640304,18.500823,73.834828,37.45,7171.78,YELLOW
640405,18.500823,73.834828,37.45,4139.96,GREEN
640508,18.500735,73.834795,37.45,4989.07,GREEN
640611,18.500735,73.834795,37.45,3790.71,GREEN
640714,18.500735,73.834795,37.45,3545.13,GREEN
640817,18.500735,73.834795,37.45,9267.34,YELLOW
640920,18.500735,73.834795,37.45,3249.54,GREEN
641023,18.500735,73.834795,37.19,2570.10,GREEN
641126,18.500735,73.834795,37.19,5258.17,GREEN
641227,18.500735,73.834795,37.19,11635.42,RED
641328,18.500735,73.834795,37.19,7739.23,YELLOW
641430,18.500735,73.834795,37.19,8437.28,YELLOW
641533,18.500648,73.834753,37.19,6042.69,GREEN
641636,18.500648,73.834753,37.19,2376.83,GREEN
641739,18.500648,73.834753,37.19,1108.97,GREEN
641842,18.500648,73.834753,37.19,2176.95,GREEN
641945,18.500648,73.834753,37.19,9756.53,YELLOW
642048,18.500648,73.834753,37.69,11323.77,RED
642150,18.500648,73.834753,37.69,0.00,GREEN
642251,18.500648,73.834753,37.69,6797.51,GREEN
642352,18.500648,73.834753,37.69,11507.53,RED
642455,18.500563,73.834707,37.69,2894.26,GREEN
642558,18.500563,73.834707,37.69,5497.45,GREEN
642661,18.500563,73.834707,37.69,7405.82,YELLOW
642764,18.500563,73.834707,37.69,1067.80,GREEN
642867,18.500563,73.834707,37.69,4938.24,GREEN
642970,18.500563,73.834707,38.73,4405.19,GREEN
643072,18.500563,73.834707,38.73,6902.31,GREEN
643174,18.500563,73.834707,38.73,7566.64,YELLOW
643275,18.500563,73.834707,38.73,6152.74,GREEN
643377,18.500563,73.834707,38.73,6717.33,GREEN
643480,18.500480,73.834650,38.73,2673.46,GREEN
643583,18.500480,73.834650,38.73,7697.32,YELLOW
643686,18.500480,73.834650,38.73,956.21,GREEN
643789,18.500480,73.834650,38.73,5279.48,GREEN
643892,18.500480,73.834650,38.73,4831.84,GREEN
643995,18.500480,73.834650,39.28,7302.02,YELLOW
644097,18.500480,73.834650,39.28,11037.04,RED
644198,18.500480,73.834650,39.28,8641.16,YELLOW
644299,18.500480,73.834650,39.28,2850.42,GREEN
644401,18.500480,73.834650,39.28,1795.03,GREEN
644504,18.500393,73.834585,39.28,3324.54,GREEN
644607,18.500393,73.834585,39.28,7989.80,YELLOW
644710,18.500393,73.834585,39.28,10488.10,RED
644813,18.500393,73.834585,39.28,10371.23,RED
644916,18.500393,73.834585,39.28,6615.49,GREEN
645019,18.500393,73.834585,40.39,8372.81,YELLOW
645120,18.500393,73.834585,40.39,12228.73,RED
645222,18.500393,73.834585,40.39,8947.76,YELLOW
645323,18.500393,73.834585,40.39,4612.19,GREEN
645426,18.500310,73.834520,40.39,1435.97,GREEN
645529,18.500310,73.834520,40.39,2837.56,GREEN
645632,18.500310,73.834520,40.39,9706.74,YELLOW
645735,18.500310,73.834520,40.39,8765.59,YELLOW
645838,18.500310,73.834520,40.39,2615.81,GREEN
645941,18.500310,73.834520,41.21,2940.96,GREEN
646044,18.500310,73.834520,41.21,2805.44,GREEN
646145,18.500310,73.834520,41.21,6531.23,GREEN
646246,18.500310,73.834520,41.21,9500.38,YELLOW
646347,18.500310,73.834520,41.21,7819.56,YELLOW
646450,18.500225,73.834455,41.21,3685.80,GREEN
646553,18.500225,73.834455,41.21,6084.48,GREEN
646656,18.500225,73.834455,41.21,4932.43,GREEN
646759,18.500225,73.834455,41.21,2843.03,GREEN
646862,18.500225,73.834455,41.21,3723.38,GREEN
646965,18.500225,73.834455,40.74,1688.68,GREEN
647068,18.500225,73.834455,40.74,3784.06,GREEN
647169,18.500225,73.834455,40.74,6592.88,GREEN
647270,18.500225,73.834455,40.74,9129.52,YELLOW
647372,18.500225,73.834455,40.74,2293.37,GREEN
647475,18.500143,73.834387,40.74,2880.61,GREEN
647578,18.500143,73.834387,40.74,7801.86,YELLOW
647681,18.500143,73.834387,40.74,3329.21,GREEN
647784,18.500143,73.834387,40.74,2411.41,GREEN
647887,18.500143,73.834387,40.74,1596.04,GREEN
647990,18.500143,73.834387,40.87,10128.12,RED
648092,18.500143,73.834387,40.87,6716.57,GREEN
648193,18.500143,73.834387,40.87,2955.54,GREEN
648294,18.500143,73.834387,40.87,7115.78,YELLOW
648396,18.500143,73.834387,40.87,7841.70,YELLOW
648499,18.500063,73.834310,40.87,1482.86,GREEN
648602,18.500063,73.834310,40.87,6150.27,GREEN
648705,18.500063,73.834310,40.87,10153.26,RED
648808,18.500063,73.834310,40.87,5810.24,GREEN
648911,18.500063,73.834310,40.87,7922.32,YELLOW
649014,18.500063,73.834310,42.41,9020.34,YELLOW
649116,18.500063,73.834310,42.41,4337.40,GREEN
649217,18.500063,73.834310,42.41,2553.51,GREEN
649318,18.500063,73.834310,42.41,10360.39,RED
649421,18.499978,73.834243,42.41,9098.92,YELLOW
649524,18.499978,73.834243,42.41,11246.49,RED
649627,18.499978,73.834243,42.41,2569.57,GREEN
649730,18.499978,73.834243,42.41,4902.90,GREEN
649833,18.499978,73.834243,42.41,8581.28,YELLOW
649936,18.499978,73.834243,42.41,2444.71,GREEN
650039,18.499978,73.834243,42.26,3233.90,GREEN
650140,18.499978,73.834243,42.26,8666.57,YELLOW
650241,18.499978,73.834243,42.26,8073.20,YELLOW
650342,18.499978,73.834243,42.26,6837.82,GREEN
650445,18.499890,73.834182,42.26,5607.16,GREEN
650548,18.499890,73.834182,42.26,2616.75,GREEN
650651,18.499890,73.834182,42.26,5884.83,GREEN
650754,18.499890,73.834182,42.26,9995.82,YELLOW
650857,18.499890,73.834182,42.26,6318.36,GREEN
650960,18.499890,73.834182,42.54,6152.15,GREEN
651063,18.499890,73.834182,42.54,8193.78,YELLOW
651164,18.499890,73.834182,42.54,7003.89,YELLOW
651265,18.499890,73.834182,42.54,4550.14,GREEN
651366,18.499890,73.834182,42.54,3083.40,GREEN
651470,18.499803,73.834125,42.54,1283.74,GREEN
651573,18.499803,73.834125,42.54,2311.38,GREEN
651676,18.499803,73.834125,42.54,4780.71,GREEN
651779,18.499803,73.834125,42.54,8085.64,YELLOW
651882,18.499803,73.834125,42.54,4096.80,GREEN
651985,18.499803,73.834125,41.76,5444.20,GREEN
652087,18.499803,73.834125,41.76,0.00,GREEN
652188,18.499803,73.834125,41.76,5920.38,GREEN
652289,18.499803,73.834125,41.76,2578.82,GREEN
652391,18.499803,73.834125,41.76,4858.08,GREEN
652494,18.499717,73.834065,41.76,4998.05,GREEN
652597,18.499717,73.834065,41.76,5096.63,GREEN
652700,18.499717,73.834065,41.76,5535.16,GREEN
652803,18.499717,73.834065,41.76,3409.19,GREEN
652906,18.499717,73.834065,41.76,3700.00,GREEN
653009,18.499717,73.834065,41.76,4906.64,GREEN
653111,18.499717,73.834065,41.76,3168.44,GREEN
653212,18.499717,73.834065,41.76,4345.03,GREEN
653313,18.499717,73.834065,41.76,13214.71,RED
653416,18.499630,73.834005,41.76,2692.54,GREEN
653519,18.499630,73.834005,41.76,5104.45,GREEN
653622,18.499630,73.834005,41.76,8336.45,YELLOW
653725,18.499630,73.834005,41.76,9194.61,YELLOW
653828,18.499630,73.834005,41.76,4669.86,GREEN
653931,18.499630,73.834005,41.76,0.00,GREEN
654034,18.499630,73.834005,40.86,8373.28,YELLOW
654135,18.499630,73.834005,40.86,3358.04,GREEN
654236,18.499630,73.834005,40.86,4130.92,GREEN
654337,18.499630,73.834005,40.86,9714.10,YELLOW
654440,18.499545,73.833943,40.86,3312.51,GREEN
654543,18.499545,73.833943,40.86,2789.72,GREEN
654646,18.499545,73.833943,40.86,8065.13,YELLOW
654749,18.499545,73.833943,40.86,7975.48,YELLOW
654852,18.499545,73.833943,40.86,12710.49,RED
654955,18.499545,73.833943,41.48,5422.30,GREEN
655058,18.499545,73.833943,41.48,1607.49,GREEN
655159,18.499545,73.833943,41.48,2527.27,GREEN
655260,18.499545,73.833943,41.48,5000.06,GREEN
655361,18.499545,73.833943,41.48,2873.00,GREEN
655465,18.499460,73.833880,41.48,7495.33,YELLOW
655568,18.499460,73.833880,41.48,4237.23,GREEN
655671,18.499460,73.833880,41.48,5032.43,GREEN
655774,18.499460,73.833880,41.48,4229.09,GREEN
655877,18.499460,73.833880,41.48,9872.43,YELLOW
655980,18.499460,73.833880,42.23,10442.45,RED
656082,18.499460,73.833880,42.23,3446.81,GREEN
656184,18.499460,73.833880,42.23,2960.31,GREEN
656285,18.499460,73.833880,42.23,9399.02,YELLOW
656387,18.499460,73.833880,42.23,3647.72,GREEN
656490,18.499370,73.833823,42.23,4693.61,GREEN
656593,18.499370,73.833823,42.23,4496.69,GREEN
656696,18.499370,73.833823,42.23,6582.05,GREEN
656799,18.499370,73.833823,42.23,4278.52,GREEN
656902,18.499370,73.833823,42.23,1361.27,GREEN
657005,18.499370,73.833823,41.89,1284.27,GREEN
657107,18.499370,73.833823,41.89,1294.96,GREEN
657208,18.499370,73.833823,41.89,7230.66,YELLOW
657309,18.499370,73.833823,41.89,9387.36,YELLOW
657411,18.499278,73.833765,41.89,9422.04,YELLOW
657515,18.499278,73.833765,41.89,4209.54,GREEN
657618,18.499278,73.833765,41.89,3488.10,GREEN
657721,18.499278,73.833765,41.89,6138.46,GREEN
657824,18.499278,73.833765,41.89,5177.49,GREEN
657927,18.499278,73.833765,41.89,2865.17,GREEN
658030,18.499278,73.833765,42.60,5437.69,GREEN
658131,18.499278,73.833765,42.60,3184.25,GREEN
658232,18.499278,73.833765,42.60,6049.84,GREEN
658333,18.499278,73.833765,42.60,5062.74,GREEN
658436,18.499180,73.833722,42.60,3951.17,GREEN
658539,18.499180,73.833722,42.60,6999.04,GREEN
658642,18.499180,73.833722,42.60,3315.06,GREEN
658745,18.499180,73.833722,42.60,9810.73,YELLOW
658848,18.499180,73.833722,42.60,7850.13,YELLOW
658951,18.499180,73.833722,42.19,3246.77,GREEN
659054,18.499180,73.833722,42.19,12477.23,RED
659155,18.499180,73.833722,42.19,9434.24,YELLOW
659256,18.499180,73.833722,42.19,5988.78,GREEN
659357,18.499180,73.833722,42.19,5317.70,GREEN
659461,18.499078,73.833683,42.19,2113.12,GREEN
659564,18.499078,73.833683,42.19,300.18,GREEN
659667,18.499078,73.833683,42.19,4660.49,GREEN
659770,18.499078,73.833683,42.19,2663.80,GREEN
659873,18.499078,73.833683,42.19,1968.01,GREEN
659976,18.499078,73.833683,42.86,6063.66,GREEN
660078,18.499078,73.833683,42.86,8137.07,YELLOW
660180,18.499078,73.833683,42.86,8256.20,YELLOW
660281,18.499078,73.833683,42.86,1300.40,GREEN
660383,18.499078,73.833683,42.86,689.83,GREEN
660486,18.498973,73.833655,42.86,12296.90,RED
660589,18.498973,73.833655,42.86,6162.79,GREEN
660692,18.498973,73.833655,42.86,6834.23,GREEN
660795,18.498973,73.833655,42.86,9245.42,YELLOW
660898,18.498973,73.833655,42.86,12314.56,RED
661001,18.498973,73.833655,42.93,5527.44,GREEN
661103,18.498973,73.833655,42.93,5665.41,GREEN
661204,18.498973,73.833655,42.93,2542.20,GREEN
661305,18.498973,73.833655,42.93,2542.73,GREEN
661407,18.498870,73.833635,42.93,3913.19,GREEN
661511,18.498870,73.833635,42.93,6238.80,GREEN
661614,18.498870,73.833635,42.93,5230.97,GREEN
661717,18.498870,73.833635,42.93,6303.37,GREEN
661820,18.498870,73.833635,42.93,1215.53,GREEN
661923,18.498870,73.833635,42.93,7084.03,YELLOW
662026,18.498870,73.833635,41.73,11717.08,RED
662127,18.498870,73.833635,41.73,3325.13,GREEN
662229,18.498870,73.833635,41.73,4127.68,GREEN
662330,18.498870,73.833635,41.73,5427.48,GREEN
662433,18.498768,73.833622,41.73,5451.01,GREEN
662536,18.498768,73.833622,41.73,3670.67,GREEN
662639,18.498768,73.833622,41.73,4882.19,GREEN
662742,18.498768,73.833622,41.73,3611.68,GREEN
662845,18.498768,73.833622,41.73,8206.88,YELLOW
662948,18.498768,73.833622,39.86,5030.04,GREEN
663051,18.498768,73.833622,39.86,6102.78,GREEN
663152,18.498768,73.833622,39.86,6301.88,GREEN
663253,18.498768,73.833622,39.86,6616.67,GREEN
663354,18.498768,73.833622,39.86,2901.45,GREEN
663458,18.498675,73.833607,39.86,2132.91,GREEN
663561,18.498675,73.833607,39.86,3666.47,GREEN
663664,18.498675,73.833607,39.86,5745.97,GREEN
663767,18.498675,73.833607,39.86,4929.59,GREEN
663870,18.498675,73.833607,39.86,5456.10,GREEN
663973,18.498675,73.833607,37.24,9466.96,YELLOW
664075,18.498675,73.833607,37.24,11739.02,RED
664177,18.498675,73.833607,37.24,3773.07,GREEN
664278,18.498675,73.833607,37.24,1879.09,GREEN
664380,18.498675,73.833607,37.24,2080.64,GREEN
664483,18.498585,73.833602,37.24,1330.06,GREEN
664586,18.498585,73.833602,37.24,2823.95,GREEN
664689,18.498585,73.833602,37.24,3353.96,GREEN
664792,18.498585,73.833602,37.24,11553.38,RED
664895,18.498585,73.833602,37.24,5191.34,GREEN
664998,18.498585,73.833602,37.69,6227.60,GREEN
665100,18.498585,73.833602,37.69,4077.96,GREEN
665201,18.498585,73.833602,37.69,4143.81,GREEN
665302,18.498585,73.833602,37.69,1009.09,GREEN
665404,18.498585,73.833602,37.69,12380.19,RED
665507,18.498492,73.833590,37.69,12758.46,RED
665610,18.498492,73.833590,37.69,1001.51,GREEN
665713,18.498492,73.833590,37.69,4337.04,GREEN
665816,18.498492,73.833590,37.69,3935.65,GREEN
665919,18.498492,73.833590,37.69,4040.52,GREEN
666022,18.498492,73.833590,38.21,4119.85,GREEN
666124,18.498492,73.833590,38.21,6720.35,GREEN
666225,18.498492,73.833590,38.21,7836.41,YELLOW
666326,18.498492,73.833590,38.21,4317.39,GREEN
666429,18.498397,73.833570,38.21,2772.92,GREEN
666532,18.498397,73.833570,38.21,4132.22,GREEN
666635,18.498397,73.833570,38.21,7197.14,YELLOW
666738,18.498397,73.833570,38.21,2560.64,GREEN
666841,18.498397,73.833570,38.21,7395.33,YELLOW
666944,18.498397,73.833570,38.45,5002.44,GREEN
667047,18.498397,73.833570,38.45,4570.46,GREEN
667148,18.498397,73.833570,38.45,559.65,GREEN
667249,18.498397,73.833570,38.45,4196.55,GREEN
667350,18.498397,73.833570,38.45,3930.79,GREEN
667453,18.498303,73.833542,38.45,7075.93,YELLOW
667556,18.498303,73.833542,38.45,2128.53,GREEN
667659,18.498303,73.833542,38.45,5900.41,GREEN
667762,18.498303,73.833542,38.45,10399.58,RED
667865,18.498303,73.833542,38.45,719.77,GREEN
667968,18.498303,73.833542,38.35,7065.88,YELLOW
668070,18.498303,73.833542,38.35,8233.78,YELLOW
668172,18.498303,73.833542,38.35,174.62,GREEN
668273,18.498303,73.833542,38.35,7111.29,YELLOW
668375,18.498303,73.833542,38.35,1461.11,GREEN
668478,18.498213,73.833507,38.35,3585.50,GREEN
668581,18.498213,73.833507,38.35,4831.70,GREEN
668684,18.498213,73.833507,38.35,5752.89,GREEN
668787,18.498213,73.833507,38.35,9126.50,YELLOW
668890,18.498213,73.833507,38.35,5840.90,GREEN
668993,18.498213,73.833507,38.47,4635.59,GREEN
669095,18.498213,73.833507,38.47,901.59,GREEN
669196,18.498213,73.833507,38.47,15395.34,RED
669297,18.498213,73.833507,38.47,9960.84,YELLOW
669399,18.498213,73.833507,38.47,6939.52,GREEN
669502,18.498122,73.833472,38.47,7151.21,YELLOW
669605,18.498122,73.833472,38.47,132.81,GREEN
669708,18.498122,73.833472,38.47,3076.93,GREEN
669811,18.498122,73.833472,38.47,3020.26,GREEN
669914,18.498122,73.833472,38.47,6234.57,GREEN
670017,18.498122,73.833472,39.15,263.95,GREEN
670118,18.498122,73.833472,39.15,5165.49,GREEN
670220,18.498122,73.833472,39.15,11663.82,RED
670321,18.498122,73.833472,39.15,16084.26,RED
670424,18.498030,73.833438,39.15,5065.70,GREEN
670527,18.498030,73.833438,39.15,7235.45,YELLOW
670630,18.498030,73.833438,39.15,2161.47,GREEN
670733,18.498030,73.833438,39.15,2287.86,GREEN
670836,18.498030,73.833438,39.15,15113.63,RED
670939,18.498030,73.833438,38.32,4479.59,GREEN
671042,18.498030,73.833438,38.32,8182.58,YELLOW
671143,18.498030,73.833438,38.32,16246.30,RED
671244,18.498030,73.833438,38.32,13620.02,RED
671345,18.498030,73.833438,38.32,4244.86,GREEN
671448,18.497942,73.833405,38.32,6011.92,GREEN
671551,18.497942,73.833405,38.32,4807.50,GREEN
671654,18.497942,73.833405,38.32,3696.75,GREEN
671757,18.497942,73.833405,38.32,10652.63,RED
671860,18.497942,73.833405,38.32,11592.87,RED
671963,18.497942,73.833405,36.82,15130.71,RED
672066,18.497942,73.833405,36.82,780.10,GREEN
672167,18.497942,73.833405,36.82,2431.57,GREEN
672268,18.497942,73.833405,36.82,4711.84,GREEN
672370,18.497942,73.833405,36.82,15539.81,RED
672473,18.497855,73.833375,36.82,5179.94,GREEN
672576,18.497855,73.833375,36.82,5689.84,GREEN
672679,18.497855,73.833375,36.82,9585.24,YELLOW
672782,18.497855,73.833375,36.82,6445.14,GREEN
672885,18.497855,73.833375,36.82,11740.68,RED
672988,18.497855,73.833375,35.41,16510.95,RED
673090,18.497855,73.833375,35.41,9052.75,YELLOW
673191,18.497855,73.833375,35.41,7314.45,YELLOW
673292,18.497855,73.833375,35.41,4952.35,GREEN
673394,18.497855,73.833375,35.41,2697.58,GREEN
673497,18.497773,73.833338,35.41,8330.87,YELLOW
673600,18.497773,73.833338,35.41,11880.27,RED
673703,18.497773,73.833338,35.41,4249.61,GREEN
673806,18.497773,73.833338,35.41,3774.43,GREEN
673909,18.497773,73.833338,35.41,8953.91,YELLOW
674012,18.497773,73.833338,34.22,4517.39,GREEN
674114,18.497773,73.833338,34.22,4171.49,GREEN
674215,18.497773,73.833338,34.22,5637.83,GREEN
674316,18.497773,73.833338,34.22,10701.01,RED
674419,18.497695,73.833305,34.22,6658.09,GREEN
674522,18.497695,73.833305,34.22,5964.53,GREEN
674625,18.497695,73.833305,34.22,8664.53,YELLOW
674728,18.497695,73.833305,34.22,4724.17,GREEN
674831,18.497695,73.833305,34.22,6596.65,GREEN
674934,18.497695,73.833305,34.22,12391.29,RED
675037,18.497695,73.833305,32.80,10672.20,RED
675138,18.497695,73.833305,32.80,3926.06,GREEN
675239,18.497695,73.833305,32.80,9242.28,YELLOW
675340,18.497695,73.833305,32.80,14404.33,RED
675443,18.497620,73.833255,32.80,13190.73,RED
675546,18.497620,73.833255,32.80,11208.56,RED
675649,18.497620,73.833255,32.80,15708.46,RED
675752,18.497620,73.833255,32.80,2469.78,GREEN
675855,18.497620,73.833255,32.80,1430.79,GREEN
675958,18.497620,73.833255,34.95,2905.89,GREEN
676061,18.497620,73.833255,34.95,7763.76,YELLOW
676162,18.497620,73.833255,34.95,9874.12,YELLOW
676263,18.497620,73.833255,34.95,5887.09,GREEN
676364,18.497620,73.833255,34.95,4002.73,GREEN
676468,18.497547,73.833198,34.95,2877.45,GREEN
676571,18.497547,73.833198,34.95,1175.45,GREEN
676674,18.497547,73.833198,34.95,3358.84,GREEN
676777,18.497547,73.833198,34.95,6500.14,GREEN
676880,18.497547,73.833198,34.95,196.34,GREEN
676983,18.497547,73.833198,35.54,2179.16,GREEN
677085,18.497547,73.833198,35.54,3279.52,GREEN
677186,18.497547,73.833198,35.54,9004.95,YELLOW
677287,18.497547,73.833198,35.54,10624.47,RED
677389,18.497547,73.833198,35.54,3752.14,GREEN
677492,18.497475,73.833148,35.54,9341.06,YELLOW
677595,18.497475,73.833148,35.54,3464.67,GREEN
677698,18.497475,73.833148,35.54,15974.67,RED
677801,18.497475,73.833148,35.54,5989.34,GREEN
677904,18.497475,73.833148,35.54,19067.40,RED
678007,18.497475,73.833148,33.98,18211.76,RED
678109,18.497475,73.833148,33.98,27620.61,RED
678210,18.497475,73.833148,33.98,16397.77,RED
678311,18.497475,73.833148,33.98,9563.25,YELLOW
678413,18.497410,73.833095,33.98,5920.04,GREEN
678517,18.497410,73.833095,33.98,4272.19,GREEN
678620,18.497410,73.833095,33.98,2445.04,GREEN
678723,18.497410,73.833095,33.98,250.66,GREEN
678826,18.497410,73.833095,33.98,6730.03,GREEN
678929,18.497410,73.833095,33.98,12796.96,RED
679032,18.497410,73.833095,34.45,6168.12,GREEN
679133,18.497410,73.833095,34.45,671.26,GREEN
679234,18.497410,73.833095,34.45,2584.17,GREEN
679335,18.497410,73.833095,34.45,5201.56,GREEN
679437,18.497410,73.833095,34.45,4064.73,GREEN
679540,18.497357,73.833043,34.45,1649.58,GREEN
679643,18.497357,73.833043,34.45,1661.22,GREEN
679746,18.497357,73.833043,34.45,10995.92,RED
679849,18.497357,73.833043,34.45,11856.02,RED
679952,18.497357,73.833043,34.45,4913.30,GREEN
680055,18.497357,73.833043,29.80,9909.12,YELLOW
680157,18.497357,73.833043,29.80,2700.60,GREEN
680258,18.497357,73.833043,29.80,6720.17,GREEN
680360,18.497357,73.833043,29.80,6253.03,GREEN
680463,18.497310,73.833000,29.80,4724.15,GREEN
680566,18.497310,73.833000,29.80,3101.21,GREEN
680669,18.497310,73.833000,29.80,1996.00,GREEN
680772,18.497310,73.833000,29.80,9095.34,YELLOW
680875,18.497310,73.833000,29.80,12402.01,RED
680978,18.497310,73.833000,24.63,7264.68,YELLOW
681080,18.497310,73.833000,24.63,4429.07,GREEN
681181,18.497310,73.833000,24.63,3099.60,GREEN
681282,18.497310,73.833000,24.63,6586.82,GREEN
681384,18.497310,73.833000,24.63,4465.41,GREEN
681487,18.497268,73.832968,24.63,194.04,GREEN
681590,18.497268,73.832968,24.63,7046.83,YELLOW
681693,18.497268,73.832968,24.63,0.00,GREEN
681796,18.497268,73.832968,24.63,9167.60,YELLOW
681899,18.497268,73.832968,24.63,3408.58,GREEN
682002,18.497268,73.832968,20.95,7282.10,YELLOW
682104,18.497268,73.832968,20.95,6152.79,GREEN
682205,18.497268,73.832968,20.95,6396.73,GREEN
682306,18.497268,73.832968,20.95,1243.85,GREEN
682408,18.497230,73.832930,20.95,7027.51,YELLOW
682512,18.497230,73.832930,20.95,8762.46,YELLOW
682615,18.497230,73.832930,20.95,13144.56,RED
682718,18.497230,73.832930,20.95,5762.58,GREEN
682821,18.497230,73.832930,20.95,7123.40,YELLOW
682924,18.497230,73.832930,20.95,14455.12,RED
683027,18.497230,73.832930,22.93,11230.99,RED
683128,18.497230,73.832930,22.93,12306.34,RED
683229,18.497230,73.832930,22.93,8430.27,YELLOW
683330,18.497230,73.832930,22.93,11637.46,RED
683433,18.497192,73.832887,22.93,10702.31,RED
683536,18.497192,73.832887,22.93,11327.93,RED
683639,18.497192,73.832887,22.93,6264.45,GREEN
683742,18.497192,73.832887,22.93,10947.79,RED
683845,18.497192,73.832887,22.93,17051.28,RED
683948,18.497192,73.832887,24.04,6705.46,GREEN
684050,18.497192,73.832887,24.04,3664.04,GREEN
684152,18.497192,73.832887,24.04,5358.31,GREEN
684253,18.497192,73.832887,24.04,2377.48,GREEN
684354,18.497192,73.832887,24.04,12029.50,RED
684458,18.497153,73.832845,24.04,993.50,GREEN
684561,18.497153,73.832845,24.04,5115.34,GREEN
684664,18.497153,73.832845,24.04,10834.41,RED
684767,18.497153,73.832845,24.04,13181.58,RED
684870,18.497153,73.832845,24.04,13355.84,RED
684973,18.497153,73.832845,23.17,15409.29,RED
685075,18.497153,73.832845,23.17,11701.00,RED
685177,18.497153,73.832845,23.17,4884.03,GREEN
685278,18.497153,73.832845,23.17,17187.25,RED
685380,18.497153,73.832845,23.17,2775.88,GREEN
685483,18.497118,73.832800,23.17,5161.52,GREEN
685586,18.497118,73.832800,23.17,5500.57,GREEN
685689,18.497118,73.832800,23.17,8239.53,YELLOW
685792,18.497118,73.832800,23.17,7710.60,YELLOW
685895,18.497118,73.832800,23.17,7516.60,YELLOW
685998,18.497118,73.832800,23.46,4967.28,GREEN
686100,18.497118,73.832800,23.46,6167.25,GREEN
686201,18.497118,73.832800,23.46,8315.64,YELLOW
686302,18.497118,73.832800,23.46,6698.10,GREEN
686405,18.497078,73.832753,23.46,5710.72,GREEN
686508,18.497078,73.832753,23.46,356.66,GREEN
686611,18.497078,73.832753,23.46,7638.21,YELLOW
686714,18.497078,73.832753,23.46,13647.21,RED
686817,18.497078,73.832753,23.46,6456.14,GREEN
686920,18.497078,73.832753,22.56,10508.62,RED
687023,18.497078,73.832753,22.56,20783.30,RED
687124,18.497078,73.832753,22.56,20952.03,RED
687225,18.497078,73.832753,22.56,11929.52,RED
687326,18.497078,73.832753,22.56,3937.96,GREEN
687429,18.497035,73.832710,22.56,3937.71,GREEN
687532,18.497035,73.832710,22.56,0.00,GREEN
687635,18.497035,73.832710,22.56,16114.78,RED
687738,18.497035,73.832710,22.56,10909.38,RED
687841,18.497035,73.832710,22.56,15786.64,RED
687944,18.497035,73.832710,23.80,4430.89,GREEN
688047,18.497035,73.832710,23.80,13701.72,RED
688148,18.497035,73.832710,23.80,4936.54,GREEN
688249,18.497035,73.832710,23.80,10246.44,RED
688351,18.497035,73.832710,23.80,4401.24,GREEN
688454,18.496990,73.832663,23.80,8421.52,YELLOW
688557,18.496990,73.832663,23.80,1200.33,GREEN
688660,18.496990,73.832663,23.80,2037.25,GREEN
688763,18.496990,73.832663,23.80,1902.90,GREEN
688866,18.496990,73.832663,23.80,5880.86,GREEN
688969,18.496990,73.832663,25.87,2362.08,GREEN
689071,18.496990,73.832663,25.87,4147.23,GREEN
689172,18.496990,73.832663,25.87,2440.33,GREEN
689273,18.496990,73.832663,25.87,1831.39,GREEN
689375,18.496990,73.832663,25.87,10257.51,RED
689478,18.496938,73.832620,25.87,6462.66,GREEN
689581,18.496938,73.832620,25.87,9781.42,YELLOW
689684,18.496938,73.832620,25.87,8118.82,YELLOW
689787,18.496938,73.832620,25.87,8737.02,YELLOW
689890,18.496938,73.832620,25.87,8088.57,YELLOW
689993,18.496938,73.832620,26.91,5991.61,GREEN
690095,18.496938,73.832620,26.91,7794.54,YELLOW
690196,18.496938,73.832620,26.91,5472.57,GREEN
690297,18.496938,73.832620,26.91,6152.76,GREEN
690399,18.496938,73.832620,26.91,8445.12,YELLOW
690502,18.496890,73.832567,26.91,618.51,GREEN
690605,18.496890,73.832567,26.91,4832.59,GREEN
690708,18.496890,73.832567,26.91,5629.52,GREEN
690811,18.496890,73.832567,26.91,8212.72,YELLOW
690914,18.496890,73.832567,26.91,5021.73,GREEN
691017,18.496890,73.832567,27.93,5094.95,GREEN
691118,18.496890,73.832567,27.93,2842.06,GREEN
691220,18.496890,73.832567,27.93,5948.20,GREEN
691321,18.496890,73.832567,27.93,6130.80,GREEN
691424,18.496837,73.832510,27.93,2692.74,GREEN
691527,18.496837,73.832510,27.93,2430.12,GREEN
691630,18.496837,73.832510,27.93,5732.68,GREEN
691733,18.496837,73.832510,27.93,3287.08,GREEN
691836,18.496837,73.832510,27.93,2109.04,GREEN
691939,18.496837,73.832510,29.98,6323.21,GREEN
692042,18.496837,73.832510,29.98,2211.58,GREEN
692143,18.496837,73.832510,29.98,4232.98,GREEN
692244,18.496837,73.832510,29.98,8665.30,YELLOW
692345,18.496837,73.832510,29.98,8378.12,YELLOW
692449,18.496782,73.832453,29.98,1575.01,GREEN
692552,18.496782,73.832453,29.98,6739.41,GREEN
692655,18.496782,73.832453,29.98,1582.21,GREEN
692758,18.496782,73.832453,29.98,9615.69,YELLOW
692861,18.496782,73.832453,29.98,7071.49,YELLOW
692964,18.496782,73.832453,32.30,2939.44,GREEN
693066,18.496782,73.832453,32.30,3563.43,GREEN
693167,18.496782,73.832453,32.30,13047.54,RED
693268,18.496782,73.832453,32.30,10503.79,RED
693370,18.496782,73.832453,32.30,24729.45,RED
693473,18.496723,73.832392,32.30,12592.73,RED
693576,18.496723,73.832392,32.30,5313.07,GREEN
693679,18.496723,73.832392,32.30,1288.36,GREEN
693782,18.496723,73.832392,32.30,16070.64,RED
693885,18.496723,73.832392,32.30,13538.34,RED
693988,18.496723,73.832392,35.06,7727.18,YELLOW
694090,18.496723,73.832392,35.06,19739.72,RED
694191,18.496723,73.832392,35.06,3090.73,GREEN
694292,18.496723,73.832392,35.06,19495.90,RED
694394,18.496663,73.832323,35.06,4546.37,GREEN
694498,18.496663,73.832323,35.06,19507.97,RED
694601,18.496663,73.832323,35.06,10042.26,RED
694704,18.496663,73.832323,35.06,26.07,GREEN
694807,18.496663,73.832323,35.06,3868.36,GREEN
694910,18.496663,73.832323,35.06,12714.27,RED
695013,18.496663,73.832323,36.60,10443.90,RED
695114,18.496663,73.832323,36.60,5909.87,GREEN
695215,18.496663,73.832323,36.60,441.33,GREEN
695316,18.496663,73.832323,36.60,2815.13,GREEN
695419,18.496597,73.832252,36.60,3035.90,GREEN
695522,18.496597,73.832252,36.60,4625.93,GREEN
695625,18.496597,73.832252,36.60,6916.54,GREEN
695728,18.496597,73.832252,36.60,5518.62,GREEN
695831,18.496597,73.832252,36.60,832.55,GREEN
695934,18.496597,73.832252,36.60,7745.34,YELLOW
696037,18.496597,73.832252,35.95,15369.93,RED
696138,18.496597,73.832252,35.95,2111.13,GREEN
696239,18.496597,73.832252,35.95,5933.76,GREEN
696340,18.496597,73.832252,35.95,14622.16,RED
696443,18.496528,73.832182,35.95,4161.91,GREEN
696546,18.496528,73.832182,35.95,12127.83,RED
696649,18.496528,73.832182,35.95,5740.58,GREEN
696752,18.496528,73.832182,35.95,6507.04,GREEN
696855,18.496528,73.832182,35.95,158.33,GREEN
696958,18.496528,73.832182,36.78,5118.76,GREEN
697061,18.496528,73.832182,36.78,11421.34,RED
697162,18.496528,73.832182,36.78,1516.74,GREEN
697263,18.496528,73.832182,36.78,2343.80,GREEN
697364,18.496528,73.832182,36.78,4160.62,GREEN
697468,18.496460,73.832113,36.78,6384.09,GREEN
697571,18.496460,73.832113,36.78,7476.46,YELLOW
697674,18.496460,73.832113,36.78,8012.76,YELLOW
697777,18.496460,73.832113,36.78,2528.95,GREEN
697880,18.496460,73.832113,36.78,10744.39,RED
697983,18.496460,73.832113,36.80,15636.76,RED
698085,18.496460,73.832113,36.80,7981.50,YELLOW
698186,18.496460,73.832113,36.80,3952.39,GREEN
698287,18.496460,73.832113,36.80,10514.69,RED
698389,18.496460,73.832113,36.80,23929.03,RED
698492,18.496385,73.832045,36.80,11624.73,RED
698595,18.496385,73.832045,36.80,19865.17,RED
698698,18.496385,73.832045,36.80,7902.17,YELLOW
698801,18.496385,73.832045,36.80,5903.65,GREEN
698904,18.496385,73.832045,36.80,3821.32,GREEN
699007,18.496385,73.832045,37.85,9708.04,YELLOW
699109,18.496385,73.832045,37.85,10489.91,RED
699210,18.496385,73.832045,37.85,4106.09,GREEN
699311,18.496385,73.832045,37.85,5519.61,GREEN
699413,18.496312,73.831977,37.85,13090.65,RED
699517,18.496312,73.831977,37.85,8083.61,YELLOW
699620,18.496312,73.831977,37.85,12222.45,RED
699723,18.496312,73.831977,37.85,7854.64,YELLOW
699826,18.496312,73.831977,37.85,7609.84,YELLOW
699929,18.496312,73.831977,37.85,5953.43,GREEN
700032,18.496312,73.831977,37.97,7119.83,YELLOW
700133,18.496312,73.831977,37.97,5241.38,GREEN
700234,18.496312,73.831977,37.97,5818.66,GREEN
700335,18.496312,73.831977,37.97,4201.99,GREEN
700439,18.496235,73.831907,37.97,7954.18,YELLOW
700542,18.496235,73.831907,37.97,9726.06,YELLOW
700645,18.496235,73.831907,37.97,9647.34,YELLOW
700748,18.496235,73.831907,37.97,8487.14,YELLOW
700851,18.496235,73.831907,37.97,10607.80,RED
700954,18.496235,73.831907,38.89,6188.37,GREEN
701056,18.496235,73.831907,38.89,7359.93,YELLOW
701158,18.496235,73.831907,38.89,1670.79,GREEN
701259,18.496235,73.831907,38.89,5076.88,GREEN
701360,18.496235,73.831907,38.89,5707.85,GREEN
701462,18.496235,73.831907,38.89,5225.10,GREEN
701566,18.496172,73.831840,38.89,0.00,GREEN
701669,18.496172,73.831840,38.89,15717.22,RED
701772,18.496172,73.831840,38.89,5038.04,GREEN
701875,18.496172,73.831840,38.89,14252.77,RED
701978,18.496172,73.831840,38.89,7433.08,YELLOW
702081,18.496172,73.831840,40.43,14449.86,RED
702182,18.496172,73.831840,40.43,6555.63,GREEN
702284,18.496172,73.831840,40.43,9270.84,YELLOW
702386,18.496172,73.831840,40.43,4567.18,GREEN
702489,18.496095,73.831768,40.43,11941.52,RED
702592,18.496095,73.831768,40.43,1532.04,GREEN
702695,18.496095,73.831768,40.43,18532.09,RED
702798,18.496095,73.831768,40.43,2007.89,GREEN
702901,18.496095,73.831768,40.43,16731.48,RED
703004,18.496095,73.831768,40.39,8190.69,YELLOW
703106,18.496095,73.831768,40.39,9747.63,YELLOW
703207,18.496095,73.831768,40.39,3123.01,GREEN
703308,18.496095,73.831768,40.39,160.08,GREEN
703410,18.496023,73.831695,40.39,8293.60,YELLOW
703514,18.496023,73.831695,40.39,9117.38,YELLOW
703617,18.496023,73.831695,40.39,4848.25,GREEN
703720,18.496023,73.831695,40.39,2505.53,GREEN
703823,18.496023,73.831695,40.39,7826.23,YELLOW
703926,18.496023,73.831695,40.39,4744.22,GREEN
704029,18.496023,73.831695,40.61,8866.16,YELLOW
704130,18.496023,73.831695,40.61,5899.63,GREEN
704232,18.496023,73.831695,40.61,858.55,GREEN
704333,18.496023,73.831695,40.61,3383.05,GREEN
704436,18.495952,73.831620,40.61,4719.59,GREEN
704539,18.495952,73.831620,40.61,2044.27,GREEN
704642,18.495952,73.831620,40.61,4261.54,GREEN
704745,18.495952,73.831620,40.61,5842.00,GREEN
704848,18.495952,73.831620,40.61,6285.78,GREEN
704951,18.495952,73.831620,41.80,5877.22,GREEN
705054,18.495952,73.831620,41.80,7651.47,YELLOW
705155,18.495952,73.831620,41.80,12267.98,RED
705256,18.495952,73.831620,41.80,12296.09,RED
705357,18.495952,73.831620,41.80,5075.66,GREEN
705461,18.495873,73.831543,41.80,7608.03,YELLOW
705564,18.495873,73.831543,41.80,12996.58,RED
705667,18.495873,73.831543,41.80,2535.58,GREEN
705770,18.495873,73.831543,41.80,21816.41,RED
705873,18.495873,73.831543,41.80,17482.14,RED
705976,18.495873,73.831543,41.61,5635.54,GREEN
706078,18.495873,73.831543,41.61,7243.14,YELLOW
706180,18.495873,73.831543,41.61,2383.51,GREEN
706281,18.495873,73.831543,41.61,9396.32,YELLOW
706383,18.495873,73.831543,41.61,3384.28,GREEN
706486,18.495795,73.831463,41.61,1778.13,GREEN
706589,18.495795,73.831463,41.61,13917.35,RED
706692,18.495795,73.831463,41.61,7190.53,YELLOW
706795,18.495795,73.831463,41.61,6889.38,GREEN
706898,18.495795,73.831463,41.61,4300.78,GREEN
707001,18.495795,73.831463,43.15,6714.51,GREEN
707103,18.495795,73.831463,43.15,10267.22,RED
707204,18.495795,73.831463,43.15,2332.33,GREEN
707305,18.495795,73.831463,43.15,5254.39,GREEN
707407,18.495715,73.831383,43.15,11351.27,RED
707511,18.495715,73.831383,43.15,5521.76,GREEN
707614,18.495715,73.831383,43.15,2707.61,GREEN
707717,18.495715,73.831383,43.15,2289.30,GREEN
707820,18.495715,73.831383,43.15,8658.12,YELLOW
707923,18.495715,73.831383,43.15,4560.67,GREEN
708026,18.495715,73.831383,43.36,3387.27,GREEN
708127,18.495715,73.831383,43.36,3840.33,GREEN
708229,18.495715,73.831383,43.36,2431.27,GREEN
708330,18.495715,73.831383,43.36,917.55,GREEN
708433,18.495635,73.831298,43.36,2241.34,GREEN
708536,18.495635,73.831298,43.36,6498.88,GREEN
708639,18.495635,73.831298,43.36,1949.54,GREEN
708742,18.495635,73.831298,43.36,3910.73,GREEN
708845,18.495635,73.831298,43.36,7472.08,YELLOW
708948,18.495635,73.831298,43.97,8729.14,YELLOW
709051,18.495635,73.831298,43.97,5187.57,GREEN
709152,18.495635,73.831298,43.97,3870.85,GREEN
709253,18.495635,73.831298,43.97,6281.03,GREEN
709354,18.495635,73.831298,43.97,4897.55,GREEN
709458,18.495555,73.831220,43.97,1466.28,GREEN
709561,18.495555,73.831220,43.97,3865.39,GREEN
709664,18.495555,73.831220,43.97,1498.05,GREEN
709767,18.495555,73.831220,43.97,5493.94,GREEN
709870,18.495555,73.831220,43.97,10537.18,RED
709973,18.495555,73.831220,42.37,12995.80,RED
710075,18.495555,73.831220,42.37,7647.54,YELLOW
710177,18.495555,73.831220,42.37,2662.09,GREEN
710278,18.495555,73.831220,42.37,3157.60,GREEN
710380,18.495555,73.831220,42.37,2202.62,GREEN
710483,18.495478,73.831145,42.37,12409.89,RED
710586,18.495478,73.831145,42.37,12225.89,RED
710689,18.495478,73.831145,42.37,20222.51,RED
710792,18.495478,73.831145,42.37,9357.78,YELLOW
710895,18.495478,73.831145,42.37,18543.55,RED
710998,18.495478,73.831145,42.19,11454.36,RED
711100,18.495478,73.831145,42.19,10231.12,RED
711201,18.495478,73.831145,42.19,4073.00,GREEN
711302,18.495478,73.831145,42.19,11127.90,RED
711404,18.495403,73.831068,42.19,5868.11,GREEN
711508,18.495403,73.831068,42.19,8079.79,YELLOW
711611,18.495403,73.831068,42.19,11498.10,RED
711714,18.495403,73.831068,42.19,2592.29,GREEN
711817,18.495403,73.831068,42.19,5492.17,GREEN
711920,18.495403,73.831068,42.19,1512.39,GREEN
712023,18.495403,73.831068,41.76,12845.38,RED
712124,18.495403,73.831068,41.76,7009.69,YELLOW
712226,18.495403,73.831068,41.76,12296.49,RED
712327,18.495403,73.831068,41.76,2772.82,GREEN
712430,18.495325,73.830995,41.76,16673.98,RED
712533,18.495325,73.830995,41.76,4573.29,GREEN
712636,18.495325,73.830995,41.76,10960.28,RED
712739,18.495325,73.830995,41.76,7699.68,YELLOW
712842,18.495325,73.830995,41.76,11118.90,RED
712945,18.495325,73.830995,42.36,12120.25,RED
713048,18.495325,73.830995,42.36,1870.19,GREEN
713149,18.495325,73.830995,42.36,15355.46,RED
713250,18.495325,73.830995,42.36,7235.95,YELLOW
713351,18.495325,73.830995,42.36,5787.24,GREEN
713454,18.495250,73.830923,42.36,2574.02,GREEN
713557,18.495250,73.830923,42.36,3199.67,GREEN
713660,18.495250,73.830923,42.36,4362.64,GREEN
713763,18.495250,73.830923,42.36,6441.04,GREEN
713866,18.495250,73.830923,42.36,7558.78,YELLOW
713969,18.495250,73.830923,42.23,4986.64,GREEN
714071,18.495250,73.830923,42.23,6443.70,GREEN
714173,18.495250,73.830923,42.23,4874.68,GREEN
714274,18.495250,73.830923,42.23,6392.69,GREEN
714376,18.495250,73.830923,42.23,13291.37,RED
714479,18.495172,73.830853,42.23,6219.97,GREEN
714582,18.495172,73.830853,42.23,4045.50,GREEN
714685,18.495172,73.830853,42.23,4357.19,GREEN
714788,18.495172,73.830853,42.23,9496.52,YELLOW
714891,18.495172,73.830853,42.23,11188.38,RED
714994,18.495172,73.830853,41.43,9281.24,YELLOW
715096,18.495172,73.830853,41.43,6438.18,GREEN
715197,18.495172,73.830853,41.43,6200.68,GREEN
715298,18.495172,73.830853,41.43,6144.71,GREEN
715400,18.495172,73.830853,41.43,4602.86,GREEN
715503,18.495093,73.830788,41.43,5848.24,GREEN
715606,18.495093,73.830788,41.43,5283.30,GREEN
715709,18.495093,73.830788,41.43,2567.62,GREEN
715812,18.495093,73.830788,41.43,9819.20,YELLOW
715915,18.495093,73.830788,41.43,3879.53,GREEN
716018,18.495093,73.830788,40.52,7501.87,YELLOW
716119,18.495093,73.830788,40.52,6323.94,GREEN
716221,18.495093,73.830788,40.52,7243.17,YELLOW
716322,18.495093,73.830788,40.52,6700.60,GREEN
716425,18.495022,73.830717,40.52,4356.34,GREEN
716528,18.495022,73.830717,40.52,5829.08,GREEN
716631,18.495022,73.830717,40.52,6075.01,GREEN
716734,18.495022,73.830717,40.52,2763.81,GREEN
716837,18.495022,73.830717,40.52,3137.15,GREEN
716940,18.495022,73.830717,40.32,8209.25,YELLOW
717043,18.495022,73.830717,40.32,11348.40,RED
717144,18.495022,73.830717,40.32,12466.44,RED
717245,18.495022,73.830717,40.32,2017.37,GREEN
717346,18.495022,73.830717,40.32,15032.80,RED
717448,18.495022,73.830717,40.32,19149.80,RED
717551,18.494948,73.830655,40.32,3418.99,GREEN
717654,18.494948,73.830655,40.32,654.00,GREEN
717757,18.494948,73.830655,40.32,13777.56,RED
717860,18.494948,73.830655,40.32,2588.82,GREEN
717963,18.494948,73.830655,40.32,5675.76,GREEN
718066,18.494948,73.830655,37.71,9365.68,YELLOW
718168,18.494948,73.830655,37.71,8551.81,YELLOW
718269,18.494948,73.830655,37.71,11362.45,RED
718370,18.494948,73.830655,37.71,6425.12,GREEN
718472,18.494870,73.830587,37.71,5505.56,GREEN
718576,18.494870,73.830587,37.71,8217.07,YELLOW
718679,18.494870,73.830587,37.71,15119.29,RED
718782,18.494870,73.830587,37.71,3657.21,GREEN
718885,18.494870,73.830587,37.71,4600.81,GREEN
718988,18.494870,73.830587,37.71,2928.92,GREEN
719091,18.494870,73.830587,36.91,9692.91,YELLOW
719192,18.494870,73.830587,36.91,6222.47,GREEN
719293,18.494870,73.830587,36.91,12519.11,RED
719395,18.494870,73.830587,36.91,4309.96,GREEN
719498,18.494813,73.830528,36.91,18483.69,RED
719601,18.494813,73.830528,36.91,6304.20,GREEN
719704,18.494813,73.830528,36.91,18096.82,RED
719807,18.494813,73.830528,36.91,11057.13,RED
719910,18.494813,73.830528,36.91,5344.44,GREEN
720013,18.494813,73.830528,32.00,5859.35,GREEN
720115,18.494813,73.830528,32.00,3574.23,GREEN
720216,18.494813,73.830528,32.00,12174.17,RED
720317,18.494813,73.830528,32.00,18809.00,RED
720419,18.494813,73.830528,32.00,6117.96,GREEN
720522,18.494760,73.830483,32.00,3428.38,GREEN
720625,18.494760,73.830483,32.00,0.00,GREEN
720728,18.494760,73.830483,32.00,6702.86,GREEN
720831,18.494760,73.830483,32.00,9718.79,YELLOW
720934,18.494760,73.830483,32.00,4913.90,GREEN
721037,18.494760,73.830483,24.80,7092.57,YELLOW
721138,18.494760,73.830483,24.80,9521.85,YELLOW
721240,18.494760,73.830483,24.80,4864.97,GREEN
721341,18.494760,73.830483,24.80,7337.62,YELLOW
721444,18.494715,73.830442,24.80,3630.72,GREEN
721547,18.494715,73.830442,24.80,2638.40,GREEN
721650,18.494715,73.830442,24.80,4430.48,GREEN
721753,18.494715,73.830442,24.80,6788.46,GREEN
721856,18.494715,73.830442,24.80,19618.10,RED
721959,18.494715,73.830442,24.21,23503.43,RED
722062,18.494715,73.830442,24.21,9671.56,YELLOW
722163,18.494715,73.830442,24.21,11106.84,RED
722264,18.494715,73.830442,24.21,5857.79,GREEN
722365,18.494715,73.830442,24.21,12642.82,RED
722469,18.494668,73.830402,24.21,10365.74,RED
722572,18.494668,73.830402,24.21,11560.71,RED
722675,18.494668,73.830402,24.21,12706.46,RED
722778,18.494668,73.830402,24.21,7224.42,YELLOW
722881,18.494668,73.830402,24.21,4093.77,GREEN
722984,18.494668,73.830402,23.84,3305.73,GREEN
723086,18.494668,73.830402,23.84,1857.05,GREEN
723187,18.494668,73.830402,23.84,838.56,GREEN
723288,18.494668,73.830402,23.84,6535.78,GREEN
723390,18.494668,73.830402,23.84,3905.57,GREEN
723493,18.494622,73.830365,23.84,1176.83,GREEN
723596,18.494622,73.830365,23.84,14206.85,RED
723699,18.494622,73.830365,23.84,2747.54,GREEN
723802,18.494622,73.830365,23.84,7821.17,YELLOW
723905,18.494622,73.830365,23.84,1664.86,GREEN
724008,18.494622,73.830365,23.82,7693.47,YELLOW
724110,18.494622,73.830365,23.82,9571.91,YELLOW
724211,18.494622,73.830365,23.82,4341.18,GREEN
724312,18.494622,73.830365,23.82,31257.34,RED
724414,18.494568,73.830322,23.82,31175.17,RED
724518,18.494568,73.830322,23.82,6201.93,GREEN
724621,18.494568,73.830322,23.82,16053.78,RED
724724,18.494568,73.830322,23.82,9212.00,YELLOW
724827,18.494568,73.830322,23.82,17184.09,RED
724930,18.494568,73.830322,23.82,12723.82,RED
725033,18.494568,73.830322,27.69,3390.89,GREEN
725134,18.494568,73.830322,27.69,2704.73,GREEN
725235,18.494568,73.830322,27.69,955.63,GREEN
725336,18.494568,73.830322,27.69,3663.69,GREEN
725439,18.494512,73.830275,27.69,1695.96,GREEN
725542,18.494512,73.830275,27.69,2400.84,GREEN
725645,18.494512,73.830275,27.69,2821.56,GREEN
725748,18.494512,73.830275,27.69,3972.11,GREEN
725851,18.494512,73.830275,27.69,473.72,GREEN
725954,18.494512,73.830275,29.08,3665.20,GREEN
726057,18.494512,73.830275,29.08,2144.80,GREEN
726158,18.494512,73.830275,29.08,5059.09,GREEN
726259,18.494512,73.830275,29.08,0.00,GREEN
726360,18.494512,73.830275,29.08,2612.73,GREEN
726464,18.494450,73.830228,29.08,4353.06,GREEN
726567,18.494450,73.830228,29.08,3696.46,GREEN
726670,18.494450,73.830228,29.08,6998.49,GREEN
726773,18.494450,73.830228,29.08,4357.19,GREEN
726876,18.494450,73.830228,29.08,6664.15,GREEN
726979,18.494450,73.830228,30.39,2547.42,GREEN
727081,18.494450,73.830228,30.39,2313.33,GREEN
727183,18.494450,73.830228,30.39,1216.89,GREEN
727284,18.494450,73.830228,30.39,8379.03,YELLOW
727386,18.494450,73.830228,30.39,1211.15,GREEN
727489,18.494385,73.830177,30.39,4368.73,GREEN
727592,18.494385,73.830177,30.39,823.91,GREEN
727695,18.494385,73.830177,30.39,6399.51,GREEN
727798,18.494385,73.830177,30.39,3169.95,GREEN
727901,18.494385,73.830177,30.39,9703.40,YELLOW
728004,18.494385,73.830177,31.95,4669.74,GREEN
728106,18.494385,73.830177,31.95,1968.25,GREEN
728207,18.494385,73.830177,31.95,3474.38,GREEN
728308,18.494385,73.830177,31.95,2284.87,GREEN
728410,18.494317,73.830118,31.95,2604.27,GREEN
728514,18.494317,73.830118,31.95,7777.56,YELLOW
728617,18.494317,73.830118,31.95,1754.16,GREEN
728720,18.494317,73.830118,31.95,6820.49,GREEN
728823,18.494317,73.830118,31.95,8845.51,YELLOW
728926,18.494317,73.830118,31.95,7738.79,YELLOW
729029,18.494317,73.830118,33.65,6773.03,GREEN
729130,18.494317,73.830118,33.65,10015.32,RED
729232,18.494317,73.830118,33.65,14762.81,RED
729333,18.494317,73.830118,33.65,15831.88,RED
729436,18.494247,73.830062,33.65,7958.71,YELLOW
729539,18.494247,73.830062,33.65,661.99,GREEN
729642,18.494247,73.830062,33.65,6075.29,GREEN
729745,18.494247,73.830062,33.65,10972.83,RED
729848,18.494247,73.830062,33.65,12154.93,RED
729951,18.494247,73.830062,33.85,14132.97,RED
730054,18.494247,73.830062,33.85,7846.04,YELLOW
730155,18.494247,73.830062,33.85,7000.02,YELLOW
730256,18.494247,73.830062,33.85,7908.90,YELLOW
730357,18.494247,73.830062,33.85,14138.52,RED
730461,18.494173,73.830005,33.85,15367.15,RED
730564,18.494173,73.830005,33.85,7645.22,YELLOW
730667,18.494173,73.830005,33.85,1951.29,GREEN
730770,18.494173,73.830005,33.85,9778.44,YELLOW
730873,18.494173,73.830005,33.85,11284.56,RED
730976,18.494173,73.830005,34.76,9288.79,YELLOW
731078,18.494173,73.830005,34.76,10061.29,RED
731180,18.494173,73.830005,34.76,18721.33,RED
731281,18.494173,73.830005,34.76,1576.90,GREEN
731383,18.494173,73.830005,34.76,16163.76,RED
731486,18.494102,73.829945,34.76,9674.02,YELLOW
731589,18.494102,73.829945,34.76,7636.62,YELLOW
731692,18.494102,73.829945,34.76,16789.75,RED
731795,18.494102,73.829945,34.76,1683.89,GREEN
731898,18.494102,73.829945,34.76,14177.01,RED
732001,18.494102,73.829945,35.06,2126.64,GREEN
732103,18.494102,73.829945,35.06,14772.27,RED
732204,18.494102,73.829945,35.06,6191.55,GREEN
732305,18.494102,73.829945,35.06,8021.92,YELLOW
732407,18.494023,73.829883,35.06,12354.99,RED
732511,18.494023,73.829883,35.06,9096.85,YELLOW
732614,18.494023,73.829883,35.06,6163.38,GREEN
732717,18.494023,73.829883,35.06,10747.15,RED
732820,18.494023,73.829883,35.06,17230.81,RED
732923,18.494023,73.829883,35.06,6248.88,GREEN
733026,18.494023,73.829883,35.45,3143.68,GREEN
733127,18.494023,73.829883,35.45,16767.12,RED
733229,18.494023,73.829883,35.45,12288.48,RED
733330,18.494023,73.829883,35.45,4848.78,GREEN
733433,18.493942,73.829825,35.45,9995.95,YELLOW
733536,18.493942,73.829825,35.45,5174.67,GREEN
733639,18.493942,73.829825,35.45,4386.08,GREEN
733742,18.493942,73.829825,35.45,2944.54,GREEN
733845,18.493942,73.829825,35.45,11555.64,RED
733948,18.493942,73.829825,35.54,9338.92,YELLOW
734051,18.493942,73.829825,35.54,9029.31,YELLOW
734152,18.493942,73.829825,35.54,12489.60,RED
734253,18.493942,73.829825,35.54,4243.96,GREEN
734354,18.493942,73.829825,35.54,3765.22,GREEN
734458,18.493860,73.829778,35.54,5111.69,GREEN
734561,18.493860,73.829778,35.54,3569.43,GREEN
734664,18.493860,73.829778,35.54,3316.89,GREEN
734767,18.493860,73.829778,35.54,7035.76,YELLOW
734870,18.493860,73.829778,35.54,2430.64,GREEN
734973,18.493860,73.829778,35.67,7150.62,YELLOW
735075,18.493860,73.829778,35.67,3980.45,GREEN
735177,18.493860,73.829778,35.67,1618.69,GREEN
735278,18.493860,73.829778,35.67,14027.31,RED
735380,18.493860,73.829778,35.67,2328.09,GREEN
735483,18.493780,73.829727,35.67,8224.43,YELLOW
735586,18.493780,73.829727,35.67,3590.21,GREEN
735689,18.493780,73.829727,35.67,8165.85,YELLOW
735792,18.493780,73.829727,35.67,3659.49,GREEN
735895,18.493780,73.829727,35.67,20721.37,RED
735998,18.493780,73.829727,36.39,26015.61,RED
736100,18.493780,73.829727,36.39,2070.11,GREEN
736201,18.493780,73.829727,36.39,5387.83,GREEN
736302,18.493780,73.829727,36.39,11265.73,RED
736404,18.493700,73.829675,36.39,8970.04,YELLOW
736508,18.493700,73.829675,36.39,3246.28,GREEN
736611,18.493700,73.829675,36.39,8002.91,YELLOW
736714,18.493700,73.829675,36.39,2152.91,GREEN
736817,18.493700,73.829675,36.39,9783.37,YELLOW
736920,18.493700,73.829675,36.39,760.07,GREEN
737023,18.493700,73.829675,37.26,5162.65,GREEN
737124,18.493700,73.829675,37.26,7926.06,YELLOW
737226,18.493700,73.829675,37.26,7285.90,YELLOW
737327,18.493700,73.829675,37.26,1872.73,GREEN
737430,18.493618,73.829622,37.26,6052.93,GREEN
737533,18.493618,73.829622,37.26,7279.51,YELLOW
737636,18.493618,73.829622,37.26,3651.00,GREEN
737739,18.493618,73.829622,37.26,12915.04,RED
737842,18.493618,73.829622,37.26,7253.95,YELLOW
737945,18.493618,73.829622,37.45,3616.36,GREEN
738048,18.493618,73.829622,37.45,4012.32,GREEN
738149,18.493618,73.829622,37.45,2858.78,GREEN
738250,18.493618,73.829622,37.45,5392.20,GREEN
738351,18.493618,73.829622,37.45,3888.15,GREEN
738454,18.493537,73.829568,37.45,4724.59,GREEN
738557,18.493537,73.829568,37.45,6333.75,GREEN
738660,18.493537,73.829568,37.45,8402.18,YELLOW
738763,18.493537,73.829568,37.45,6176.68,GREEN
738866,18.493537,73.829568,37.45,2618.99,GREEN
738969,18.493537,73.829568,37.91,7028.43,YELLOW
739071,18.493537,73.829568,37.91,4585.29,GREEN
739173,18.493537,73.829568,37.91,7511.15,YELLOW
739274,18.493537,73.829568,37.91,17040.76,RED
739376,18.493537,73.829568,37.91,7694.11,YELLOW
739479,18.493453,73.829517,37.91,7056.49,YELLOW
739582,18.493453,73.829517,37.91,2501.82,GREEN
739685,18.493453,73.829517,37.91,8502.05,YELLOW
739788,18.493453,73.829517,37.91,3801.66,GREEN
739891,18.493453,73.829517,37.91,1895.16,GREEN
739994,18.493453,73.829517,37.98,6117.45,GREEN
740096,18.493453,73.829517,37.98,3298.31,GREEN
740197,18.493453,73.829517,37.98,3763.41,GREEN
740298,18.493453,73.829517,37.98,11955.56,RED
740400,18.493453,73.829517,37.98,5875.05,GREEN
740503,18.493368,73.829468,37.98,11277.21,RED
740606,18.493368,73.829468,37.98,7644.05,YELLOW
740709,18.493368,73.829468,37.98,4477.01,GREEN
740812,18.493368,73.829468,37.98,2529.40,GREEN
740915,18.493368,73.829468,37.98,20404.28,RED
741018,18.493368,73.829468,37.84,26874.38,RED
741119,18.493368,73.829468,37.84,7898.07,YELLOW
741221,18.493368,73.829468,37.84,4243.89,GREEN
741322,18.493368,73.829468,37.84,14068.82,RED
741425,18.493282,73.829420,37.84,2513.59,GREEN
741528,18.493282,73.829420,37.84,7664.40,YELLOW
741631,18.493282,73.829420,37.84,5210.20,GREEN
741734,18.493282,73.829420,37.84,6757.06,GREEN
741837,18.493282,73.829420,37.84,10066.17,RED
741940,18.493282,73.829420,37.97,15727.48,RED
742043,18.493282,73.829420,37.97,3176.10,GREEN
742144,18.493282,73.829420,37.97,11946.48,RED
742245,18.493282,73.829420,37.97,11170.70,RED
742346,18.493282,73.829420,37.97,12476.85,RED
742449,18.493198,73.829383,37.97,9488.54,YELLOW
742552,18.493198,73.829383,37.97,6976.50,GREEN
742655,18.493198,73.829383,37.97,2897.38,GREEN
742758,18.493198,73.829383,37.97,5128.22,GREEN
742861,18.493198,73.829383,37.97,11644.43,RED
742964,18.493198,73.829383,34.89,3224.48,GREEN
743067,18.493198,73.829383,34.89,1949.28,GREEN
743168,18.493198,73.829383,34.89,3911.23,GREEN
743269,18.493198,73.829383,34.89,21307.18,RED
743371,18.493198,73.829383,34.89,13038.08,RED
743474,18.493115,73.829343,34.89,11298.37,RED
743577,18.493115,73.829343,34.89,11986.65,RED
743680,18.493115,73.829343,34.89,14877.05,RED
743783,18.493115,73.829343,34.89,7406.03,YELLOW
743886,18.493115,73.829343,34.89,5309.01,GREEN
743989,18.493115,73.829343,36.35,10256.64,RED
744091,18.493115,73.829343,36.35,17376.72,RED
744192,18.493115,73.829343,36.35,2810.72,GREEN
744293,18.493115,73.829343,36.35,691.34,GREEN
744395,18.493115,73.829343,36.35,5767.21,GREEN
744498,18.493035,73.829303,36.35,3677.77,GREEN
744601,18.493035,73.829303,36.35,9113.53,YELLOW
744704,18.493035,73.829303,36.35,6223.07,GREEN
744807,18.493035,73.829303,36.35,6138.04,GREEN
744910,18.493035,73.829303,36.35,4967.17,GREEN
745013,18.493035,73.829303,34.26,4153.15,GREEN
745115,18.493035,73.829303,34.26,6023.11,GREEN
745216,18.493035,73.829303,34.26,9997.21,YELLOW
745317,18.493035,73.829303,34.26,8279.37,YELLOW
745420,18.492958,73.829263,34.26,2437.68,GREEN
745523,18.492958,73.829263,34.26,13702.27,RED
745626,18.492958,73.829263,34.26,21271.63,RED
745729,18.492958,73.829263,34.26,941.81,GREEN
745832,18.492958,73.829263,34.26,7842.36,YELLOW
745935,18.492958,73.829263,34.26,4435.03,GREEN
746038,18.492958,73.829263,33.32,3663.82,GREEN
746139,18.492958,73.829263,33.32,4252.74,GREEN
746240,18.492958,73.829263,33.32,5600.15,GREEN
746341,18.492958,73.829263,33.32,4638.01,GREEN
746444,18.492883,73.829222,33.32,11341.09,RED
746547,18.492883,73.829222,33.32,3013.26,GREEN
746650,18.492883,73.829222,33.32,3216.16,GREEN
746753,18.492883,73.829222,33.32,7198.50,YELLOW
746856,18.492883,73.829222,33.32,4715.80,GREEN
746959,18.492883,73.829222,33.15,3087.43,GREEN
747062,18.492883,73.829222,33.15,1407.71,GREEN
747163,18.492883,73.829222,33.15,1098.28,GREEN
747264,18.492883,73.829222,33.15,3430.77,GREEN
747365,18.492883,73.829222,33.15,13091.39,RED
747469,18.492813,73.829183,33.15,1706.61,GREEN
747572,18.492813,73.829183,33.15,10104.74,RED
747675,18.492813,73.829183,33.15,2557.10,GREEN
747778,18.492813,73.829183,33.15,3314.65,GREEN
747881,18.492813,73.829183,33.15,15367.55,RED
747984,18.492813,73.829183,30.08,3279.99,GREEN
748086,18.492813,73.829183,30.08,9703.96,YELLOW
748187,18.492813,73.829183,30.08,11572.76,RED
748288,18.492813,73.829183,30.08,9050.44,YELLOW
748390,18.492813,73.829183,30.08,16791.64,RED
748493,18.492747,73.829152,30.08,23497.36,RED
748596,18.492747,73.829152,30.08,7484.49,YELLOW
748699,18.492747,73.829152,30.08,12593.83,RED
748802,18.492747,73.829152,30.08,7829.26,YELLOW
748905,18.492747,73.829152,30.08,6686.13,GREEN
749008,18.492747,73.829152,27.48,2678.86,GREEN
749110,18.492747,73.829152,27.48,18340.72,RED
749211,18.492747,73.829152,27.48,21234.70,RED
749312,18.492747,73.829152,27.48,8711.63,YELLOW
749414,18.492685,73.829117,27.48,4476.55,GREEN
749518,18.492685,73.829117,27.48,4731.80,GREEN
749621,18.492685,73.829117,27.48,8738.78,YELLOW
749724,18.492685,73.829117,27.48,12721.67,RED
749827,18.492685,73.829117,27.48,9768.93,YELLOW
749930,18.492685,73.829117,27.48,0.00,GREEN
750033,18.492685,73.829117,27.00,3110.54,GREEN
750134,18.492685,73.829117,27.00,8317.73,YELLOW
750235,18.492685,73.829117,27.00,5689.57,GREEN
750336,18.492685,73.829117,27.00,12116.13,RED
750439,18.492627,73.829093,27.00,15319.62,RED
750542,18.492627,73.829093,27.00,28182.66,RED
750645,18.492627,73.829093,27.00,8766.14,YELLOW
750748,18.492627,73.829093,27.00,25486.77,RED
750851,18.492627,73.829093,27.00,19057.67,RED
750954,18.492627,73.829093,23.85,10989.52,RED
751057,18.492627,73.829093,23.85,18373.56,RED
751158,18.492627,73.829093,23.85,8690.80,YELLOW
751259,18.492627,73.829093,23.85,7417.43,YELLOW
751360,18.492627,73.829093,23.85,5709.93,GREEN
751463,18.492575,73.829070,23.85,3601.51,GREEN
751566,18.492575,73.829070,23.85,4260.86,GREEN
751669,18.492575,73.829070,23.85,3175.77,GREEN
751772,18.492575,73.829070,23.85,2063.94,GREEN
751875,18.492575,73.829070,23.85,3691.28,GREEN
751978,18.492575,73.829070,21.98,2919.07,GREEN
752081,18.492575,73.829070,21.98,4058.38,GREEN
752182,18.492575,73.829070,21.98,5.32,GREEN
752283,18.492575,73.829070,21.98,794.96,GREEN
752384,18.492575,73.829070,21.98,1889.63,GREEN
752488,18.492522,73.829053,21.98,8499.88,YELLOW
752591,18.492522,73.829053,21.98,5725.40,GREEN
752694,18.492522,73.829053,21.98,3965.04,GREEN
752797,18.492522,73.829053,21.98,9523.92,YELLOW
752900,18.492522,73.829053,21.98,5421.15,GREEN
753003,18.492522,73.829053,21.39,9588.58,YELLOW
753105,18.492522,73.829053,21.39,4974.38,GREEN
753206,18.492522,73.829053,21.39,3618.70,GREEN
753307,18.492522,73.829053,21.39,7746.45,YELLOW
753409,18.492468,73.829035,21.39,4936.67,GREEN
753513,18.492468,73.829035,21.39,1673.69,GREEN
753616,18.492468,73.829035,21.39,4123.51,GREEN
753719,18.492468,73.829035,21.39,6001.71,GREEN
753822,18.492468,73.829035,21.39,1752.20,GREEN
753925,18.492468,73.829035,21.39,7140.51,YELLOW
754028,18.492468,73.829035,21.15,5824.55,GREEN
754129,18.492468,73.829035,21.15,4478.18,GREEN
754231,18.492468,73.829035,21.15,5073.03,GREEN
754332,18.492468,73.829035,21.15,2253.70,GREEN
754435,18.492417,73.829020,21.15,2237.63,GREEN
754538,18.492417,73.829020,21.15,8475.00,YELLOW
754641,18.492417,73.829020,21.15,6147.17,GREEN
754744,18.492417,73.829020,21.15,5212.74,GREEN
754847,18.492417,73.829020,21.15,3572.36,GREEN
754950,18.492417,73.829020,21.34,9496.81,YELLOW
755053,18.492417,73.829020,21.34,1922.11,GREEN
755154,18.492417,73.829020,21.34,4973.18,GREEN
755255,18.492417,73.829020,21.34,3028.72,GREEN
755356,18.492417,73.829020,21.34,3884.70,GREEN
755460,18.492367,73.829010,21.34,4549.00,GREEN
755563,18.492367,73.829010,21.34,5898.83,GREEN
755666,18.492367,73.829010,21.34,2661.31,GREEN
755769,18.492367,73.829010,21.34,6725.17,GREEN
755872,18.492367,73.829010,21.34,4013.37,GREEN
755975,18.492367,73.829010,22.02,2344.68,GREEN
756077,18.492367,73.829010,22.02,2588.76,GREEN
756179,18.492367,73.829010,22.02,60.80,GREEN
756280,18.492367,73.829010,22.02,1788.25,GREEN
756382,18.492367,73.829010,22.02,5013.38,GREEN
756485,18.492317,73.829005,22.02,6516.79,GREEN
756588,18.492317,73.829005,22.02,5514.43,GREEN
756691,18.492317,73.829005,22.02,12192.35,RED
756794,18.492317,73.829005,22.02,11626.91,RED
756897,18.492317,73.829005,22.02,3402.48,GREEN
757000,18.492317,73.829005,22.65,2758.34,GREEN
757102,18.492317,73.829005,22.65,6470.56,GREEN
757203,18.492317,73.829005,22.65,5483.24,GREEN
757304,18.492317,73.829005,22.65,4762.90,GREEN
757406,18.492267,73.829002,22.65,9828.53,YELLOW
757510,18.492267,73.829002,22.65,3237.22,GREEN
757613,18.492267,73.829002,22.65,3994.27,GREEN
757716,18.492267,73.829002,22.65,5285.63,GREEN
757819,18.492267,73.829002,22.65,7719.90,YELLOW
757922,18.492267,73.829002,22.65,2968.56,GREEN
758025,18.492267,73.829002,22.32,7488.88,YELLOW
758126,18.492267,73.829002,22.32,473.19,GREEN
758228,18.492267,73.829002,22.32,11873.56,RED
758329,18.492267,73.829002,22.32,10061.49,RED
758432,18.492215,73.828988,22.32,7876.69,YELLOW
758535,18.492215,73.828988,22.32,8798.25,YELLOW
758638,18.492215,73.828988,22.32,5000.82,GREEN
758741,18.492215,73.828988,22.32,3238.14,GREEN
758844,18.492215,73.828988,22.32,5629.70,GREEN
758947,18.492215,73.828988,23.43,11019.82,RED
759050,18.492215,73.828988,23.43,10019.75,RED
759151,18.492215,73.828988,23.43,8531.24,YELLOW
759252,18.492215,73.828988,23.43,11415.83,RED
759353,18.492215,73.828988,23.43,8497.06,YELLOW
759456,18.492170,73.828970,23.43,5529.65,GREEN
759559,18.492170,73.828970,23.43,9274.48,YELLOW
759662,18.492170,73.828970,23.43,9146.84,YELLOW
759765,18.492170,73.828970,23.43,5811.68,GREEN
759868,18.492170,73.828970,23.43,5429.04,GREEN
759971,18.492170,73.828970,20.96,729.90,GREEN
760073,18.492170,73.828970,20.96,9137.71,YELLOW
760175,18.492170,73.828970,20.96,8374.71,YELLOW
760276,18.492170,73.828970,20.96,10704.13,RED
760378,18.492170,73.828970,20.96,7465.90,YELLOW
760481,18.492117,73.828943,20.96,11188.49,RED
760584,18.492117,73.828943,20.96,13663.73,RED
760687,18.492117,73.828943,20.96,7201.78,YELLOW
760790,18.492117,73.828943,20.96,9099.13,YELLOW
760893,18.492117,73.828943,20.96,7063.84,YELLOW
760996,18.492117,73.828943,24.30,10497.36,RED
761098,18.492117,73.828943,24.30,7369.13,YELLOW
761199,18.492117,73.828943,24.30,7542.76,YELLOW
761300,18.492117,73.828943,24.30,9839.34,YELLOW
761402,18.492117,73.828943,24.30,2102.76,GREEN
761506,18.492060,73.828917,24.30,2034.44,GREEN
761609,18.492060,73.828917,24.30,1828.26,GREEN
761712,18.492060,73.828917,24.30,2336.54,GREEN
761815,18.492060,73.828917,24.30,2434.47,GREEN
761918,18.492060,73.828917,24.30,6086.85,GREEN
762021,18.492060,73.828917,24.82,1005.82,GREEN
762122,18.492060,73.828917,24.82,2217.58,GREEN
762224,18.492060,73.828917,24.82,7697.18,YELLOW
762325,18.492060,73.828917,24.82,2838.89,GREEN
762428,18.492000,73.828893,24.82,9057.22,YELLOW
762531,18.492000,73.828893,24.82,6399.33,GREEN
762634,18.492000,73.828893,24.82,3201.41,GREEN
762737,18.492000,73.828893,24.82,1951.17,GREEN
762840,18.492000,73.828893,24.82,2534.52,GREEN
762943,18.492000,73.828893,26.09,3744.31,GREEN
763046,18.492000,73.828893,26.09,1549.09,GREEN
763147,18.492000,73.828893,26.09,2929.93,GREEN
763248,18.492000,73.828893,26.09,1068.24,GREEN
763349,18.492000,73.828893,26.09,5348.53,GREEN
763452,18.491943,73.828868,26.09,1229.95,GREEN
763555,18.491943,73.828868,26.09,6566.46,GREEN
763658,18.491943,73.828868,26.09,4568.83,GREEN
763761,18.491943,73.828868,26.09,2154.94,GREEN
763864,18.491943,73.828868,26.09,6745.58,GREEN
763967,18.491943,73.828868,22.91,6069.17,GREEN
764069,18.491943,73.828868,22.91,5387.83,GREEN
764171,18.491943,73.828868,22.91,5700.97,GREEN
764272,18.491943,73.828868,22.91,4706.03,GREEN
764374,18.491943,73.828868,22.91,5557.32,GREEN
764477,18.491882,73.828837,22.91,10207.43,RED
764580,18.491882,73.828837,22.91,9499.67,YELLOW
764683,18.491882,73.828837,22.91,15547.99,RED
764786,18.491882,73.828837,22.91,2568.07,GREEN
764889,18.491882,73.828837,22.91,8309.70,YELLOW
764992,18.491882,73.828837,27.97,1901.46,GREEN
765094,18.491882,73.828837,27.97,8080.78,YELLOW
765195,18.491882,73.828837,27.97,5547.28,GREEN
765296,18.491882,73.828837,27.97,4501.51,GREEN
765398,18.491882,73.828837,27.97,3440.45,GREEN
765501,18.491818,73.828798,27.97,2562.29,GREEN
765604,18.491818,73.828798,27.97,3008.48,GREEN
765707,18.491818,73.828798,27.97,2758.42,GREEN
765810,18.491818,73.828798,27.97,759.99,GREEN
765913,18.491818,73.828798,27.97,1099.36,GREEN
766016,18.491818,73.828798,27.91,5210.28,GREEN
766117,18.491818,73.828798,27.91,5998.65,GREEN
766219,18.491818,73.828798,27.91,3317.81,GREEN
766320,18.491818,73.828798,27.91,7637.13,YELLOW
766423,18.491757,73.828760,27.91,13274.75,RED
766526,18.491757,73.828760,27.91,11188.46,RED
766629,18.491757,73.828760,27.91,2037.28,GREEN
766732,18.491757,73.828760,27.91,4920.06,GREEN
766835,18.491757,73.828760,27.91,9098.57,YELLOW
766938,18.491757,73.828760,27.09,11542.53,RED
767041,18.491757,73.828760,27.09,13136.80,RED
767142,18.491757,73.828760,27.09,6229.54,GREEN
767243,18.491757,73.828760,27.09,5855.78,GREEN
767344,18.491757,73.828760,27.09,6281.06,GREEN
767448,18.491700,73.828723,27.09,9762.72,YELLOW
767551,18.491700,73.828723,27.09,7627.57,YELLOW
767654,18.491700,73.828723,27.09,7946.48,YELLOW
767757,18.491700,73.828723,27.09,5871.66,GREEN
767860,18.491700,73.828723,27.09,11169.94,RED
767963,18.491700,73.828723,25.74,17888.01,RED
768065,18.491700,73.828723,25.74,19484.38,RED
768166,18.491700,73.828723,25.74,16052.20,RED
768267,18.491700,73.828723,25.74,8457.42,YELLOW
768369,18.491700,73.828723,25.74,5257.96,GREEN
768472,18.491647,73.828687,25.74,12416.47,RED
768575,18.491647,73.828687,25.74,5852.54,GREEN
768678,18.491647,73.828687,25.74,3909.85,GREEN
768781,18.491647,73.828687,25.74,9689.97,YELLOW
768884,18.491647,73.828687,25.74,6522.77,GREEN
768987,18.491647,73.828687,25.06,13737.50,RED
769089,18.491647,73.828687,25.06,16957.50,RED
769190,18.491647,73.828687,25.06,3928.46,GREEN
769291,18.491647,73.828687,25.06,8526.71,YELLOW
769393,18.491597,73.828652,25.06,5872.30,GREEN
769497,18.491597,73.828652,25.06,11271.45,RED
769600,18.491597,73.828652,25.06,16199.88,RED
769703,18.491597,73.828652,25.06,6937.39,GREEN
769806,18.491597,73.828652,25.06,5109.01,GREEN
769909,18.491597,73.828652,25.06,9560.55,YELLOW
770012,18.491597,73.828652,24.30,9850.33,YELLOW
770113,18.491597,73.828652,24.30,14093.52,RED
770214,18.491597,73.828652,24.30,15156.19,RED
770315,18.491597,73.828652,24.30,17254.74,RED
770418,18.491548,73.828618,24.30,7110.66,YELLOW
770521,18.491548,73.828618,24.30,17391.66,RED
770624,18.491548,73.828618,24.30,13199.93,RED
770727,18.491548,73.828618,24.30,1674.47,GREEN
770830,18.491548,73.828618,24.30,10843.82,RED
770933,18.491548,73.828618,23.82,5793.15,GREEN
771036,18.491548,73.828618,23.82,8350.04,YELLOW
771137,18.491548,73.828618,23.82,11196.88,RED
771238,18.491548,73.828618,23.82,12123.07,RED
771339,18.491548,73.828618,23.82,14957.36,RED
771442,18.491500,73.828578,23.82,7113.98,YELLOW
771545,18.491500,73.828578,23.82,8935.54,YELLOW
771648,18.491500,73.828578,23.82,7121.18,YELLOW
771751,18.491500,73.828578,23.82,8435.44,YELLOW
771854,18.491500,73.828578,23.82,8255.24,YELLOW
771957,18.491500,73.828578,24.95,5101.07,GREEN
772060,18.491500,73.828578,24.95,6461.44,GREEN
772161,18.491500,73.828578,24.95,6640.44,GREEN
772262,18.491500,73.828578,24.95,8951.34,YELLOW
772363,18.491500,73.828578,24.95,9473.63,YELLOW
772467,18.491452,73.828537,24.95,4252.68,GREEN
772570,18.491452,73.828537,24.95,10101.47,RED
772673,18.491452,73.828537,24.95,5896.62,GREEN
772776,18.491452,73.828537,24.95,8337.19,YELLOW
772879,18.491452,73.828537,24.95,1854.40,GREEN
772982,18.491452,73.828537,24.98,2414.53,GREEN
773084,18.491452,73.828537,24.98,5181.36,GREEN
773185,18.491452,73.828537,24.98,3696.75,GREEN
773286,18.491452,73.828537,24.98,2135.34,GREEN
773388,18.491452,73.828537,24.98,3616.11,GREEN
773491,18.491408,73.828497,24.98,3420.44,GREEN
773594,18.491408,73.828497,24.98,3209.64,GREEN
773697,18.491408,73.828497,24.98,9227.93,YELLOW
773800,18.491408,73.828497,24.98,2199.87,GREEN
773903,18.491408,73.828497,24.98,7705.72,YELLOW
774006,18.491408,73.828497,23.06,896.70,GREEN
774108,18.491408,73.828497,23.06,4674.42,GREEN
774209,18.491408,73.828497,23.06,6069.91,GREEN
774310,18.491408,73.828497,23.06,9288.63,YELLOW
774412,18.491367,73.828462,23.06,3602.06,GREEN
774516,18.491367,73.828462,23.06,3564.85,GREEN
774619,18.491367,73.828462,23.06,855.78,GREEN
774722,18.491367,73.828462,23.06,1154.68,GREEN
774825,18.491367,73.828462,23.06,4490.61,GREEN
774928,18.491367,73.828462,23.06,3904.85,GREEN
775031,18.491367,73.828462,20.41,4824.18,GREEN
775132,18.491367,73.828462,20.41,8145.38,YELLOW
775233,18.491367,73.828462,20.41,9596.76,YELLOW
775334,18.491367,73.828462,20.41,12039.79,RED
775437,18.491325,73.828423,20.41,6998.68,GREEN
775540,18.491325,73.828423,20.41,6045.90,GREEN
775643,18.491325,73.828423,20.41,2917.23,GREEN
775746,18.491325,73.828423,20.41,4116.40,GREEN
775849,18.491325,73.828423,20.41,5265.34,GREEN
775952,18.491325,73.828423,21.82,6781.37,GREEN
776055,18.491325,73.828423,21.82,9938.01,YELLOW
776156,18.491325,73.828423,21.82,5735.34,GREEN
776257,18.491325,73.828423,21.82,13515.62,RED
776358,18.491325,73.828423,21.82,14665.24,RED
776462,18.491277,73.828388,21.82,5581.54,GREEN
776565,18.491277,73.828388,21.82,8127.30,YELLOW
776668,18.491277,73.828388,21.82,1831.73,GREEN
776771,18.491277,73.828388,21.82,7387.31,YELLOW
776874,18.491277,73.828388,21.82,8867.42,YELLOW
776977,18.491277,73.828388,23.91,9190.30,YELLOW
777079,18.491277,73.828388,23.91,0.00,GREEN
777181,18.491277,73.828388,23.91,4269.27,GREEN
777282,18.491277,73.828388,23.91,2927.74,GREEN
777384,18.491277,73.828388,23.91,2284.63,GREEN
777487,18.491227,73.828348,23.91,4656.04,GREEN
777590,18.491227,73.828348,23.91,8088.56,YELLOW
777693,18.491227,73.828348,23.91,3615.37,GREEN
777796,18.491227,73.828348,23.91,6267.08,GREEN
777899,18.491227,73.828348,23.91,2355.54,GREEN
778002,18.491227,73.828348,26.37,7930.59,YELLOW
778104,18.491227,73.828348,26.37,10002.64,RED
778205,18.491227,73.828348,26.37,7228.16,YELLOW
778306,18.491227,73.828348,26.37,5399.87,GREEN
778408,18.491172,73.828305,26.37,3988.54,GREEN
778512,18.491172,73.828305,26.37,3296.66,GREEN
778615,18.491172,73.828305,26.37,3166.96,GREEN
778718,18.491172,73.828305,26.37,9813.44,YELLOW
778821,18.491172,73.828305,26.37,7858.39,YELLOW
778924,18.491172,73.828305,26.37,7363.31,YELLOW
779027,18.491172,73.828305,27.41,6374.40,GREEN
779128,18.491172,73.828305,27.41,6273.14,GREEN
779230,18.491172,73.828305,27.41,5243.48,GREEN
779331,18.491172,73.828305,27.41,2503.24,GREEN
779434,18.491112,73.828253,27.41,553.52,GREEN
779537,18.491112,73.828253,27.41,7257.45,YELLOW
779640,18.491112,73.828253,27.41,6407.97,GREEN
779743,18.491112,73.828253,27.41,5819.89,GREEN
779846,18.491112,73.828253,27.41,3534.49,GREEN
779949,18.491112,73.828253,31.28,1335.04,GREEN
780052,18.491112,73.828253,31.28,4790.75,GREEN
780153,18.491112,73.828253,31.28,4254.48,GREEN
780254,18.491112,73.828253,31.28,819.08,GREEN
780355,18.491112,73.828253,31.28,2627.04,GREEN
780459,18.491045,73.828202,31.28,2689.23,GREEN
780562,18.491045,73.828202,31.28,2310.78,GREEN
780665,18.491045,73.828202,31.28,5183.96,GREEN
780768,18.491045,73.828202,31.28,2042.34,GREEN
780871,18.491045,73.828202,31.28,11501.92,RED
780974,18.491045,73.828202,33.30,9209.79,YELLOW
781076,18.491045,73.828202,33.30,3768.56,GREEN
781178,18.491045,73.828202,33.30,6582.74,GREEN
781279,18.491045,73.828202,33.30,2612.13,GREEN
781381,18.491045,73.828202,33.30,4519.42,GREEN
781484,18.490977,73.828150,33.30,5647.14,GREEN
781587,18.490977,73.828150,33.30,7365.44,YELLOW
781690,18.490977,73.828150,33.30,9029.90,YELLOW
781793,18.490977,73.828150,33.30,4384.66,GREEN
781896,18.490977,73.828150,33.30,3938.51,GREEN
781999,18.490977,73.828150,33.02,6203.26,GREEN
782101,18.490977,73.828150,33.02,3948.77,GREEN
782202,18.490977,73.828150,33.02,6940.28,GREEN
782303,18.490977,73.828150,33.02,6547.59,GREEN
782405,18.490913,73.828095,33.02,2636.51,GREEN
782509,18.490913,73.828095,33.02,3239.34,GREEN
782612,18.490913,73.828095,33.02,10189.44,RED
782715,18.490913,73.828095,33.02,10972.91,RED
782818,18.490913,73.828095,33.02,3095.32,GREEN
782921,18.490913,73.828095,33.02,5922.03,GREEN
783024,18.490913,73.828095,31.85,4982.76,GREEN
783125,18.490913,73.828095,31.85,8926.12,YELLOW
783227,18.490913,73.828095,31.85,2594.87,GREEN
783328,18.490913,73.828095,31.85,13009.11,RED
783431,18.490843,73.828048,31.85,6516.46,GREEN
783534,18.490843,73.828048,31.85,13020.79,RED
783637,18.490843,73.828048,31.85,2421.98,GREEN
783740,18.490843,73.828048,31.85,4607.24,GREEN
783843,18.490843,73.828048,31.85,13664.96,RED
783946,18.490843,73.828048,31.97,5931.50,GREEN
784049,18.490843,73.828048,31.97,2696.92,GREEN
784150,18.490843,73.828048,31.97,7895.10,YELLOW
784251,18.490843,73.828048,31.97,2308.26,GREEN
784352,18.490843,73.828048,31.97,238.10,GREEN
784455,18.490780,73.828000,31.97,4813.82,GREEN
784558,18.490780,73.828000,31.97,2226.54,GREEN
784661,18.490780,73.828000,31.97,3584.58,GREEN
784764,18.490780,73.828000,31.97,2435.23,GREEN
784867,18.490780,73.828000,31.97,2172.97,GREEN
784970,18.490780,73.828000,30.85,1811.11,GREEN
785072,18.490780,73.828000,30.85,6334.68,GREEN
785174,18.490780,73.828000,30.85,4472.99,GREEN
785275,18.490780,73.828000,30.85,3686.37,GREEN
785377,18.490780,73.828000,30.85,4314.89,GREEN
785480,18.490718,73.827950,30.85,8224.44,YELLOW
785583,18.490718,73.827950,30.85,8102.99,YELLOW
785686,18.490718,73.827950,30.85,2472.77,GREEN
785789,18.490718,73.827950,30.85,3826.16,GREEN
785892,18.490718,73.827950,30.85,12467.17,RED
785995,18.490718,73.827950,30.48,2843.24,GREEN
786097,18.490718,73.827950,30.48,5610.63,GREEN
786198,18.490718,73.827950,30.48,1656.91,GREEN
786299,18.490718,73.827950,30.48,6099.96,GREEN
786401,18.490718,73.827950,30.48,4168.02,GREEN
786505,18.490657,73.827905,30.48,4946.14,GREEN
786608,18.490657,73.827905,30.48,3273.37,GREEN
786711,18.490657,73.827905,30.48,2282.52,GREEN
786814,18.490657,73.827905,30.48,8960.52,YELLOW
786917,18.490657,73.827905,30.48,9237.72,YELLOW
787020,18.490657,73.827905,29.67,5629.60,GREEN
787121,18.490657,73.827905,29.67,3791.01,GREEN
787223,18.490657,73.827905,29.67,4355.36,GREEN
787324,18.490657,73.827905,29.67,7717.31,YELLOW
787427,18.490597,73.827858,29.67,624.76,GREEN
787530,18.490597,73.827858,29.67,7143.11,YELLOW
787633,18.490597,73.827858,29.67,2477.45,GREEN
787736,18.490597,73.827858,29.67,8582.80,YELLOW
787839,18.490597,73.827858,29.67,3490.46,GREEN
787942,18.490597,73.827858,29.85,5592.13,GREEN
788045,18.490597,73.827858,29.85,3631.64,GREEN
788146,18.490597,73.827858,29.85,3317.44,GREEN
788247,18.490597,73.827858,29.85,10096.20,RED
788348,18.490597,73.827858,29.85,12278.98,RED
788451,18.490535,73.827812,29.85,3269.67,GREEN
788554,18.490535,73.827812,29.85,7371.55,YELLOW
788657,18.490535,73.827812,29.85,16596.95,RED
788760,18.490535,73.827812,29.85,699.12,GREEN
788863,18.490535,73.827812,29.85,7449.85,YELLOW
788966,18.490535,73.827812,31.34,8513.35,YELLOW
789069,18.490535,73.827812,31.34,5058.79,GREEN
789170,18.490535,73.827812,31.34,4779.70,GREEN
789271,18.490535,73.827812,31.34,10009.63,RED
789373,18.490535,73.827812,31.34,5542.20,GREEN
789476,18.490475,73.827760,31.34,6469.29,GREEN
789579,18.490475,73.827760,31.34,6771.56,GREEN
789682,18.490475,73.827760,31.34,4090.72,GREEN
789785,18.490475,73.827760,31.34,13098.08,RED
789888,18.490475,73.827760,31.34,4652.26,GREEN
789991,18.490475,73.827760,30.30,3299.71,GREEN
790093,18.490475,73.827760,30.30,1828.92,GREEN
790194,18.490475,73.827760,30.30,4073.85,GREEN
790295,18.490475,73.827760,30.30,1058.46,GREEN
790397,18.490475,73.827760,30.30,4078.78,GREEN
790500,18.490417,73.827717,30.30,7833.29,YELLOW
790603,18.490417,73.827717,30.30,8096.64,YELLOW
790706,18.490417,73.827717,30.30,4723.52,GREEN
790809,18.490417,73.827717,30.30,4735.77,GREEN
790912,18.490417,73.827717,30.30,1992.00,GREEN
791015,18.490417,73.827717,28.35,9184.02,YELLOW
791117,18.490417,73.827717,28.35,2742.80,GREEN
791218,18.490417,73.827717,28.35,1792.03,GREEN
791319,18.490417,73.827717,28.35,4484.38,GREEN
791422,18.490358,73.827672,28.35,13733.48,RED
791525,18.490358,73.827672,28.35,14241.80,RED
791628,18.490358,73.827672,28.35,12904.71,RED
791731,18.490358,73.827672,28.35,3468.71,GREEN
791834,18.490358,73.827672,28.35,2664.61,GREEN
791937,18.490358,73.827672,28.35,1014.41,GREEN
792040,18.490358,73.827672,31.84,8940.40,YELLOW
792141,18.490358,73.827672,31.84,11912.27,RED
792242,18.490358,73.827672,31.84,7121.48,YELLOW
792343,18.490358,73.827672,31.84,7363.68,YELLOW
792446,18.490292,73.827618,31.84,4652.63,GREEN
792549,18.490292,73.827618,31.84,9139.26,YELLOW
792652,18.490292,73.827618,31.84,3980.47,GREEN
792755,18.490292,73.827618,31.84,10536.39,RED
792858,18.490292,73.827618,31.84,4298.85,GREEN
792961,18.490292,73.827618,34.37,2488.22,GREEN
793064,18.490292,73.827618,34.37,5871.21,GREEN
793165,18.490292,73.827618,34.37,5815.11,GREEN
793266,18.490292,73.827618,34.37,4477.04,GREEN
793367,18.490292,73.827618,34.37,6096.31,GREEN
793471,18.490227,73.827572,34.37,5219.49,GREEN
793574,18.490227,73.827572,34.37,5219.23,GREEN
793677,18.490227,73.827572,34.37,6329.93,GREEN
793780,18.490227,73.827572,34.37,845.81,GREEN
793883,18.490227,73.827572,34.37,3121.59,GREEN
793986,18.490227,73.827572,31.65,5475.00,GREEN
794088,18.490227,73.827572,31.65,4505.97,GREEN
794189,18.490227,73.827572,31.65,5160.81,GREEN
794290,18.490227,73.827572,31.65,5010.86,GREEN
794392,18.490227,73.827572,31.65,7866.39,YELLOW
794495,18.490163,73.827523,31.65,6862.41,GREEN
794598,18.490163,73.827523,31.65,14550.64,RED
794701,18.490163,73.827523,31.65,4338.52,GREEN
794804,18.490163,73.827523,31.65,11416.15,RED
794907,18.490163,73.827523,31.65,1198.59,GREEN
795010,18.490163,73.827523,31.39,8328.42,YELLOW
795112,18.490163,73.827523,31.39,3966.83,GREEN
795213,18.490163,73.827523,31.39,1784.93,GREEN
795314,18.490163,73.827523,31.39,2636.69,GREEN
795417,18.490102,73.827482,31.39,8926.13,YELLOW
795520,18.490102,73.827482,31.39,6779.72,GREEN
795623,18.490102,73.827482,31.39,3336.25,GREEN
795726,18.490102,73.827482,31.39,2532.82,GREEN
795829,18.490102,73.827482,31.39,2676.08,GREEN
795932,18.490102,73.827482,31.39,4119.10,GREEN
796035,18.490102,73.827482,29.97,8179.81,YELLOW
796136,18.490102,73.827482,29.97,3414.59,GREEN
796237,18.490102,73.827482,29.97,7593.48,YELLOW
796338,18.490102,73.827482,29.97,7317.11,YELLOW
796441,18.490040,73.827437,29.97,699.00,GREEN
796544,18.490040,73.827437,29.97,1141.43,GREEN
796647,18.490040,73.827437,29.97,4385.64,GREEN
796750,18.490040,73.827437,29.97,6136.67,GREEN
796853,18.490040,73.827437,29.97,3868.64,GREEN
796956,18.490040,73.827437,28.95,4084.43,GREEN
797059,18.490040,73.827437,28.95,4155.33,GREEN
797160,18.490040,73.827437,28.95,5215.73,GREEN
797261,18.490040,73.827437,28.95,7275.81,YELLOW
797362,18.490040,73.827437,28.95,2248.94,GREEN
797466,18.489988,73.827388,28.95,5978.53,GREEN
797569,18.489988,73.827388,28.95,11206.65,RED
797672,18.489988,73.827388,28.95,6690.83,GREEN
797775,18.489988,73.827388,28.95,13232.57,RED
797878,18.489988,73.827388,28.95,17257.77,RED
797981,18.489988,73.827388,28.21,10019.99,RED
798083,18.489988,73.827388,28.21,8873.66,YELLOW
798185,18.489988,73.827388,28.21,17906.69,RED
798286,18.489988,73.827388,28.21,13661.92,RED
798388,18.489988,73.827388,28.21,16741.69,RED
798491,18.489938,73.827342,28.21,4481.77,GREEN
798594,18.489938,73.827342,28.21,14172.71,RED
798697,18.489938,73.827342,28.21,8724.17,YELLOW
798800,18.489938,73.827342,28.21,3394.03,GREEN
798903,18.489938,73.827342,28.21,1694.08,GREEN
799006,18.489938,73.827342,27.67,2448.20,GREEN
799108,18.489938,73.827342,27.67,5994.45,GREEN
799209,18.489938,73.827342,27.67,0.00,GREEN
799310,18.489938,73.827342,27.67,1395.69,GREEN
799412,18.489890,73.827305,27.67,6946.95,GREEN
799516,18.489890,73.827305,27.67,5580.90,GREEN
799619,18.489890,73.827305,27.67,5663.11,GREEN
799722,18.489890,73.827305,27.67,2941.30,GREEN
799825,18.489890,73.827305,27.67,1415.44,GREEN
799928,18.489890,73.827305,27.67,10347.99,RED
800031,18.489890,73.827305,24.41,1126.18,GREEN
800132,18.489890,73.827305,24.41,12903.16,RED
800233,18.489890,73.827305,24.41,12612.90,RED
800334,18.489890,73.827305,24.41,8922.82,YELLOW
800437,18.489843,73.827273,24.41,4275.08,GREEN
800540,18.489843,73.827273,24.41,9995.18,YELLOW
800643,18.489843,73.827273,24.41,5182.70,GREEN
800746,18.489843,73.827273,24.41,30433.86,RED
800849,18.489843,73.827273,24.41,12560.49,RED
800952,18.489843,73.827273,21.69,13511.74,RED
801055,18.489843,73.827273,21.69,1736.52,GREEN
801156,18.489843,73.827273,21.69,8698.07,YELLOW
801257,18.489843,73.827273,21.69,9846.31,YELLOW
801358,18.489843,73.827273,21.69,2665.42,GREEN
801462,18.489805,73.827248,21.69,7667.73,YELLOW
801565,18.489805,73.827248,21.69,5449.98,GREEN
801668,18.489805,73.827248,21.69,6640.40,GREEN
801771,18.489805,73.827248,21.69,11580.60,RED
801874,18.489805,73.827248,21.69,7868.41,YELLOW
801977,18.489805,73.827248,18.11,7136.27,YELLOW
802079,18.489805,73.827248,18.11,5788.10,GREEN
802181,18.489805,73.827248,18.11,2664.28,GREEN
802282,18.489805,73.827248,18.11,4377.68,GREEN
802384,18.489805,73.827248,18.11,1287.51,GREEN
802487,18.489767,73.827217,18.11,4056.74,GREEN
802590,18.489767,73.827217,18.11,3109.14,GREEN
802693,18.489767,73.827217,18.11,4420.18,GREEN
802796,18.489767,73.827217,18.11,5312.00,GREEN
802899,18.489767,73.827217,18.11,2057.45,GREEN
803002,18.489767,73.827217,20.37,853.95,GREEN
803104,18.489767,73.827217,20.37,1965.20,GREEN
803205,18.489767,73.827217,20.37,738.58,GREEN
803306,18.489767,73.827217,20.37,2469.00,GREEN
803408,18.489728,73.827190,20.37,6154.23,GREEN
803512,18.489728,73.827190,20.37,8885.81,YELLOW
803615,18.489728,73.827190,20.37,4942.66,GREEN
803718,18.489728,73.827190,20.37,118.63,GREEN
803821,18.489728,73.827190,20.37,1572.14,GREEN
803924,18.489728,73.827190,20.37,888.94,GREEN
804027,18.489728,73.827190,17.74,2344.57,GREEN
804128,18.489728,73.827190,17.74,3154.65,GREEN
804230,18.489728,73.827190,17.74,4913.36,GREEN
804331,18.489728,73.827190,17.74,2767.96,GREEN
804434,18.489698,73.827172,17.74,6489.49,GREEN
804537,18.489698,73.827172,17.74,6510.65,GREEN
804640,18.489698,73.827172,17.74,849.51,GREEN
804743,18.489698,73.827172,17.74,1144.42,GREEN
804846,18.489698,73.827172,17.74,849.48,GREEN
804949,18.489698,73.827172,12.78,3339.74,GREEN
805052,18.489698,73.827172,12.78,1350.20,GREEN
805153,18.489698,73.827172,12.78,3165.12,GREEN
805254,18.489698,73.827172,12.78,1150.71,GREEN
805355,18.489698,73.827172,12.78,1461.34,GREEN
805459,18.489672,73.827155,12.78,354.54,GREEN
805562,18.489672,73.827155,12.78,104.88,GREEN
805665,18.489672,73.827155,12.78,381.26,GREEN
805768,18.489672,73.827155,12.78,375.63,GREEN
805871,18.489672,73.827155,12.78,1443.36,GREEN
805974,18.489672,73.827155,11.22,230.65,GREEN
806076,18.489672,73.827155,11.22,304.33,GREEN
806178,18.489672,73.827155,11.22,544.53,GREEN
806279,18.489672,73.827155,11.22,9.54,GREEN
806381,18.489672,73.827155,11.22,3714.20,GREEN
806484,18.489648,73.827140,11.22,6626.91,GREEN
806587,18.489648,73.827140,11.22,8914.44,YELLOW
806690,18.489648,73.827140,11.22,345.43,GREEN
806793,18.489648,73.827140,11.22,3557.19,GREEN
806896,18.489648,73.827140,11.22,3430.25,GREEN
806999,18.489648,73.827140,10.26,8913.69,YELLOW
807101,18.489648,73.827140,10.26,7634.66,YELLOW
807202,18.489648,73.827140,10.26,6559.79,GREEN
807303,18.489648,73.827140,10.26,6732.25,GREEN
807405,18.489627,73.827125,10.26,9529.53,YELLOW
807509,18.489627,73.827125,10.26,3642.30,GREEN
807612,18.489627,73.827125,10.26,10651.03,RED
807715,18.489627,73.827125,10.26,2745.54,GREEN
807818,18.489627,73.827125,10.26,9206.65,YELLOW
807921,18.489627,73.827125,10.26,11391.61,RED
808024,18.489627,73.827125,9.41,10094.30,RED
808125,18.489627,73.827125,9.41,7830.09,YELLOW
808227,18.489627,73.827125,9.41,6360.34,GREEN
808328,18.489627,73.827125,9.41,4145.10,GREEN
808431,18.489607,73.827115,9.41,8305.64,YELLOW
808534,18.489607,73.827115,9.41,15959.08,RED
808637,18.489607,73.827115,9.41,11943.31,RED
808740,18.489607,73.827115,9.41,6174.95,GREEN
808843,18.489607,73.827115,9.41,7082.16,YELLOW
808946,18.489607,73.827115,8.54,11426.79,RED
809048,18.489607,73.827115,8.54,11865.11,RED
809150,18.489607,73.827115,8.54,10750.88,RED
809251,18.489607,73.827115,8.54,8467.88,YELLOW
809352,18.489607,73.827115,8.54,11155.13,RED
809455,18.489580,73.827098,8.54,11890.63,RED
809558,18.489580,73.827098,8.54,11521.93,RED
809661,18.489580,73.827098,8.54,9019.42,YELLOW
809764,18.489580,73.827098,8.54,2638.36,GREEN
809867,18.489580,73.827098,8.54,8790.72,YELLOW
809970,18.489580,73.827098,12.69,6418.05,GREEN
810072,18.489580,73.827098,12.69,5491.84,GREEN
810174,18.489580,73.827098,12.69,6664.76,GREEN
810275,18.489580,73.827098,12.69,8491.55,YELLOW
810377,18.489580,73.827098,12.69,11404.52,RED
810480,18.489552,73.827082,12.69,8598.36,YELLOW
810583,18.489552,73.827082,12.69,7607.36,YELLOW
810686,18.489552,73.827082,12.69,3989.26,GREEN
810789,18.489552,73.827082,12.69,8967.11,YELLOW
810892,18.489552,73.827082,12.69,16666.41,RED
810995,18.489552,73.827082,13.09,13060.42,RED
811097,18.489552,73.827082,13.09,7535.71,YELLOW
811198,18.489552,73.827082,13.09,6745.63,GREEN
811299,18.489552,73.827082,13.09,4642.56,GREEN
811402,18.489522,73.827060,13.09,3518.34,GREEN
811505,18.489522,73.827060,13.09,2306.20,GREEN
811608,18.489522,73.827060,13.09,7682.92,YELLOW
811711,18.489522,73.827060,13.09,10896.10,RED
811814,18.489522,73.827060,13.09,8593.37,YELLOW
811917,18.489522,73.827060,14.54,325.85,GREEN
812020,18.489522,73.827060,14.54,2946.17,GREEN
812121,18.489522,73.827060,14.54,5594.59,GREEN
812222,18.489522,73.827060,14.54,3190.08,GREEN
812323,18.489522,73.827060,14.54,5194.29,GREEN
812426,18.489488,73.827038,14.54,5310.26,GREEN
812529,18.489488,73.827038,14.54,6724.98,GREEN
812632,18.489488,73.827038,14.54,9192.09,YELLOW
812735,18.489488,73.827038,14.54,2060.35,GREEN
812838,18.489488,73.827038,14.54,1412.66,GREEN
812941,18.489488,73.827038,15.65,2103.30,GREEN
813044,18.489488,73.827038,15.65,9864.97,YELLOW
813145,18.489488,73.827038,15.65,11820.20,RED
813246,18.489488,73.827038,15.65,2812.10,GREEN
813348,18.489488,73.827038,15.65,3715.01,GREEN
813451,18.489457,73.827023,15.65,2557.46,GREEN
813554,18.489457,73.827023,15.65,7456.98,YELLOW
813657,18.489457,73.827023,15.65,1334.53,GREEN
813760,18.489457,73.827023,15.65,2686.28,GREEN
813863,18.489457,73.827023,15.65,907.83,GREEN
813966,18.489457,73.827023,13.15,369.97,GREEN
814068,18.489457,73.827023,13.15,1370.41,GREEN
814169,18.489457,73.827023,13.15,772.37,GREEN
814270,18.489457,73.827023,13.15,609.13,GREEN
814372,18.489457,73.827023,13.15,514.82,GREEN
814475,18.489430,73.827013,13.15,0.00,GREEN
814578,18.489430,73.827013,13.15,2617.00,GREEN
814681,18.489430,73.827013,13.15,1515.99,GREEN
814784,18.489430,73.827013,13.15,4586.66,GREEN
814887,18.489430,73.827013,13.15,2890.43,GREEN
814990,18.489430,73.827013,10.41,1213.17,GREEN
815092,18.489430,73.827013,10.41,437.39,GREEN
815193,18.489430,73.827013,10.41,0.00,GREEN
815294,18.489430,73.827013,10.41,1833.17,GREEN
815397,18.489407,73.827012,10.41,1268.96,GREEN
815500,18.489407,73.827012,10.41,3107.45,GREEN
815603,18.489407,73.827012,10.41,1839.63,GREEN
815706,18.489407,73.827012,10.41,1874.86,GREEN
815809,18.489407,73.827012,10.41,49.62,GREEN
815912,18.489407,73.827012,10.41,1022.66,GREEN
816015,18.489407,73.827012,9.65,3949.31,GREEN
816116,18.489407,73.827012,9.65,915.06,GREEN
816217,18.489407,73.827012,9.65,1286.08,GREEN
816318,18.489407,73.827012,9.65,3766.37,GREEN
816421,18.489388,73.827008,9.65,3630.57,GREEN
816524,18.489388,73.827008,9.65,2303.05,GREEN
816627,18.489388,73.827008,9.65,336.04,GREEN
816730,18.489388,73.827008,9.65,2612.34,GREEN
816833,18.489388,73.827008,9.65,4500.91,GREEN
816936,18.489388,73.827008,7.50,1598.54,GREEN
817039,18.489388,73.827008,7.50,593.84,GREEN
817140,18.489388,73.827008,7.50,0.00,GREEN
817241,18.489388,73.827008,7.50,943.73,GREEN
817342,18.489388,73.827008,7.50,1156.77,GREEN
817446,18.489375,73.827005,7.50,2277.60,GREEN
817549,18.489375,73.827005,7.50,1061.10,GREEN
817652,18.489375,73.827005,7.50,0.00,GREEN
817755,18.489375,73.827005,7.50,1509.88,GREEN
817858,18.489375,73.827005,7.50,1180.85,GREEN
817961,18.489375,73.827005,5.19,475.69,GREEN
818063,18.489375,73.827005,5.19,0.00,GREEN
818164,18.489375,73.827005,5.19,904.24,GREEN
818265,18.489375,73.827005,5.19,1052.06,GREEN
818367,18.489375,73.827005,5.19,2281.61,GREEN
818470,18.489363,73.827002,5.19,1192.91,GREEN
818573,18.489363,73.827002,5.19,3957.96,GREEN
818676,18.489363,73.827002,5.19,815.82,GREEN
818779,18.489363,73.827002,5.19,152.34,GREEN
818882,18.489363,73.827002,5.19,0.00,GREEN
818985,18.489363,73.827002,4.46,0.00,GREEN
819087,18.489363,73.827002,4.46,81.33,GREEN
819188,18.489363,73.827002,4.46,982.27,GREEN
819289,18.489363,73.827002,4.46,426.63,GREEN
819391,18.489353,73.826997,4.46,0.00,GREEN
819495,18.489353,73.826997,4.46,415.94,GREEN
819598,18.489353,73.826997,4.46,423.48,GREEN
819701,18.489353,73.826997,4.46,48.57,GREEN
819804,18.489353,73.826997,4.46,45.12,GREEN
819907,18.489353,73.826997,4.46,0.00,GREEN
820010,18.489353,73.826997,4.00,382.65,GREEN
820111,18.489353,73.826997,4.00,89.48,GREEN
820212,18.489353,73.826997,4.00,0.00,GREEN
